"id","title","category","height_cm","price","diameter_cm","branches","offer","discount_pct","photos","active","description"
"1","Миранда","Зелёная","185","31000","110","955","44286","-30","https://lady-elka.ru/d/img_1948.jpg | https://lady-elka.ru/d/img_1949.jpg | https://mgnotvaahftrbifqtahf.supabase.co/storage/v1/object/public/le-catalog-images/b5bfba10-02a4-4996-9b5c-da38fb0e600d.webp | https://mgnotvaahftrbifqtahf.supabase.co/storage/v1/object/public/le-catalog-images/206bfa3d-6199-4b74-8b24-a25ff8f2e867.webp | https://mgnotvaahftrbifqtahf.supabase.co/storage/v1/object/public/le-catalog-images/0b5b3a49-1338-47e7-944b-00a2dda98af7.webp | https://mgnotvaahftrbifqtahf.supabase.co/storage/v1/object/public/le-catalog-images/1c557ca7-7b46-4ea8-94b8-a729290cce25.webp | https://lady-elka.ru/d/photo_2025-09-06_22-17-08.jpg | https://lady-elka.ru/d/photo_2026-09-10_11-29-07.jpg | https://mgnotvaahftrbifqtahf.supabase.co/storage/v1/object/public/le-catalog-images/741b65c8-ded4-427e-8a93-05274f48b0b6.webp | https://lady-elka.ru/d/photo_2025-09-05_20-54-23.jpg | https://lady-elka.ru/d/photo_2025-09-05_20-54-18.jpg","TRUE","Хвоя зеленая, плавно переходящая в светлый тон на концах. Разная длина и уровень расположения веточек приближает Миранду к настоящей лесной красавице"
"1","Миранда","Зелёная","215","42000","126","1315","60000","-30","https://lady-elka.ru/d/img_1948.jpg | https://lady-elka.ru/d/img_1949.jpg | https://mgnotvaahftrbifqtahf.supabase.co/storage/v1/object/public/le-catalog-images/b5bfba10-02a4-4996-9b5c-da38fb0e600d.webp | https://mgnotvaahftrbifqtahf.supabase.co/storage/v1/object/public/le-catalog-images/206bfa3d-6199-4b74-8b24-a25ff8f2e867.webp | https://mgnotvaahftrbifqtahf.supabase.co/storage/v1/object/public/le-catalog-images/0b5b3a49-1338-47e7-944b-00a2dda98af7.webp | https://mgnotvaahftrbifqtahf.supabase.co/storage/v1/object/public/le-catalog-images/1c557ca7-7b46-4ea8-94b8-a729290cce25.webp | https://lady-elka.ru/d/photo_2025-09-06_22-17-08.jpg | https://lady-elka.ru/d/photo_2026-09-10_11-29-07.jpg | https://mgnotvaahftrbifqtahf.supabase.co/storage/v1/object/public/le-catalog-images/741b65c8-ded4-427e-8a93-05274f48b0b6.webp | https://lady-elka.ru/d/photo_2025-09-05_20-54-23.jpg | https://lady-elka.ru/d/photo_2025-09-05_20-54-18.jpg","TRUE","Хвоя зеленая, плавно переходящая в светлый тон на концах. Разная длина и уровень расположения веточек приближает Миранду к настоящей лесной красавице"
"1","Миранда","Зелёная","230","51000","134","1585","72858","-30","https://lady-elka.ru/d/img_1948.jpg | https://lady-elka.ru/d/img_1949.jpg | https://mgnotvaahftrbifqtahf.supabase.co/storage/v1/object/public/le-catalog-images/b5bfba10-02a4-4996-9b5c-da38fb0e600d.webp | https://mgnotvaahftrbifqtahf.supabase.co/storage/v1/object/public/le-catalog-images/206bfa3d-6199-4b74-8b24-a25ff8f2e867.webp | https://mgnotvaahftrbifqtahf.supabase.co/storage/v1/object/public/le-catalog-images/0b5b3a49-1338-47e7-944b-00a2dda98af7.webp | https://mgnotvaahftrbifqtahf.supabase.co/storage/v1/object/public/le-catalog-images/1c557ca7-7b46-4ea8-94b8-a729290cce25.webp | https://lady-elka.ru/d/photo_2025-09-06_22-17-08.jpg | https://lady-elka.ru/d/photo_2026-09-10_11-29-07.jpg | https://mgnotvaahftrbifqtahf.supabase.co/storage/v1/object/public/le-catalog-images/741b65c8-ded4-427e-8a93-05274f48b0b6.webp | https://lady-elka.ru/d/photo_2025-09-05_20-54-23.jpg | https://lady-elka.ru/d/photo_2025-09-05_20-54-18.jpg","TRUE","Хвоя зеленая, плавно переходящая в светлый тон на концах. Разная длина и уровень расположения веточек приближает Миранду к настоящей лесной красавице"
"1","Миранда","Зелёная","250","59000","140","1873","84286","-30","https://lady-elka.ru/d/img_1948.jpg | https://lady-elka.ru/d/img_1949.jpg | https://mgnotvaahftrbifqtahf.supabase.co/storage/v1/object/public/le-catalog-images/b5bfba10-02a4-4996-9b5c-da38fb0e600d.webp | https://mgnotvaahftrbifqtahf.supabase.co/storage/v1/object/public/le-catalog-images/206bfa3d-6199-4b74-8b24-a25ff8f2e867.webp | https://mgnotvaahftrbifqtahf.supabase.co/storage/v1/object/public/le-catalog-images/0b5b3a49-1338-47e7-944b-00a2dda98af7.webp | https://mgnotvaahftrbifqtahf.supabase.co/storage/v1/object/public/le-catalog-images/1c557ca7-7b46-4ea8-94b8-a729290cce25.webp | https://lady-elka.ru/d/photo_2025-09-06_22-17-08.jpg | https://lady-elka.ru/d/photo_2026-09-10_11-29-07.jpg | https://mgnotvaahftrbifqtahf.supabase.co/storage/v1/object/public/le-catalog-images/741b65c8-ded4-427e-8a93-05274f48b0b6.webp | https://lady-elka.ru/d/photo_2025-09-05_20-54-23.jpg | https://lady-elka.ru/d/photo_2025-09-05_20-54-18.jpg","TRUE","Хвоя зеленая, плавно переходящая в светлый тон на концах. Разная длина и уровень расположения веточек приближает Миранду к настоящей лесной красавице"
"1","Миранда","Зелёная","270","81000","146","2431","115715","-30","https://lady-elka.ru/d/img_1948.jpg | https://lady-elka.ru/d/img_1949.jpg | https://mgnotvaahftrbifqtahf.supabase.co/storage/v1/object/public/le-catalog-images/b5bfba10-02a4-4996-9b5c-da38fb0e600d.webp | https://mgnotvaahftrbifqtahf.supabase.co/storage/v1/object/public/le-catalog-images/206bfa3d-6199-4b74-8b24-a25ff8f2e867.webp | https://mgnotvaahftrbifqtahf.supabase.co/storage/v1/object/public/le-catalog-images/0b5b3a49-1338-47e7-944b-00a2dda98af7.webp | https://mgnotvaahftrbifqtahf.supabase.co/storage/v1/object/public/le-catalog-images/1c557ca7-7b46-4ea8-94b8-a729290cce25.webp | https://lady-elka.ru/d/photo_2025-09-06_22-17-08.jpg | https://lady-elka.ru/d/photo_2026-09-10_11-29-07.jpg | https://mgnotvaahftrbifqtahf.supabase.co/storage/v1/object/public/le-catalog-images/741b65c8-ded4-427e-8a93-05274f48b0b6.webp | https://lady-elka.ru/d/photo_2025-09-05_20-54-23.jpg | https://lady-elka.ru/d/photo_2025-09-05_20-54-18.jpg","TRUE","Хвоя зеленая, плавно переходящая в светлый тон на концах. Разная длина и уровень расположения веточек приближает Миранду к настоящей лесной красавице"
"1","Миранда","С освещением","185","37400","110","955","53429","-30","https://mgnotvaahftrbifqtahf.supabase.co/storage/v1/object/public/le-catalog-images/1adfc32c-4ccf-4c33-a0ba-2c8143d993c6.webp | https://lady-elka.ru/d/photo_2025-09-05_20-57-25.jpg | https://lady-elka.ru/d/photo_2025-09-05_20-57-30.jpg | https://lady-elka.ru/d/photo_2025-09-05_20-54-23.jpg | https://lady-elka.ru/d/photo_2025-09-05_20-54-18.jpg","TRUE","Хвоя зеленая, плавно переходящая в светлый тон на концах. Разная длина и уровень расположения веточек приближает Миранду к настоящей лесной красавице. Дополнена встроенной гирляндой теплого свечения, без режимов мигания"
"1","Миранда","С освещением","215","56000","126","1315","80000","-30","https://mgnotvaahftrbifqtahf.supabase.co/storage/v1/object/public/le-catalog-images/1adfc32c-4ccf-4c33-a0ba-2c8143d993c6.webp | https://lady-elka.ru/d/photo_2025-09-05_20-57-25.jpg | https://lady-elka.ru/d/photo_2025-09-05_20-57-30.jpg | https://lady-elka.ru/d/photo_2025-09-05_20-54-23.jpg | https://lady-elka.ru/d/photo_2025-09-05_20-54-18.jpg","TRUE","Хвоя зеленая, плавно переходящая в светлый тон на концах. Разная длина и уровень расположения веточек приближает Миранду к настоящей лесной красавице. Дополнена встроенной гирляндой теплого свечения, без режимов мигания"
"1","Миранда","С освещением","230","64000","134","1585","91429","-30","https://mgnotvaahftrbifqtahf.supabase.co/storage/v1/object/public/le-catalog-images/1adfc32c-4ccf-4c33-a0ba-2c8143d993c6.webp | https://lady-elka.ru/d/photo_2025-09-05_20-57-25.jpg | https://lady-elka.ru/d/photo_2025-09-05_20-57-30.jpg | https://lady-elka.ru/d/photo_2025-09-05_20-54-23.jpg | https://lady-elka.ru/d/photo_2025-09-05_20-54-18.jpg","TRUE","Хвоя зеленая, плавно переходящая в светлый тон на концах. Разная длина и уровень расположения веточек приближает Миранду к настоящей лесной красавице. Дополнена встроенной гирляндой теплого свечения, без режимов мигания"
"1","Миранда","С освещением","250","76000","140","1873","108572","-30","https://mgnotvaahftrbifqtahf.supabase.co/storage/v1/object/public/le-catalog-images/1adfc32c-4ccf-4c33-a0ba-2c8143d993c6.webp | https://lady-elka.ru/d/photo_2025-09-05_20-57-25.jpg | https://lady-elka.ru/d/photo_2025-09-05_20-57-30.jpg | https://lady-elka.ru/d/photo_2025-09-05_20-54-23.jpg | https://lady-elka.ru/d/photo_2025-09-05_20-54-18.jpg","TRUE","Хвоя зеленая, плавно переходящая в светлый тон на концах. Разная длина и уровень расположения веточек приближает Миранду к настоящей лесной красавице. Дополнена встроенной гирляндой теплого свечения, без режимов мигания"
"1","Миранда","С освещением","270","105000","146","2431","150000","-30","https://mgnotvaahftrbifqtahf.supabase.co/storage/v1/object/public/le-catalog-images/1adfc32c-4ccf-4c33-a0ba-2c8143d993c6.webp | https://lady-elka.ru/d/photo_2025-09-05_20-57-25.jpg | https://lady-elka.ru/d/photo_2025-09-05_20-57-30.jpg | https://lady-elka.ru/d/photo_2025-09-05_20-54-23.jpg | https://lady-elka.ru/d/photo_2025-09-05_20-54-18.jpg","TRUE","Хвоя зеленая, плавно переходящая в светлый тон на концах. Разная длина и уровень расположения веточек приближает Миранду к настоящей лесной красавице. Дополнена встроенной гирляндой теплого свечения, без режимов мигания"
"1","Миранда","Заснеженная","185","35000","110","955","50000","-30","https://mgnotvaahftrbifqtahf.supabase.co/storage/v1/object/public/le-catalog-images/7cb3f523-0a40-45c6-aa2a-e77ea4dd0dd4.webp | https://lady-elka.ru/d/img_1955.jpg | https://lady-elka.ru/d/img_1956.jpg | https://lady-elka.ru/d/photo_2026-09-10_11-29-06.jpg | https://mgnotvaahftrbifqtahf.supabase.co/storage/v1/object/public/le-catalog-images/f767fa80-8877-4a40-9338-af2292e4d7b5.webp | https://mgnotvaahftrbifqtahf.supabase.co/storage/v1/object/public/le-catalog-images/8e3af3f8-9b23-46ab-abe7-04bf10e6fe22.webp | https://lady-elka.ru/d/img_1935.jpg | https://lady-elka.ru/d/photo_2025-09-05_21-13-00.jpg","TRUE","Хлопковое напыление на ветвях создает впечатление выпавшего рыхлого снега. Разная длина и уровень расположения веточек приближает Миранду к настоящей лесной красавице"
"1","Миранда","Заснеженная","215","49000","126","1315","70000","-30","https://mgnotvaahftrbifqtahf.supabase.co/storage/v1/object/public/le-catalog-images/7cb3f523-0a40-45c6-aa2a-e77ea4dd0dd4.webp | https://lady-elka.ru/d/img_1955.jpg | https://lady-elka.ru/d/img_1956.jpg | https://lady-elka.ru/d/photo_2026-09-10_11-29-06.jpg | https://mgnotvaahftrbifqtahf.supabase.co/storage/v1/object/public/le-catalog-images/f767fa80-8877-4a40-9338-af2292e4d7b5.webp | https://mgnotvaahftrbifqtahf.supabase.co/storage/v1/object/public/le-catalog-images/8e3af3f8-9b23-46ab-abe7-04bf10e6fe22.webp | https://lady-elka.ru/d/img_1935.jpg | https://lady-elka.ru/d/photo_2025-09-05_21-13-00.jpg","TRUE","Хлопковое напыление на ветвях создает впечатление выпавшего рыхлого снега. Разная длина и уровень расположения веточек приближает Миранду к настоящей лесной красавице"
"1","Миранда","Заснеженная","230","56000","134","1585","80000","-30","https://mgnotvaahftrbifqtahf.supabase.co/storage/v1/object/public/le-catalog-images/7cb3f523-0a40-45c6-aa2a-e77ea4dd0dd4.webp | https://lady-elka.ru/d/img_1955.jpg | https://lady-elka.ru/d/img_1956.jpg | https://lady-elka.ru/d/photo_2026-09-10_11-29-06.jpg | https://mgnotvaahftrbifqtahf.supabase.co/storage/v1/object/public/le-catalog-images/f767fa80-8877-4a40-9338-af2292e4d7b5.webp | https://mgnotvaahftrbifqtahf.supabase.co/storage/v1/object/public/le-catalog-images/8e3af3f8-9b23-46ab-abe7-04bf10e6fe22.webp | https://lady-elka.ru/d/img_1935.jpg | https://lady-elka.ru/d/photo_2025-09-05_21-13-00.jpg","TRUE","Хлопковое напыление на ветвях создает впечатление выпавшего рыхлого снега. Разная длина и уровень расположения веточек приближает Миранду к настоящей лесной красавице"
"1","Миранда","Заснеженная","250","64000","140","1873","91429","-30","https://mgnotvaahftrbifqtahf.supabase.co/storage/v1/object/public/le-catalog-images/7cb3f523-0a40-45c6-aa2a-e77ea4dd0dd4.webp | https://lady-elka.ru/d/img_1955.jpg | https://lady-elka.ru/d/img_1956.jpg | https://lady-elka.ru/d/photo_2026-09-10_11-29-06.jpg | https://mgnotvaahftrbifqtahf.supabase.co/storage/v1/object/public/le-catalog-images/f767fa80-8877-4a40-9338-af2292e4d7b5.webp | https://mgnotvaahftrbifqtahf.supabase.co/storage/v1/object/public/le-catalog-images/8e3af3f8-9b23-46ab-abe7-04bf10e6fe22.webp | https://lady-elka.ru/d/img_1935.jpg | https://lady-elka.ru/d/photo_2025-09-05_21-13-00.jpg","TRUE","Хлопковое напыление на ветвях создает впечатление выпавшего рыхлого снега. Разная длина и уровень расположения веточек приближает Миранду к настоящей лесной красавице"
"1","Миранда","Заснеженная с освещением","185","42944","110","955","61349","-30","https://mgnotvaahftrbifqtahf.supabase.co/storage/v1/object/public/le-catalog-images/c7767e78-a593-4fe7-a771-dee5ff0c7b0d.webp | https://mgnotvaahftrbifqtahf.supabase.co/storage/v1/object/public/le-catalog-images/a6819a90-8029-4cef-8c60-d8361bb455c6.webp | https://lady-elka.ru/d/photo_2025-09-05_20-58-42.jpg | https://mgnotvaahftrbifqtahf.supabase.co/storage/v1/object/public/le-catalog-images/5e8c5a14-e0c4-4338-b77a-d2d004f1d105.webp | https://lady-elka.ru/d/img_1935.jpg | https://lady-elka.ru/d/photo_2025-09-05_21-13-00.jpg","TRUE","Хлопковое напыление на ветвях создает впечатление выпавшего рыхлого снега. Разная длина и уровень расположения веточек приближает Миранду к настоящей лесной красавице. Дополнена встроенной гирляндой теплого свечения, без режимов мигания"
"1","Миранда","Заснеженная с освещением","215","55000","126","1315","78572","-30","https://mgnotvaahftrbifqtahf.supabase.co/storage/v1/object/public/le-catalog-images/c7767e78-a593-4fe7-a771-dee5ff0c7b0d.webp | https://mgnotvaahftrbifqtahf.supabase.co/storage/v1/object/public/le-catalog-images/a6819a90-8029-4cef-8c60-d8361bb455c6.webp | https://lady-elka.ru/d/photo_2025-09-05_20-58-42.jpg | https://mgnotvaahftrbifqtahf.supabase.co/storage/v1/object/public/le-catalog-images/5e8c5a14-e0c4-4338-b77a-d2d004f1d105.webp | https://lady-elka.ru/d/img_1935.jpg | https://lady-elka.ru/d/photo_2025-09-05_21-13-00.jpg","TRUE","Хлопковое напыление на ветвях создает впечатление выпавшего рыхлого снега. Разная длина и уровень расположения веточек приближает Миранду к настоящей лесной красавице. Дополнена встроенной гирляндой теплого свечения, без режимов мигания"
"1","Миранда","Заснеженная с освещением","230","67100","134","1585","95858","-30","https://mgnotvaahftrbifqtahf.supabase.co/storage/v1/object/public/le-catalog-images/c7767e78-a593-4fe7-a771-dee5ff0c7b0d.webp | https://mgnotvaahftrbifqtahf.supabase.co/storage/v1/object/public/le-catalog-images/a6819a90-8029-4cef-8c60-d8361bb455c6.webp | https://lady-elka.ru/d/photo_2025-09-05_20-58-42.jpg | https://mgnotvaahftrbifqtahf.supabase.co/storage/v1/object/public/le-catalog-images/5e8c5a14-e0c4-4338-b77a-d2d004f1d105.webp | https://lady-elka.ru/d/img_1935.jpg | https://lady-elka.ru/d/photo_2025-09-05_21-13-00.jpg","TRUE","Хлопковое напыление на ветвях создает впечатление выпавшего рыхлого снега. Разная длина и уровень расположения веточек приближает Миранду к настоящей лесной красавице. Дополнена встроенной гирляндой теплого свечения, без режимов мигания"
"1","Миранда","Заснеженная с освещением","250","99979","140","1873","142828","-30","https://mgnotvaahftrbifqtahf.supabase.co/storage/v1/object/public/le-catalog-images/c7767e78-a593-4fe7-a771-dee5ff0c7b0d.webp | https://mgnotvaahftrbifqtahf.supabase.co/storage/v1/object/public/le-catalog-images/a6819a90-8029-4cef-8c60-d8361bb455c6.webp | https://lady-elka.ru/d/photo_2025-09-05_20-58-42.jpg | https://mgnotvaahftrbifqtahf.supabase.co/storage/v1/object/public/le-catalog-images/5e8c5a14-e0c4-4338-b77a-d2d004f1d105.webp | https://lady-elka.ru/d/img_1935.jpg | https://lady-elka.ru/d/photo_2025-09-05_21-13-00.jpg","TRUE","Хлопковое напыление на ветвях создает впечатление выпавшего рыхлого снега. Разная длина и уровень расположения веточек приближает Миранду к настоящей лесной красавице. Дополнена встроенной гирляндой теплого свечения, без режимов мигания"
"10","Сильвия","Зелёная","150","16000","98","457","22858","-30","https://lady-elka.ru/d/photo_2025-09-06_21-40-16.jpg | https://lady-elka.ru/d/photo_2025-09-06_21-40-09.jpg | https://mgnotvaahftrbifqtahf.supabase.co/storage/v1/object/public/le-catalog-images/cdaa0202-570a-4199-9fc2-cde78340899a.webp | https://lady-elka.ru/d/photo_2025-09-05_20-54-23.jpg | https://lady-elka.ru/d/photo_2025-09-05_20-54-18.jpg","TRUE","Самое главное отличие Сильвии — двухцветные ветки, зеленые у основания и голубые на кончиках. Компактный нижний диаметр позволяет устанавливать елочку как в просторных, так и в небольших помещениях"
"10","Сильвия","Зелёная","185","24000","110","793","34286","-30","https://lady-elka.ru/d/photo_2025-09-06_21-40-16.jpg | https://lady-elka.ru/d/photo_2025-09-06_21-40-09.jpg | https://mgnotvaahftrbifqtahf.supabase.co/storage/v1/object/public/le-catalog-images/cdaa0202-570a-4199-9fc2-cde78340899a.webp | https://lady-elka.ru/d/photo_2025-09-05_20-54-23.jpg | https://lady-elka.ru/d/photo_2025-09-05_20-54-18.jpg","TRUE","Самое главное отличие Сильвии — двухцветные ветки, зеленые у основания и голубые на кончиках. Компактный нижний диаметр позволяет устанавливать елочку как в просторных, так и в небольших помещениях"
"10","Сильвия","Зелёная","215","38000","126","1163","54286","-30","https://lady-elka.ru/d/photo_2025-09-06_21-40-16.jpg | https://lady-elka.ru/d/photo_2025-09-06_21-40-09.jpg | https://mgnotvaahftrbifqtahf.supabase.co/storage/v1/object/public/le-catalog-images/cdaa0202-570a-4199-9fc2-cde78340899a.webp | https://lady-elka.ru/d/photo_2025-09-05_20-54-23.jpg | https://lady-elka.ru/d/photo_2025-09-05_20-54-18.jpg","TRUE","Самое главное отличие Сильвии — двухцветные ветки, зеленые у основания и голубые на кончиках. Компактный нижний диаметр позволяет устанавливать елочку как в просторных, так и в небольших помещениях"
"10","Сильвия","Зелёная","230","46000","134","1403","65715","-30","https://lady-elka.ru/d/photo_2025-09-06_21-40-16.jpg | https://lady-elka.ru/d/photo_2025-09-06_21-40-09.jpg | https://mgnotvaahftrbifqtahf.supabase.co/storage/v1/object/public/le-catalog-images/cdaa0202-570a-4199-9fc2-cde78340899a.webp | https://lady-elka.ru/d/photo_2025-09-05_20-54-23.jpg | https://lady-elka.ru/d/photo_2025-09-05_20-54-18.jpg","TRUE","Самое главное отличие Сильвии — двухцветные ветки, зеленые у основания и голубые на кончиках. Компактный нижний диаметр позволяет устанавливать елочку как в просторных, так и в небольших помещениях"
"10","Сильвия","Зелёная","250","54000","140","1843","77143","-30","https://lady-elka.ru/d/photo_2025-09-06_21-40-16.jpg | https://lady-elka.ru/d/photo_2025-09-06_21-40-09.jpg | https://mgnotvaahftrbifqtahf.supabase.co/storage/v1/object/public/le-catalog-images/cdaa0202-570a-4199-9fc2-cde78340899a.webp | https://lady-elka.ru/d/photo_2025-09-05_20-54-23.jpg | https://lady-elka.ru/d/photo_2025-09-05_20-54-18.jpg","TRUE","Самое главное отличие Сильвии — двухцветные ветки, зеленые у основания и голубые на кончиках. Компактный нижний диаметр позволяет устанавливать елочку как в просторных, так и в небольших помещениях"
"10","Сильвия","Зелёная","270","66000","146","2123","94286","-30","https://lady-elka.ru/d/photo_2025-09-06_21-40-16.jpg | https://lady-elka.ru/d/photo_2025-09-06_21-40-09.jpg | https://mgnotvaahftrbifqtahf.supabase.co/storage/v1/object/public/le-catalog-images/cdaa0202-570a-4199-9fc2-cde78340899a.webp | https://lady-elka.ru/d/photo_2025-09-05_20-54-23.jpg | https://lady-elka.ru/d/photo_2025-09-05_20-54-18.jpg","TRUE","Самое главное отличие Сильвии — двухцветные ветки, зеленые у основания и голубые на кончиках. Компактный нижний диаметр позволяет устанавливать елочку как в просторных, так и в небольших помещениях"
"11","Венди","Зелёная","150","15000","90","340","21429","-30","https://mgnotvaahftrbifqtahf.supabase.co/storage/v1/object/public/le-catalog-images/5dcf6c05-62a4-4e7f-a1f2-f22da2346a63.webp | https://lady-elka.ru/d/photo_2025-09-05_20-54-23.jpg | https://lady-elka.ru/d/photo_2025-09-05_20-54-18.jpg","TRUE","Самая узкая модель в магазине «Леди-Елка». Очень плотная густая хвоя и идеальная симметрия ветвей. Именно она сможет по-настоящему украсить спальню, детскую комнату или квартиру-студию"
"11","Венди","Зелёная","180","18700","98","484","26715","-30","https://mgnotvaahftrbifqtahf.supabase.co/storage/v1/object/public/le-catalog-images/5dcf6c05-62a4-4e7f-a1f2-f22da2346a63.webp | https://lady-elka.ru/d/photo_2025-09-05_20-54-23.jpg | https://lady-elka.ru/d/photo_2025-09-05_20-54-18.jpg","TRUE","Самая узкая модель в магазине «Леди-Елка». Очень плотная густая хвоя и идеальная симметрия ветвей. Именно она сможет по-настоящему украсить спальню, детскую комнату или квартиру-студию"
"11","Венди","Зелёная","210","25000","104","664","35715","-30","https://mgnotvaahftrbifqtahf.supabase.co/storage/v1/object/public/le-catalog-images/5dcf6c05-62a4-4e7f-a1f2-f22da2346a63.webp | https://lady-elka.ru/d/photo_2025-09-05_20-54-23.jpg | https://lady-elka.ru/d/photo_2025-09-05_20-54-18.jpg","TRUE","Самая узкая модель в магазине «Леди-Елка». Очень плотная густая хвоя и идеальная симметрия ветвей. Именно она сможет по-настоящему украсить спальню, детскую комнату или квартиру-студию"
"11","Венди","Зелёная","230","32000","110","832","45715","-30","https://mgnotvaahftrbifqtahf.supabase.co/storage/v1/object/public/le-catalog-images/5dcf6c05-62a4-4e7f-a1f2-f22da2346a63.webp | https://lady-elka.ru/d/photo_2025-09-05_20-54-23.jpg | https://lady-elka.ru/d/photo_2025-09-05_20-54-18.jpg","TRUE","Самая узкая модель в магазине «Леди-Елка». Очень плотная густая хвоя и идеальная симметрия ветвей. Именно она сможет по-настоящему украсить спальню, детскую комнату или квартиру-студию"
"11","Венди","Зелёная","250","43000","122","1192","61429","-30","https://mgnotvaahftrbifqtahf.supabase.co/storage/v1/object/public/le-catalog-images/5dcf6c05-62a4-4e7f-a1f2-f22da2346a63.webp | https://lady-elka.ru/d/photo_2025-09-05_20-54-23.jpg | https://lady-elka.ru/d/photo_2025-09-05_20-54-18.jpg","TRUE","Самая узкая модель в магазине «Леди-Елка». Очень плотная густая хвоя и идеальная симметрия ветвей. Именно она сможет по-настоящему украсить спальню, детскую комнату или квартиру-студию"
"11","Венди","Зелёная","270","51000","128","1384","72858","-30","https://mgnotvaahftrbifqtahf.supabase.co/storage/v1/object/public/le-catalog-images/5dcf6c05-62a4-4e7f-a1f2-f22da2346a63.webp | https://lady-elka.ru/d/photo_2025-09-05_20-54-23.jpg | https://lady-elka.ru/d/photo_2025-09-05_20-54-18.jpg","TRUE","Самая узкая модель в магазине «Леди-Елка». Очень плотная густая хвоя и идеальная симметрия ветвей. Именно она сможет по-настоящему украсить спальню, детскую комнату или квартиру-студию"
"11","Венди","Зелёная","300","66000","140","1888","94286","-30","https://mgnotvaahftrbifqtahf.supabase.co/storage/v1/object/public/le-catalog-images/5dcf6c05-62a4-4e7f-a1f2-f22da2346a63.webp | https://lady-elka.ru/d/photo_2025-09-05_20-54-23.jpg | https://lady-elka.ru/d/photo_2025-09-05_20-54-18.jpg","TRUE","Самая узкая модель в магазине «Леди-Елка». Очень плотная густая хвоя и идеальная симметрия ветвей. Именно она сможет по-настоящему украсить спальню, детскую комнату или квартиру-студию"
"11","Венди","Заснеженная","150","18000","90","340","25715","-30","https://lady-elka.ru/d/photo_2025-09-06_21-45-47.jpg | https://mgnotvaahftrbifqtahf.supabase.co/storage/v1/object/public/le-catalog-images/3479f158-94db-4c02-9fc5-98d8fdd08c94.webp | https://mgnotvaahftrbifqtahf.supabase.co/storage/v1/object/public/le-catalog-images/14abdee1-f1b3-45b1-9795-bdbb5af04095.webp | https://lady-elka.ru/d/photo_2025-09-06_21-45-53.jpg | https://lady-elka.ru/d/img_1935.jpg | https://lady-elka.ru/d/photo_2025-09-05_21-13-00.jpg","TRUE","Самая узкая модель в магазине «Леди-Елка». Очень плотная густая хвоя и идеальная симметрия ветвей. Именно она сможет по-настоящему украсить спальню, детскую комнату или квартиру-студию"
"11","Венди","Заснеженная","180","22000","98","484","31429","-30","https://lady-elka.ru/d/photo_2025-09-06_21-45-47.jpg | https://mgnotvaahftrbifqtahf.supabase.co/storage/v1/object/public/le-catalog-images/3479f158-94db-4c02-9fc5-98d8fdd08c94.webp | https://mgnotvaahftrbifqtahf.supabase.co/storage/v1/object/public/le-catalog-images/14abdee1-f1b3-45b1-9795-bdbb5af04095.webp | https://lady-elka.ru/d/photo_2025-09-06_21-45-53.jpg | https://lady-elka.ru/d/img_1935.jpg | https://lady-elka.ru/d/photo_2025-09-05_21-13-00.jpg","TRUE","Самая узкая модель в магазине «Леди-Елка». Очень плотная густая хвоя и идеальная симметрия ветвей. Именно она сможет по-настоящему украсить спальню, детскую комнату или квартиру-студию"
"11","Венди","Заснеженная","210","35000","104","664","50000","-30","https://lady-elka.ru/d/photo_2025-09-06_21-45-47.jpg | https://mgnotvaahftrbifqtahf.supabase.co/storage/v1/object/public/le-catalog-images/3479f158-94db-4c02-9fc5-98d8fdd08c94.webp | https://mgnotvaahftrbifqtahf.supabase.co/storage/v1/object/public/le-catalog-images/14abdee1-f1b3-45b1-9795-bdbb5af04095.webp | https://lady-elka.ru/d/photo_2025-09-06_21-45-53.jpg | https://lady-elka.ru/d/img_1935.jpg | https://lady-elka.ru/d/photo_2025-09-05_21-13-00.jpg","TRUE","Самая узкая модель в магазине «Леди-Елка». Очень плотная густая хвоя и идеальная симметрия ветвей. Именно она сможет по-настоящему украсить спальню, детскую комнату или квартиру-студию"
"11","Венди","Заснеженная","230","43000","110","832","61429","-30","https://lady-elka.ru/d/photo_2025-09-06_21-45-47.jpg | https://mgnotvaahftrbifqtahf.supabase.co/storage/v1/object/public/le-catalog-images/3479f158-94db-4c02-9fc5-98d8fdd08c94.webp | https://mgnotvaahftrbifqtahf.supabase.co/storage/v1/object/public/le-catalog-images/14abdee1-f1b3-45b1-9795-bdbb5af04095.webp | https://lady-elka.ru/d/photo_2025-09-06_21-45-53.jpg | https://lady-elka.ru/d/img_1935.jpg | https://lady-elka.ru/d/photo_2025-09-05_21-13-00.jpg","TRUE","Самая узкая модель в магазине «Леди-Елка». Очень плотная густая хвоя и идеальная симметрия ветвей. Именно она сможет по-настоящему украсить спальню, детскую комнату или квартиру-студию"
"11","Венди","Заснеженная","250","51000","122","1192","72858","-30","https://lady-elka.ru/d/photo_2025-09-06_21-45-47.jpg | https://mgnotvaahftrbifqtahf.supabase.co/storage/v1/object/public/le-catalog-images/3479f158-94db-4c02-9fc5-98d8fdd08c94.webp | https://mgnotvaahftrbifqtahf.supabase.co/storage/v1/object/public/le-catalog-images/14abdee1-f1b3-45b1-9795-bdbb5af04095.webp | https://lady-elka.ru/d/photo_2025-09-06_21-45-53.jpg | https://lady-elka.ru/d/img_1935.jpg | https://lady-elka.ru/d/photo_2025-09-05_21-13-00.jpg","TRUE","Самая узкая модель в магазине «Леди-Елка». Очень плотная густая хвоя и идеальная симметрия ветвей. Именно она сможет по-настоящему украсить спальню, детскую комнату или квартиру-студию"
"11","Венди","Заснеженная","270","58000","128","1384","82858","-30","https://lady-elka.ru/d/photo_2025-09-06_21-45-47.jpg | https://mgnotvaahftrbifqtahf.supabase.co/storage/v1/object/public/le-catalog-images/3479f158-94db-4c02-9fc5-98d8fdd08c94.webp | https://mgnotvaahftrbifqtahf.supabase.co/storage/v1/object/public/le-catalog-images/14abdee1-f1b3-45b1-9795-bdbb5af04095.webp | https://lady-elka.ru/d/photo_2025-09-06_21-45-53.jpg | https://lady-elka.ru/d/img_1935.jpg | https://lady-elka.ru/d/photo_2025-09-05_21-13-00.jpg","TRUE","Самая узкая модель в магазине «Леди-Елка». Очень плотная густая хвоя и идеальная симметрия ветвей. Именно она сможет по-настоящему украсить спальню, детскую комнату или квартиру-студию"
"11","Венди","Заснеженная","300","74000","140","1888","105715","-30","https://lady-elka.ru/d/photo_2025-09-06_21-45-47.jpg | https://mgnotvaahftrbifqtahf.supabase.co/storage/v1/object/public/le-catalog-images/3479f158-94db-4c02-9fc5-98d8fdd08c94.webp | https://mgnotvaahftrbifqtahf.supabase.co/storage/v1/object/public/le-catalog-images/14abdee1-f1b3-45b1-9795-bdbb5af04095.webp | https://lady-elka.ru/d/photo_2025-09-06_21-45-53.jpg | https://lady-elka.ru/d/img_1935.jpg | https://lady-elka.ru/d/photo_2025-09-05_21-13-00.jpg","TRUE","Самая узкая модель в магазине «Леди-Елка». Очень плотная густая хвоя и идеальная симметрия ветвей. Именно она сможет по-настоящему украсить спальню, детскую комнату или квартиру-студию"
"12","Адель","Зелёная","150","15000","90","566","21429","-30","https://lady-elka.ru/d/photo_2025-09-06_21-50-37.jpg | https://mgnotvaahftrbifqtahf.supabase.co/storage/v1/object/public/le-catalog-images/a5dd217c-52ea-4ef3-adb7-51de3ecb51f7.webp | https://mgnotvaahftrbifqtahf.supabase.co/storage/v1/object/public/le-catalog-images/2e420355-b90c-4d98-9c6e-b708e2c0701f.webp | https://mgnotvaahftrbifqtahf.supabase.co/storage/v1/object/public/le-catalog-images/2b6c1383-0bfb-4676-aaa4-30bcd5bcfa85.webp | https://lady-elka.ru/d/photo_2025-09-06_21-50-44.jpg | https://mgnotvaahftrbifqtahf.supabase.co/storage/v1/object/public/le-catalog-images/b6e31517-bbfc-4fe4-8dca-77da3e1bab5f.webp | https://lady-elka.ru/d/photo_2025-09-05_20-54-23.jpg | https://lady-elka.ru/d/photo_2025-09-05_20-54-18.jpg","TRUE","Одна из самых узких елок. Имеет изящные ветки с короткими иголками, которые приближают Адель к настоящей лесной красавице"
"12","Адель","Зелёная","180","23000","98","806","32858","-30","https://lady-elka.ru/d/photo_2025-09-06_21-50-37.jpg | https://mgnotvaahftrbifqtahf.supabase.co/storage/v1/object/public/le-catalog-images/a5dd217c-52ea-4ef3-adb7-51de3ecb51f7.webp | https://mgnotvaahftrbifqtahf.supabase.co/storage/v1/object/public/le-catalog-images/2e420355-b90c-4d98-9c6e-b708e2c0701f.webp | https://mgnotvaahftrbifqtahf.supabase.co/storage/v1/object/public/le-catalog-images/2b6c1383-0bfb-4676-aaa4-30bcd5bcfa85.webp | https://lady-elka.ru/d/photo_2025-09-06_21-50-44.jpg | https://mgnotvaahftrbifqtahf.supabase.co/storage/v1/object/public/le-catalog-images/b6e31517-bbfc-4fe4-8dca-77da3e1bab5f.webp | https://lady-elka.ru/d/photo_2025-09-05_20-54-23.jpg | https://lady-elka.ru/d/photo_2025-09-05_20-54-18.jpg","TRUE","Одна из самых узких елок. Имеет изящные ветки с короткими иголками, которые приближают Адель к настоящей лесной красавице"
"12","Адель","Зелёная","210","28000","106","1130","40000","-30","https://lady-elka.ru/d/photo_2025-09-06_21-50-37.jpg | https://mgnotvaahftrbifqtahf.supabase.co/storage/v1/object/public/le-catalog-images/a5dd217c-52ea-4ef3-adb7-51de3ecb51f7.webp | https://mgnotvaahftrbifqtahf.supabase.co/storage/v1/object/public/le-catalog-images/2e420355-b90c-4d98-9c6e-b708e2c0701f.webp | https://mgnotvaahftrbifqtahf.supabase.co/storage/v1/object/public/le-catalog-images/2b6c1383-0bfb-4676-aaa4-30bcd5bcfa85.webp | https://lady-elka.ru/d/photo_2025-09-06_21-50-44.jpg | https://mgnotvaahftrbifqtahf.supabase.co/storage/v1/object/public/le-catalog-images/b6e31517-bbfc-4fe4-8dca-77da3e1bab5f.webp | https://lady-elka.ru/d/photo_2025-09-05_20-54-23.jpg | https://lady-elka.ru/d/photo_2025-09-05_20-54-18.jpg","TRUE","Одна из самых узких елок. Имеет изящные ветки с короткими иголками, которые приближают Адель к настоящей лесной красавице"
"12","Адель","Зелёная","230","35000","110","1382","50000","-30","https://lady-elka.ru/d/photo_2025-09-06_21-50-37.jpg | https://mgnotvaahftrbifqtahf.supabase.co/storage/v1/object/public/le-catalog-images/a5dd217c-52ea-4ef3-adb7-51de3ecb51f7.webp | https://mgnotvaahftrbifqtahf.supabase.co/storage/v1/object/public/le-catalog-images/2e420355-b90c-4d98-9c6e-b708e2c0701f.webp | https://mgnotvaahftrbifqtahf.supabase.co/storage/v1/object/public/le-catalog-images/2b6c1383-0bfb-4676-aaa4-30bcd5bcfa85.webp | https://lady-elka.ru/d/photo_2025-09-06_21-50-44.jpg | https://mgnotvaahftrbifqtahf.supabase.co/storage/v1/object/public/le-catalog-images/b6e31517-bbfc-4fe4-8dca-77da3e1bab5f.webp | https://lady-elka.ru/d/photo_2025-09-05_20-54-23.jpg | https://lady-elka.ru/d/photo_2025-09-05_20-54-18.jpg","TRUE","Одна из самых узких елок. Имеет изящные ветки с короткими иголками, которые приближают Адель к настоящей лесной красавице"
"12","Адель","Зелёная","250","44000","118","1886","62858","-30","https://lady-elka.ru/d/photo_2025-09-06_21-50-37.jpg | https://mgnotvaahftrbifqtahf.supabase.co/storage/v1/object/public/le-catalog-images/a5dd217c-52ea-4ef3-adb7-51de3ecb51f7.webp | https://mgnotvaahftrbifqtahf.supabase.co/storage/v1/object/public/le-catalog-images/2e420355-b90c-4d98-9c6e-b708e2c0701f.webp | https://mgnotvaahftrbifqtahf.supabase.co/storage/v1/object/public/le-catalog-images/2b6c1383-0bfb-4676-aaa4-30bcd5bcfa85.webp | https://lady-elka.ru/d/photo_2025-09-06_21-50-44.jpg | https://mgnotvaahftrbifqtahf.supabase.co/storage/v1/object/public/le-catalog-images/b6e31517-bbfc-4fe4-8dca-77da3e1bab5f.webp | https://lady-elka.ru/d/photo_2025-09-05_20-54-23.jpg | https://lady-elka.ru/d/photo_2025-09-05_20-54-18.jpg","TRUE","Одна из самых узких елок. Имеет изящные ветки с короткими иголками, которые приближают Адель к настоящей лесной красавице"
"12","Адель","Зелёная","270","52000","122","2173","74286","-30","https://lady-elka.ru/d/photo_2025-09-06_21-50-37.jpg | https://mgnotvaahftrbifqtahf.supabase.co/storage/v1/object/public/le-catalog-images/a5dd217c-52ea-4ef3-adb7-51de3ecb51f7.webp | https://mgnotvaahftrbifqtahf.supabase.co/storage/v1/object/public/le-catalog-images/2e420355-b90c-4d98-9c6e-b708e2c0701f.webp | https://mgnotvaahftrbifqtahf.supabase.co/storage/v1/object/public/le-catalog-images/2b6c1383-0bfb-4676-aaa4-30bcd5bcfa85.webp | https://lady-elka.ru/d/photo_2025-09-06_21-50-44.jpg | https://mgnotvaahftrbifqtahf.supabase.co/storage/v1/object/public/le-catalog-images/b6e31517-bbfc-4fe4-8dca-77da3e1bab5f.webp | https://lady-elka.ru/d/photo_2025-09-05_20-54-23.jpg | https://lady-elka.ru/d/photo_2025-09-05_20-54-18.jpg","TRUE","Одна из самых узких елок. Имеет изящные ветки с короткими иголками, которые приближают Адель к настоящей лесной красавице"
"12","Адель","Зелёная","300","67000","130","2846","95715","-30","https://lady-elka.ru/d/photo_2025-09-06_21-50-37.jpg | https://mgnotvaahftrbifqtahf.supabase.co/storage/v1/object/public/le-catalog-images/a5dd217c-52ea-4ef3-adb7-51de3ecb51f7.webp | https://mgnotvaahftrbifqtahf.supabase.co/storage/v1/object/public/le-catalog-images/2e420355-b90c-4d98-9c6e-b708e2c0701f.webp | https://mgnotvaahftrbifqtahf.supabase.co/storage/v1/object/public/le-catalog-images/2b6c1383-0bfb-4676-aaa4-30bcd5bcfa85.webp | https://lady-elka.ru/d/photo_2025-09-06_21-50-44.jpg | https://mgnotvaahftrbifqtahf.supabase.co/storage/v1/object/public/le-catalog-images/b6e31517-bbfc-4fe4-8dca-77da3e1bab5f.webp | https://lady-elka.ru/d/photo_2025-09-05_20-54-23.jpg | https://lady-elka.ru/d/photo_2025-09-05_20-54-18.jpg","TRUE","Одна из самых узких елок. Имеет изящные ветки с короткими иголками, которые приближают Адель к настоящей лесной красавице"
"13","Дарина","Зелёная","150","22000","84","392","31429","-30","https://lady-elka.ru/d/photo_2025-09-05_20-54-23.jpg | https://mgnotvaahftrbifqtahf.supabase.co/storage/v1/object/public/le-catalog-images/6ad30167-ab71-438c-b7df-68b416f5f501.webp | https://mgnotvaahftrbifqtahf.supabase.co/storage/v1/object/public/le-catalog-images/afa49895-b5aa-4261-af17-c11a2ab28a0d.webp","TRUE","Боковые ветки выходят за силует елочки, что приближает ее к натуральной красавице, привезенной из леса. Елка станет идеальным дополнением новогоднего интерьера и подарит праздничное настроение "
"13","Дарина","Зелёная","180","18000","88","512","25715","-30","https://lady-elka.ru/d/photo_2025-09-05_20-54-23.jpg | https://mgnotvaahftrbifqtahf.supabase.co/storage/v1/object/public/le-catalog-images/6ad30167-ab71-438c-b7df-68b416f5f501.webp | https://mgnotvaahftrbifqtahf.supabase.co/storage/v1/object/public/le-catalog-images/afa49895-b5aa-4261-af17-c11a2ab28a0d.webp","TRUE","Боковые ветки выходят за силует елочки, что приближает ее к натуральной красавице, привезенной из леса. Елка станет идеальным дополнением новогоднего интерьера и подарит праздничное настроение "
"13","Дарина","Зелёная","210","24000","92","716","34286","-30","https://lady-elka.ru/d/photo_2025-09-05_20-54-23.jpg | https://mgnotvaahftrbifqtahf.supabase.co/storage/v1/object/public/le-catalog-images/6ad30167-ab71-438c-b7df-68b416f5f501.webp | https://mgnotvaahftrbifqtahf.supabase.co/storage/v1/object/public/le-catalog-images/afa49895-b5aa-4261-af17-c11a2ab28a0d.webp","TRUE","Боковые ветки выходят за силует елочки, что приближает ее к натуральной красавице, привезенной из леса. Елка станет идеальным дополнением новогоднего интерьера и подарит праздничное настроение "
"13","Дарина","Зелёная","230","46000","96","820","65715","-30","https://lady-elka.ru/d/photo_2025-09-05_20-54-23.jpg | https://mgnotvaahftrbifqtahf.supabase.co/storage/v1/object/public/le-catalog-images/6ad30167-ab71-438c-b7df-68b416f5f501.webp | https://mgnotvaahftrbifqtahf.supabase.co/storage/v1/object/public/le-catalog-images/afa49895-b5aa-4261-af17-c11a2ab28a0d.webp","TRUE","Боковые ветки выходят за силует елочки, что приближает ее к натуральной красавице, привезенной из леса. Елка станет идеальным дополнением новогоднего интерьера и подарит праздничное настроение "
"13","Дарина","Зелёная","250","33000","96","924","47143","-30","https://lady-elka.ru/d/photo_2025-09-05_20-54-23.jpg | https://mgnotvaahftrbifqtahf.supabase.co/storage/v1/object/public/le-catalog-images/6ad30167-ab71-438c-b7df-68b416f5f501.webp | https://mgnotvaahftrbifqtahf.supabase.co/storage/v1/object/public/le-catalog-images/afa49895-b5aa-4261-af17-c11a2ab28a0d.webp","TRUE","Боковые ветки выходят за силует елочки, что приближает ее к натуральной красавице, привезенной из леса. Елка станет идеальным дополнением новогоднего интерьера и подарит праздничное настроение "
"13","Дарина","Зелёная","270","39000","100","1164","55715","-30","https://lady-elka.ru/d/photo_2025-09-05_20-54-23.jpg | https://mgnotvaahftrbifqtahf.supabase.co/storage/v1/object/public/le-catalog-images/6ad30167-ab71-438c-b7df-68b416f5f501.webp | https://mgnotvaahftrbifqtahf.supabase.co/storage/v1/object/public/le-catalog-images/afa49895-b5aa-4261-af17-c11a2ab28a0d.webp","TRUE","Боковые ветки выходят за силует елочки, что приближает ее к натуральной красавице, привезенной из леса. Елка станет идеальным дополнением новогоднего интерьера и подарит праздничное настроение "
"14","Грета","Зелёная","150","16000","98","457","22858","-30","https://lady-elka.ru/d/photo_2026-09-12_14-53-18.jpg | https://lady-elka.ru/d/photo_2025-09-05_20-54-23.jpg | https://lady-elka.ru/d/photo_2025-09-05_20-54-18.jpg","TRUE","Искуственная ель Грета состоит из семипалых удлиненных литых веточек. Идеальная форма и природный зеленый цвет повторяют вид натурального лесного дерева"
"14","Грета","Зелёная","185","26000","110","793","37143","-30","https://lady-elka.ru/d/photo_2026-09-12_14-53-18.jpg | https://lady-elka.ru/d/photo_2025-09-05_20-54-23.jpg | https://lady-elka.ru/d/photo_2025-09-05_20-54-18.jpg","TRUE","Искуственная ель Грета состоит из семипалых удлиненных литых веточек. Идеальная форма и природный зеленый цвет повторяют вид натурального лесного дерева"
"14","Грета","Зелёная","215","39900","126","1163","57000","-30","https://lady-elka.ru/d/photo_2026-09-12_14-53-18.jpg | https://lady-elka.ru/d/photo_2025-09-05_20-54-23.jpg | https://lady-elka.ru/d/photo_2025-09-05_20-54-18.jpg","TRUE","Искуственная ель Грета состоит из семипалых удлиненных литых веточек. Идеальная форма и природный зеленый цвет повторяют вид натурального лесного дерева"
"14","Грета","Зелёная","230","46000","134","1403","65715","-30","https://lady-elka.ru/d/photo_2026-09-12_14-53-18.jpg | https://lady-elka.ru/d/photo_2025-09-05_20-54-23.jpg | https://lady-elka.ru/d/photo_2025-09-05_20-54-18.jpg","TRUE","Искуственная ель Грета состоит из семипалых удлиненных литых веточек. Идеальная форма и природный зеленый цвет повторяют вид натурального лесного дерева"
"14","Грета","Зелёная","250","55000","140","1843","78572","-30","https://lady-elka.ru/d/photo_2026-09-12_14-53-18.jpg | https://lady-elka.ru/d/photo_2025-09-05_20-54-23.jpg | https://lady-elka.ru/d/photo_2025-09-05_20-54-18.jpg","TRUE","Искуственная ель Грета состоит из семипалых удлиненных литых веточек. Идеальная форма и природный зеленый цвет повторяют вид натурального лесного дерева"
"14","Грета","Зелёная","270","66000","146","2123","94286","-30","https://lady-elka.ru/d/photo_2026-09-12_14-53-18.jpg | https://lady-elka.ru/d/photo_2025-09-05_20-54-23.jpg | https://lady-elka.ru/d/photo_2025-09-05_20-54-18.jpg","TRUE","Искуственная ель Грета состоит из семипалых удлиненных литых веточек. Идеальная форма и природный зеленый цвет повторяют вид натурального лесного дерева"
"14","Грета","Зелёная","300","86000","152","2670","122858","-30","https://lady-elka.ru/d/photo_2026-09-12_14-53-18.jpg | https://lady-elka.ru/d/photo_2025-09-05_20-54-23.jpg | https://lady-elka.ru/d/photo_2025-09-05_20-54-18.jpg","TRUE","Искуственная ель Грета состоит из семипалых удлиненных литых веточек. Идеальная форма и природный зеленый цвет повторяют вид натурального лесного дерева"
"15","Вита","Зелёная","180","17400","112","535","24858","-30","https://mgnotvaahftrbifqtahf.supabase.co/storage/v1/object/public/le-catalog-images/24a7c5bd-640c-4c06-987c-ef235ff419bf.webp | https://mgnotvaahftrbifqtahf.supabase.co/storage/v1/object/public/le-catalog-images/b06f2dbf-07d1-4c52-94a3-aa93d0fa611d.webp | https://mgnotvaahftrbifqtahf.supabase.co/storage/v1/object/public/le-catalog-images/5506b9a6-0df9-4aa0-a4d6-80c92830dcc5.webp | https://mgnotvaahftrbifqtahf.supabase.co/storage/v1/object/public/le-catalog-images/fbb98f81-ba40-4339-99c2-3166b5d4beaa.webp | https://lady-elka.ru/d/photo_2025-09-05_20-54-23.jpg | https://lady-elka.ru/d/photo_2025-09-05_20-54-18.jpg","TRUE","Искусственная литая елка, которая воссоздает природную красоту настоящего хвойного дерева. Вита порадует Вас своим роскошным видом и сохранит свою красоту на протяжении многих лет"
"15","Вита","Зелёная","210","24000","124","799","34286","-30","https://mgnotvaahftrbifqtahf.supabase.co/storage/v1/object/public/le-catalog-images/24a7c5bd-640c-4c06-987c-ef235ff419bf.webp | https://mgnotvaahftrbifqtahf.supabase.co/storage/v1/object/public/le-catalog-images/b06f2dbf-07d1-4c52-94a3-aa93d0fa611d.webp | https://mgnotvaahftrbifqtahf.supabase.co/storage/v1/object/public/le-catalog-images/5506b9a6-0df9-4aa0-a4d6-80c92830dcc5.webp | https://mgnotvaahftrbifqtahf.supabase.co/storage/v1/object/public/le-catalog-images/fbb98f81-ba40-4339-99c2-3166b5d4beaa.webp | https://lady-elka.ru/d/photo_2025-09-05_20-54-23.jpg | https://lady-elka.ru/d/photo_2025-09-05_20-54-18.jpg","TRUE","Искусственная литая елка, которая воссоздает природную красоту настоящего хвойного дерева. Вита порадует Вас своим роскошным видом и сохранит свою красоту на протяжении многих лет"
"15","Вита","Зелёная","230","28000","132","939","40000","-30","https://mgnotvaahftrbifqtahf.supabase.co/storage/v1/object/public/le-catalog-images/24a7c5bd-640c-4c06-987c-ef235ff419bf.webp | https://mgnotvaahftrbifqtahf.supabase.co/storage/v1/object/public/le-catalog-images/b06f2dbf-07d1-4c52-94a3-aa93d0fa611d.webp | https://mgnotvaahftrbifqtahf.supabase.co/storage/v1/object/public/le-catalog-images/5506b9a6-0df9-4aa0-a4d6-80c92830dcc5.webp | https://mgnotvaahftrbifqtahf.supabase.co/storage/v1/object/public/le-catalog-images/fbb98f81-ba40-4339-99c2-3166b5d4beaa.webp | https://lady-elka.ru/d/photo_2025-09-05_20-54-23.jpg | https://lady-elka.ru/d/photo_2025-09-05_20-54-18.jpg","TRUE","Искусственная литая елка, которая воссоздает природную красоту настоящего хвойного дерева. Вита порадует Вас своим роскошным видом и сохранит свою красоту на протяжении многих лет"
"15","Вита","Зелёная","250","34000","136","1131","48572","-30","https://mgnotvaahftrbifqtahf.supabase.co/storage/v1/object/public/le-catalog-images/24a7c5bd-640c-4c06-987c-ef235ff419bf.webp | https://mgnotvaahftrbifqtahf.supabase.co/storage/v1/object/public/le-catalog-images/b06f2dbf-07d1-4c52-94a3-aa93d0fa611d.webp | https://mgnotvaahftrbifqtahf.supabase.co/storage/v1/object/public/le-catalog-images/5506b9a6-0df9-4aa0-a4d6-80c92830dcc5.webp | https://mgnotvaahftrbifqtahf.supabase.co/storage/v1/object/public/le-catalog-images/fbb98f81-ba40-4339-99c2-3166b5d4beaa.webp | https://lady-elka.ru/d/photo_2025-09-05_20-54-23.jpg | https://lady-elka.ru/d/photo_2025-09-05_20-54-18.jpg","TRUE","Искусственная литая елка, которая воссоздает природную красоту настоящего хвойного дерева. Вита порадует Вас своим роскошным видом и сохранит свою красоту на протяжении многих лет"
"15","Вита","Зелёная","270","43000","144","1355","61429","-30","https://mgnotvaahftrbifqtahf.supabase.co/storage/v1/object/public/le-catalog-images/24a7c5bd-640c-4c06-987c-ef235ff419bf.webp | https://mgnotvaahftrbifqtahf.supabase.co/storage/v1/object/public/le-catalog-images/b06f2dbf-07d1-4c52-94a3-aa93d0fa611d.webp | https://mgnotvaahftrbifqtahf.supabase.co/storage/v1/object/public/le-catalog-images/5506b9a6-0df9-4aa0-a4d6-80c92830dcc5.webp | https://mgnotvaahftrbifqtahf.supabase.co/storage/v1/object/public/le-catalog-images/fbb98f81-ba40-4339-99c2-3166b5d4beaa.webp | https://lady-elka.ru/d/photo_2025-09-05_20-54-23.jpg | https://lady-elka.ru/d/photo_2025-09-05_20-54-18.jpg","TRUE","Искусственная литая елка, которая воссоздает природную красоту настоящего хвойного дерева. Вита порадует Вас своим роскошным видом и сохранит свою красоту на протяжении многих лет"
"15","Вита","Заснеженная","180","22000","112","535","31429","-30","https://mgnotvaahftrbifqtahf.supabase.co/storage/v1/object/public/le-catalog-images/d27af7ec-4d05-472f-8280-439e60a1591b.webp | https://lady-elka.ru/d/photo_2025-09-06_22-01-33.jpg | https://mgnotvaahftrbifqtahf.supabase.co/storage/v1/object/public/le-catalog-images/e085a4a0-dbec-4fb8-a051-281a630d58ff.webp | https://mgnotvaahftrbifqtahf.supabase.co/storage/v1/object/public/le-catalog-images/49ef4505-f199-4f05-acd6-db4e8bfa03f1.webp | https://lady-elka.ru/d/photo_2025-09-06_22-01-23.jpg | https://lady-elka.ru/d/photo_2025-09-05_21-13-00.jpg","TRUE","Заснеженная литая елка, которая воссоздает природную красоту настоящего хвойного дерева. Вита порадует Вас своим роскошным видом и сохранит свою красоту на протяжении многих лет"
"15","Вита","Заснеженная","210","30500","124","799","43572","-30","https://mgnotvaahftrbifqtahf.supabase.co/storage/v1/object/public/le-catalog-images/d27af7ec-4d05-472f-8280-439e60a1591b.webp | https://lady-elka.ru/d/photo_2025-09-06_22-01-33.jpg | https://mgnotvaahftrbifqtahf.supabase.co/storage/v1/object/public/le-catalog-images/e085a4a0-dbec-4fb8-a051-281a630d58ff.webp | https://mgnotvaahftrbifqtahf.supabase.co/storage/v1/object/public/le-catalog-images/49ef4505-f199-4f05-acd6-db4e8bfa03f1.webp | https://lady-elka.ru/d/photo_2025-09-06_22-01-23.jpg | https://lady-elka.ru/d/photo_2025-09-05_21-13-00.jpg","TRUE","Заснеженная литая елка, которая воссоздает природную красоту настоящего хвойного дерева. Вита порадует Вас своим роскошным видом и сохранит свою красоту на протяжении многих лет"
"15","Вита","Заснеженная","230","35000","132","939","50000","-30","https://mgnotvaahftrbifqtahf.supabase.co/storage/v1/object/public/le-catalog-images/d27af7ec-4d05-472f-8280-439e60a1591b.webp | https://lady-elka.ru/d/photo_2025-09-06_22-01-33.jpg | https://mgnotvaahftrbifqtahf.supabase.co/storage/v1/object/public/le-catalog-images/e085a4a0-dbec-4fb8-a051-281a630d58ff.webp | https://mgnotvaahftrbifqtahf.supabase.co/storage/v1/object/public/le-catalog-images/49ef4505-f199-4f05-acd6-db4e8bfa03f1.webp | https://lady-elka.ru/d/photo_2025-09-06_22-01-23.jpg | https://lady-elka.ru/d/photo_2025-09-05_21-13-00.jpg","TRUE","Заснеженная литая елка, которая воссоздает природную красоту настоящего хвойного дерева. Вита порадует Вас своим роскошным видом и сохранит свою красоту на протяжении многих лет"
"15","Вита","Заснеженная","250","43000","136","1131","61429","-30","https://mgnotvaahftrbifqtahf.supabase.co/storage/v1/object/public/le-catalog-images/d27af7ec-4d05-472f-8280-439e60a1591b.webp | https://lady-elka.ru/d/photo_2025-09-06_22-01-33.jpg | https://mgnotvaahftrbifqtahf.supabase.co/storage/v1/object/public/le-catalog-images/e085a4a0-dbec-4fb8-a051-281a630d58ff.webp | https://mgnotvaahftrbifqtahf.supabase.co/storage/v1/object/public/le-catalog-images/49ef4505-f199-4f05-acd6-db4e8bfa03f1.webp | https://lady-elka.ru/d/photo_2025-09-06_22-01-23.jpg | https://lady-elka.ru/d/photo_2025-09-05_21-13-00.jpg","TRUE","Заснеженная литая елка, которая воссоздает природную красоту настоящего хвойного дерева. Вита порадует Вас своим роскошным видом и сохранит свою красоту на протяжении многих лет"
"15","Вита","Заснеженная","270","55000","144","1355","78572","-30","https://mgnotvaahftrbifqtahf.supabase.co/storage/v1/object/public/le-catalog-images/d27af7ec-4d05-472f-8280-439e60a1591b.webp | https://lady-elka.ru/d/photo_2025-09-06_22-01-33.jpg | https://mgnotvaahftrbifqtahf.supabase.co/storage/v1/object/public/le-catalog-images/e085a4a0-dbec-4fb8-a051-281a630d58ff.webp | https://mgnotvaahftrbifqtahf.supabase.co/storage/v1/object/public/le-catalog-images/49ef4505-f199-4f05-acd6-db4e8bfa03f1.webp | https://lady-elka.ru/d/photo_2025-09-06_22-01-23.jpg | https://lady-elka.ru/d/photo_2025-09-05_21-13-00.jpg","TRUE","Заснеженная литая елка, которая воссоздает природную красоту настоящего хвойного дерева. Вита порадует Вас своим роскошным видом и сохранит свою красоту на протяжении многих лет"
"15","Вита","С освещением","180","27000","112","535","38572","-30","https://mgnotvaahftrbifqtahf.supabase.co/storage/v1/object/public/le-catalog-images/234ccf5a-18b3-4522-9a07-9a675c985ba0.webp | https://lady-elka.ru/d/photo_2025-09-05_20-54-23.jpg | https://lady-elka.ru/d/photo_2025-09-05_20-54-18.jpg","FALSE","Искусственная литая елка, которая воссоздает природную красоту настоящего хвойного дерева. Вита порадует Вас своим роскошным видом и сохранит свою красоту на протяжении многих лет. Дополнена встроенной гирляндой теплого свечения, без режимов мигания"
"15","Вита","С освещением","210","35500","124","799","50715","-30","https://mgnotvaahftrbifqtahf.supabase.co/storage/v1/object/public/le-catalog-images/234ccf5a-18b3-4522-9a07-9a675c985ba0.webp | https://lady-elka.ru/d/photo_2025-09-05_20-54-23.jpg | https://lady-elka.ru/d/photo_2025-09-05_20-54-18.jpg","FALSE","Искусственная литая елка, которая воссоздает природную красоту настоящего хвойного дерева. Вита порадует Вас своим роскошным видом и сохранит свою красоту на протяжении многих лет. Дополнена встроенной гирляндой теплого свечения, без режимов мигания"
"15","Вита","С освещением","230","42000","132","939","60000","-30","https://mgnotvaahftrbifqtahf.supabase.co/storage/v1/object/public/le-catalog-images/234ccf5a-18b3-4522-9a07-9a675c985ba0.webp | https://lady-elka.ru/d/photo_2025-09-05_20-54-23.jpg | https://lady-elka.ru/d/photo_2025-09-05_20-54-18.jpg","FALSE","Искусственная литая елка, которая воссоздает природную красоту настоящего хвойного дерева. Вита порадует Вас своим роскошным видом и сохранит свою красоту на протяжении многих лет. Дополнена встроенной гирляндой теплого свечения, без режимов мигания"
"15","Вита","С освещением","250","50000","136","1131","71429","-30","https://mgnotvaahftrbifqtahf.supabase.co/storage/v1/object/public/le-catalog-images/234ccf5a-18b3-4522-9a07-9a675c985ba0.webp | https://lady-elka.ru/d/photo_2025-09-05_20-54-23.jpg | https://lady-elka.ru/d/photo_2025-09-05_20-54-18.jpg","FALSE","Искусственная литая елка, которая воссоздает природную красоту настоящего хвойного дерева. Вита порадует Вас своим роскошным видом и сохранит свою красоту на протяжении многих лет. Дополнена встроенной гирляндой теплого свечения, без режимов мигания"
"15","Вита","С освещением","270","63000","144","1355","90000","-30","https://mgnotvaahftrbifqtahf.supabase.co/storage/v1/object/public/le-catalog-images/234ccf5a-18b3-4522-9a07-9a675c985ba0.webp | https://lady-elka.ru/d/photo_2025-09-05_20-54-23.jpg | https://lady-elka.ru/d/photo_2025-09-05_20-54-18.jpg","FALSE","Искусственная литая елка, которая воссоздает природную красоту настоящего хвойного дерева. Вита порадует Вас своим роскошным видом и сохранит свою красоту на протяжении многих лет. Дополнена встроенной гирляндой теплого свечения, без режимов мигания"
"16","Валенсия","Зелёная","215","48000","176","1532","68572","-30","https://lady-elka.ru/d/photo_2025-09-06_22-04-03.jpg | https://mgnotvaahftrbifqtahf.supabase.co/storage/v1/object/public/le-catalog-images/2d03590a-e41a-4cd9-9093-adadf26224cf.webp | https://mgnotvaahftrbifqtahf.supabase.co/storage/v1/object/public/le-catalog-images/73d3e099-4246-49f4-be64-a84177e1ea4b.webp | https://mgnotvaahftrbifqtahf.supabase.co/storage/v1/object/public/le-catalog-images/1ad98462-b630-4154-8fa4-4654222928e7.webp | https://lady-elka.ru/d/photo_2025-09-05_20-54-23.jpg | https://lady-elka.ru/d/photo_2025-09-05_20-54-18.jpg","TRUE","Валенсия очаровывает своим великолепием. Ее увесистые свисающие вниз ветви очень точно передают сходство с натуральной лесной елкой. Отлично подойдет для просторных помещений, залов и станет прекрасным украшением праздника"
"16","Валенсия","Зелёная","230","61000","194","1952","87143","-30","https://lady-elka.ru/d/photo_2025-09-06_22-04-03.jpg | https://mgnotvaahftrbifqtahf.supabase.co/storage/v1/object/public/le-catalog-images/2d03590a-e41a-4cd9-9093-adadf26224cf.webp | https://mgnotvaahftrbifqtahf.supabase.co/storage/v1/object/public/le-catalog-images/73d3e099-4246-49f4-be64-a84177e1ea4b.webp | https://mgnotvaahftrbifqtahf.supabase.co/storage/v1/object/public/le-catalog-images/1ad98462-b630-4154-8fa4-4654222928e7.webp | https://lady-elka.ru/d/photo_2025-09-05_20-54-23.jpg | https://lady-elka.ru/d/photo_2025-09-05_20-54-18.jpg","TRUE","Валенсия очаровывает своим великолепием. Ее увесистые свисающие вниз ветви очень точно передают сходство с натуральной лесной елкой. Отлично подойдет для просторных помещений, залов и станет прекрасным украшением праздника"
"16","Валенсия","Зелёная","250","78000","206","2522","111429","-30","https://lady-elka.ru/d/photo_2025-09-06_22-04-03.jpg | https://mgnotvaahftrbifqtahf.supabase.co/storage/v1/object/public/le-catalog-images/2d03590a-e41a-4cd9-9093-adadf26224cf.webp | https://mgnotvaahftrbifqtahf.supabase.co/storage/v1/object/public/le-catalog-images/73d3e099-4246-49f4-be64-a84177e1ea4b.webp | https://mgnotvaahftrbifqtahf.supabase.co/storage/v1/object/public/le-catalog-images/1ad98462-b630-4154-8fa4-4654222928e7.webp | https://lady-elka.ru/d/photo_2025-09-05_20-54-23.jpg | https://lady-elka.ru/d/photo_2025-09-05_20-54-18.jpg","TRUE","Валенсия очаровывает своим великолепием. Ее увесистые свисающие вниз ветви очень точно передают сходство с натуральной лесной елкой. Отлично подойдет для просторных помещений, залов и станет прекрасным украшением праздника"
"16","Валенсия","Зелёная","270","97000","218","3152","138572","-30","https://lady-elka.ru/d/photo_2025-09-06_22-04-03.jpg | https://mgnotvaahftrbifqtahf.supabase.co/storage/v1/object/public/le-catalog-images/2d03590a-e41a-4cd9-9093-adadf26224cf.webp | https://mgnotvaahftrbifqtahf.supabase.co/storage/v1/object/public/le-catalog-images/73d3e099-4246-49f4-be64-a84177e1ea4b.webp | https://mgnotvaahftrbifqtahf.supabase.co/storage/v1/object/public/le-catalog-images/1ad98462-b630-4154-8fa4-4654222928e7.webp | https://lady-elka.ru/d/photo_2025-09-05_20-54-23.jpg | https://lady-elka.ru/d/photo_2025-09-05_20-54-18.jpg","TRUE","Валенсия очаровывает своим великолепием. Ее увесистые свисающие вниз ветви очень точно передают сходство с натуральной лесной елкой. Отлично подойдет для просторных помещений, залов и станет прекрасным украшением праздника"
"16","Валенсия","Зелёная","300","119000","230","3872","170000","-30","https://lady-elka.ru/d/photo_2025-09-06_22-04-03.jpg | https://mgnotvaahftrbifqtahf.supabase.co/storage/v1/object/public/le-catalog-images/2d03590a-e41a-4cd9-9093-adadf26224cf.webp | https://mgnotvaahftrbifqtahf.supabase.co/storage/v1/object/public/le-catalog-images/73d3e099-4246-49f4-be64-a84177e1ea4b.webp | https://mgnotvaahftrbifqtahf.supabase.co/storage/v1/object/public/le-catalog-images/1ad98462-b630-4154-8fa4-4654222928e7.webp | https://lady-elka.ru/d/photo_2025-09-05_20-54-23.jpg | https://lady-elka.ru/d/photo_2025-09-05_20-54-18.jpg","TRUE","Валенсия очаровывает своим великолепием. Ее увесистые свисающие вниз ветви очень точно передают сходство с натуральной лесной елкой. Отлично подойдет для просторных помещений, залов и станет прекрасным украшением праздника"
"17","Элизабет","Зелёная","150","16000","118","461","22858","-30","https://mgnotvaahftrbifqtahf.supabase.co/storage/v1/object/public/le-catalog-images/35e2d0e7-fb20-4db8-92e9-901f1e6ad713.webp | https://mgnotvaahftrbifqtahf.supabase.co/storage/v1/object/public/le-catalog-images/cec0d20f-c588-42df-a755-000bdee1fba1.webp | https://lady-elka.ru/d/elizabet.jpg | https://lady-elka.ru/d/photo_2025-09-06_22-08-07.jpg | https://mgnotvaahftrbifqtahf.supabase.co/storage/v1/object/public/le-catalog-images/d897af4c-c7ea-4618-b367-a5b26b4d657b.webp | https://mgnotvaahftrbifqtahf.supabase.co/storage/v1/object/public/le-catalog-images/6b8187fa-d17b-48fb-a236-1eece22cf91e.webp | https://lady-elka.ru/d/photo_2025-09-05_20-54-23.jpg | https://lady-elka.ru/d/photo_2025-09-05_20-54-18.jpg","TRUE","Елка состоит из семипалых веток, с хвоей насыщенного зеленого цвета. Неправильная форма создает сходство с натуральным деревом"
"17","Элизабет","Зелёная","185","24000","134","869","34286","-30","https://mgnotvaahftrbifqtahf.supabase.co/storage/v1/object/public/le-catalog-images/35e2d0e7-fb20-4db8-92e9-901f1e6ad713.webp | https://mgnotvaahftrbifqtahf.supabase.co/storage/v1/object/public/le-catalog-images/cec0d20f-c588-42df-a755-000bdee1fba1.webp | https://lady-elka.ru/d/elizabet.jpg | https://lady-elka.ru/d/photo_2025-09-06_22-08-07.jpg | https://mgnotvaahftrbifqtahf.supabase.co/storage/v1/object/public/le-catalog-images/d897af4c-c7ea-4618-b367-a5b26b4d657b.webp | https://mgnotvaahftrbifqtahf.supabase.co/storage/v1/object/public/le-catalog-images/6b8187fa-d17b-48fb-a236-1eece22cf91e.webp | https://lady-elka.ru/d/photo_2025-09-05_20-54-23.jpg | https://lady-elka.ru/d/photo_2025-09-05_20-54-18.jpg","TRUE","Елка состоит из семипалых веток, с хвоей насыщенного зеленого цвета. Неправильная форма создает сходство с натуральным деревом"
"17","Элизабет","Зелёная","215","36000","150","1337","51429","-30","https://mgnotvaahftrbifqtahf.supabase.co/storage/v1/object/public/le-catalog-images/35e2d0e7-fb20-4db8-92e9-901f1e6ad713.webp | https://mgnotvaahftrbifqtahf.supabase.co/storage/v1/object/public/le-catalog-images/cec0d20f-c588-42df-a755-000bdee1fba1.webp | https://lady-elka.ru/d/elizabet.jpg | https://lady-elka.ru/d/photo_2025-09-06_22-08-07.jpg | https://mgnotvaahftrbifqtahf.supabase.co/storage/v1/object/public/le-catalog-images/d897af4c-c7ea-4618-b367-a5b26b4d657b.webp | https://mgnotvaahftrbifqtahf.supabase.co/storage/v1/object/public/le-catalog-images/6b8187fa-d17b-48fb-a236-1eece22cf91e.webp | https://lady-elka.ru/d/photo_2025-09-05_20-54-23.jpg | https://lady-elka.ru/d/photo_2025-09-05_20-54-18.jpg","TRUE","Елка состоит из семипалых веток, с хвоей насыщенного зеленого цвета. Неправильная форма создает сходство с натуральным деревом"
"17","Элизабет","Зелёная","230","40000","162","1733","57143","-30","https://mgnotvaahftrbifqtahf.supabase.co/storage/v1/object/public/le-catalog-images/35e2d0e7-fb20-4db8-92e9-901f1e6ad713.webp | https://mgnotvaahftrbifqtahf.supabase.co/storage/v1/object/public/le-catalog-images/cec0d20f-c588-42df-a755-000bdee1fba1.webp | https://lady-elka.ru/d/elizabet.jpg | https://lady-elka.ru/d/photo_2025-09-06_22-08-07.jpg | https://mgnotvaahftrbifqtahf.supabase.co/storage/v1/object/public/le-catalog-images/d897af4c-c7ea-4618-b367-a5b26b4d657b.webp | https://mgnotvaahftrbifqtahf.supabase.co/storage/v1/object/public/le-catalog-images/6b8187fa-d17b-48fb-a236-1eece22cf91e.webp | https://lady-elka.ru/d/photo_2025-09-05_20-54-23.jpg | https://lady-elka.ru/d/photo_2025-09-05_20-54-18.jpg","TRUE","Елка состоит из семипалых веток, с хвоей насыщенного зеленого цвета. Неправильная форма создает сходство с натуральным деревом"
"17","Элизабет","Зелёная","250","47500","174","2135","67858","-30","https://mgnotvaahftrbifqtahf.supabase.co/storage/v1/object/public/le-catalog-images/35e2d0e7-fb20-4db8-92e9-901f1e6ad713.webp | https://mgnotvaahftrbifqtahf.supabase.co/storage/v1/object/public/le-catalog-images/cec0d20f-c588-42df-a755-000bdee1fba1.webp | https://lady-elka.ru/d/elizabet.jpg | https://lady-elka.ru/d/photo_2025-09-06_22-08-07.jpg | https://mgnotvaahftrbifqtahf.supabase.co/storage/v1/object/public/le-catalog-images/d897af4c-c7ea-4618-b367-a5b26b4d657b.webp | https://mgnotvaahftrbifqtahf.supabase.co/storage/v1/object/public/le-catalog-images/6b8187fa-d17b-48fb-a236-1eece22cf91e.webp | https://lady-elka.ru/d/photo_2025-09-05_20-54-23.jpg | https://lady-elka.ru/d/photo_2025-09-05_20-54-18.jpg","TRUE","Елка состоит из семипалых веток, с хвоей насыщенного зеленого цвета. Неправильная форма создает сходство с натуральным деревом"
"17","Элизабет","Зелёная","270","58000","186","2561","82858","-30","https://mgnotvaahftrbifqtahf.supabase.co/storage/v1/object/public/le-catalog-images/35e2d0e7-fb20-4db8-92e9-901f1e6ad713.webp | https://mgnotvaahftrbifqtahf.supabase.co/storage/v1/object/public/le-catalog-images/cec0d20f-c588-42df-a755-000bdee1fba1.webp | https://lady-elka.ru/d/elizabet.jpg | https://lady-elka.ru/d/photo_2025-09-06_22-08-07.jpg | https://mgnotvaahftrbifqtahf.supabase.co/storage/v1/object/public/le-catalog-images/d897af4c-c7ea-4618-b367-a5b26b4d657b.webp | https://mgnotvaahftrbifqtahf.supabase.co/storage/v1/object/public/le-catalog-images/6b8187fa-d17b-48fb-a236-1eece22cf91e.webp | https://lady-elka.ru/d/photo_2025-09-05_20-54-23.jpg | https://lady-elka.ru/d/photo_2025-09-05_20-54-18.jpg","TRUE","Елка состоит из семипалых веток, с хвоей насыщенного зеленого цвета. Неправильная форма создает сходство с натуральным деревом"
"17","Элизабет","Зелёная","300","81000","206","3773","115715","-30","https://mgnotvaahftrbifqtahf.supabase.co/storage/v1/object/public/le-catalog-images/35e2d0e7-fb20-4db8-92e9-901f1e6ad713.webp | https://mgnotvaahftrbifqtahf.supabase.co/storage/v1/object/public/le-catalog-images/cec0d20f-c588-42df-a755-000bdee1fba1.webp | https://lady-elka.ru/d/elizabet.jpg | https://lady-elka.ru/d/photo_2025-09-06_22-08-07.jpg | https://mgnotvaahftrbifqtahf.supabase.co/storage/v1/object/public/le-catalog-images/d897af4c-c7ea-4618-b367-a5b26b4d657b.webp | https://mgnotvaahftrbifqtahf.supabase.co/storage/v1/object/public/le-catalog-images/6b8187fa-d17b-48fb-a236-1eece22cf91e.webp | https://lady-elka.ru/d/photo_2025-09-05_20-54-23.jpg | https://lady-elka.ru/d/photo_2025-09-05_20-54-18.jpg","TRUE","Елка состоит из семипалых веток, с хвоей насыщенного зеленого цвета. Неправильная форма создает сходство с натуральным деревом"
"17","Элизабет","Заснеженная с освещением","150","25000","118","461","35715","-30","https://mgnotvaahftrbifqtahf.supabase.co/storage/v1/object/public/le-catalog-images/6082d751-f63c-4993-ac27-7eed8c7942fc.webp | https://lady-elka.ru/d/photo_2025-09-05_21-32-09.jpg | https://lady-elka.ru/d/img_1935.jpg | https://lady-elka.ru/d/photo_2025-09-05_21-13-00.jpg","TRUE","Елка состоит из семипалых веток, с хвоей, имеющей хлопковое напыление. Неправильная форма создает сходство с натуральным деревом. Дополнена встроенной гирляндой теплого свечения, без режимов мигания"
"17","Элизабет","Заснеженная с освещением","185","37000","134","869","52858","-30","https://mgnotvaahftrbifqtahf.supabase.co/storage/v1/object/public/le-catalog-images/6082d751-f63c-4993-ac27-7eed8c7942fc.webp | https://lady-elka.ru/d/photo_2025-09-05_21-32-09.jpg | https://lady-elka.ru/d/img_1935.jpg | https://lady-elka.ru/d/photo_2025-09-05_21-13-00.jpg","TRUE","Елка состоит из семипалых веток, с хвоей, имеющей хлопковое напыление. Неправильная форма создает сходство с натуральным деревом. Дополнена встроенной гирляндой теплого свечения, без режимов мигания"
"17","Элизабет","Заснеженная с освещением","215","51000","150","1337","72858","-30","https://mgnotvaahftrbifqtahf.supabase.co/storage/v1/object/public/le-catalog-images/6082d751-f63c-4993-ac27-7eed8c7942fc.webp | https://lady-elka.ru/d/photo_2025-09-05_21-32-09.jpg | https://lady-elka.ru/d/img_1935.jpg | https://lady-elka.ru/d/photo_2025-09-05_21-13-00.jpg","TRUE","Елка состоит из семипалых веток, с хвоей, имеющей хлопковое напыление. Неправильная форма создает сходство с натуральным деревом. Дополнена встроенной гирляндой теплого свечения, без режимов мигания"
"17","Элизабет","Заснеженная с освещением","230","60000","162","1733","85715","-30","https://mgnotvaahftrbifqtahf.supabase.co/storage/v1/object/public/le-catalog-images/6082d751-f63c-4993-ac27-7eed8c7942fc.webp | https://lady-elka.ru/d/photo_2025-09-05_21-32-09.jpg | https://lady-elka.ru/d/img_1935.jpg | https://lady-elka.ru/d/photo_2025-09-05_21-13-00.jpg","TRUE","Елка состоит из семипалых веток, с хвоей, имеющей хлопковое напыление. Неправильная форма создает сходство с натуральным деревом. Дополнена встроенной гирляндой теплого свечения, без режимов мигания"
"17","Элизабет","Заснеженная с освещением","250","74500","174","2135","106429","-30","https://mgnotvaahftrbifqtahf.supabase.co/storage/v1/object/public/le-catalog-images/6082d751-f63c-4993-ac27-7eed8c7942fc.webp | https://lady-elka.ru/d/photo_2025-09-05_21-32-09.jpg | https://lady-elka.ru/d/img_1935.jpg | https://lady-elka.ru/d/photo_2025-09-05_21-13-00.jpg","TRUE","Елка состоит из семипалых веток, с хвоей, имеющей хлопковое напыление. Неправильная форма создает сходство с натуральным деревом. Дополнена встроенной гирляндой теплого свечения, без режимов мигания"
"17","Элизабет","Заснеженная с освещением","270","93000","186","2561","132858","-30","https://mgnotvaahftrbifqtahf.supabase.co/storage/v1/object/public/le-catalog-images/6082d751-f63c-4993-ac27-7eed8c7942fc.webp | https://lady-elka.ru/d/photo_2025-09-05_21-32-09.jpg | https://lady-elka.ru/d/img_1935.jpg | https://lady-elka.ru/d/photo_2025-09-05_21-13-00.jpg","TRUE","Елка состоит из семипалых веток, с хвоей, имеющей хлопковое напыление. Неправильная форма создает сходство с натуральным деревом. Дополнена встроенной гирляндой теплого свечения, без режимов мигания"
"17","Элизабет","Заснеженная с освещением","300","128000","206","3773","182858","-30","https://mgnotvaahftrbifqtahf.supabase.co/storage/v1/object/public/le-catalog-images/6082d751-f63c-4993-ac27-7eed8c7942fc.webp | https://lady-elka.ru/d/photo_2025-09-05_21-32-09.jpg | https://lady-elka.ru/d/img_1935.jpg | https://lady-elka.ru/d/photo_2025-09-05_21-13-00.jpg","TRUE","Елка состоит из семипалых веток, с хвоей, имеющей хлопковое напыление. Неправильная форма создает сходство с натуральным деревом. Дополнена встроенной гирляндой теплого свечения, без режимов мигания"
"17","Элизабет","Заснеженная","185","27000","133","0","38572","-30","https://mgnotvaahftrbifqtahf.supabase.co/storage/v1/object/public/le-catalog-images/2735be09-d1a6-47e4-a6d8-990578065655.webp | https://mgnotvaahftrbifqtahf.supabase.co/storage/v1/object/public/le-catalog-images/b945ce98-7ac8-46cb-8b20-d0ba173646c7.webp | https://mgnotvaahftrbifqtahf.supabase.co/storage/v1/object/public/le-catalog-images/d4c110eb-140e-44d4-8ec0-1cbad87dbcb5.webp","TRUE","Текст"
"17","Элизабет","Заснеженная","215","41000","150","0","58572","-30","https://lady-elka.ru/d/img_3473-600x800.jpg | https://lady-elka.ru/d/podstavka-600x800.jpg","TRUE",""
"17","Элизабет","Заснеженная","230","50900","162","0","72715","-30","https://lady-elka.ru/d/img_3473-600x800.jpg | https://lady-elka.ru/d/podstavka-600x800.jpg","TRUE",""
"17","Элизабет","Заснеженная","250","56000","174","0","80000","-30","https://lady-elka.ru/d/img_3473-600x800.jpg | https://lady-elka.ru/d/podstavka-600x800.jpg","TRUE",""
"17","Элизабет","Заснеженная","270","71000","186","0","101429","-30","https://lady-elka.ru/d/img_3473-600x800.jpg | https://lady-elka.ru/d/podstavka-600x800.jpg","TRUE",""
"17","Элизабет","Заснеженная","300","94000","206","0","134286","-30","https://lady-elka.ru/d/img_3473-600x800.jpg | https://lady-elka.ru/d/podstavka-600x800.jpg","TRUE",""
"18","Камила","Зелёная","215","42944","94","766","61349","-30","https://lady-elka.ru/d/photo_2025-09-06_22-11-07.jpg","FALSE","Искусственная литая елка, которая воссоздает природную красоту настоящего хвойного дерева. Камила порадует Вас своим роскошным видом и сохранит свою красоту на протяжении многих лет"
"18","Камила","Зелёная","250","64416","0","0","92023","-30","https://lady-elka.ru/d/photo_2025-09-06_22-11-07.jpg","FALSE","Искусственная литая елка, которая воссоздает природную красоту настоящего хвойного дерева. Камила порадует Вас своим роскошным видом и сохранит свою красоту на протяжении многих лет"
"18","Камила","Зелёная","280","85888","0","0","122698","-30","https://lady-elka.ru/d/photo_2025-09-06_22-11-07.jpg","FALSE","Искусственная литая елка, которая воссоздает природную красоту настоящего хвойного дерева. Камила порадует Вас своим роскошным видом и сохранит свою красоту на протяжении многих лет"
"18","Камила","Зелёная","300","98637","0","0","140910","-30","https://lady-elka.ru/d/photo_2025-09-06_22-11-07.jpg","FALSE","Искусственная литая елка, которая воссоздает природную красоту настоящего хвойного дерева. Камила порадует Вас своим роскошным видом и сохранит свою красоту на протяжении многих лет"
"19","Грация","Зелёная","180","37576","112","535","53680","-30","https://mgnotvaahftrbifqtahf.supabase.co/storage/v1/object/public/le-catalog-images/068c2582-4151-5edf-a99d-9651f3346b29.webp | https://mgnotvaahftrbifqtahf.supabase.co/storage/v1/object/public/le-catalog-images/2b44c5a5-0d89-5710-abff-ef3ec61ed64b.webp","FALSE","Искусственная литая елка, которая воссоздает природную красоту настоящего хвойного дерева. Грация порадует Вас своим роскошным видом и сохранит свою красоту на протяжении многих лет"
"19","Грация","Зелёная","210","51667","0","0","73810","-30","https://mgnotvaahftrbifqtahf.supabase.co/storage/v1/object/public/le-catalog-images/068c2582-4151-5edf-a99d-9651f3346b29.webp | https://mgnotvaahftrbifqtahf.supabase.co/storage/v1/object/public/le-catalog-images/2b44c5a5-0d89-5710-abff-ef3ec61ed64b.webp","FALSE","Искусственная литая елка, которая воссоздает природную красоту настоящего хвойного дерева. Грация порадует Вас своим роскошным видом и сохранит свою красоту на протяжении многих лет"
"19","Грация","Зелёная","230","64416","0","0","92023","-30","https://mgnotvaahftrbifqtahf.supabase.co/storage/v1/object/public/le-catalog-images/068c2582-4151-5edf-a99d-9651f3346b29.webp | https://mgnotvaahftrbifqtahf.supabase.co/storage/v1/object/public/le-catalog-images/2b44c5a5-0d89-5710-abff-ef3ec61ed64b.webp","FALSE","Искусственная литая елка, которая воссоздает природную красоту настоящего хвойного дерева. Грация порадует Вас своим роскошным видом и сохранит свою красоту на протяжении многих лет"
"19","Грация","Зелёная","250","75823","0","0","108319","-30","https://mgnotvaahftrbifqtahf.supabase.co/storage/v1/object/public/le-catalog-images/068c2582-4151-5edf-a99d-9651f3346b29.webp | https://mgnotvaahftrbifqtahf.supabase.co/storage/v1/object/public/le-catalog-images/2b44c5a5-0d89-5710-abff-ef3ec61ed64b.webp","FALSE","Искусственная литая елка, которая воссоздает природную красоту настоящего хвойного дерева. Грация порадует Вас своим роскошным видом и сохранит свою красоту на протяжении многих лет"
"19","Грация","Зелёная","270","85754","0","0","122506","-30","https://mgnotvaahftrbifqtahf.supabase.co/storage/v1/object/public/le-catalog-images/068c2582-4151-5edf-a99d-9651f3346b29.webp | https://mgnotvaahftrbifqtahf.supabase.co/storage/v1/object/public/le-catalog-images/2b44c5a5-0d89-5710-abff-ef3ec61ed64b.webp","FALSE","Искусственная литая елка, которая воссоздает природную красоту настоящего хвойного дерева. Грация порадует Вас своим роскошным видом и сохранит свою красоту на протяжении многих лет"
"2","Белла","Зелёная","150","14450","116","461","20643","-30","https://lady-elka.ru/d/photo_2025-09-05_21-22-08.jpg | https://mgnotvaahftrbifqtahf.supabase.co/storage/v1/object/public/le-catalog-images/4e4e8dc2-dbe2-4019-a4c9-85d4686e178a.webp | https://mgnotvaahftrbifqtahf.supabase.co/storage/v1/object/public/le-catalog-images/b2918672-1cb7-439b-8ca0-8a8082f60d14.webp | https://mgnotvaahftrbifqtahf.supabase.co/storage/v1/object/public/le-catalog-images/05c00530-517c-4ba1-b34b-a17dc2b9fc86.webp | https://mgnotvaahftrbifqtahf.supabase.co/storage/v1/object/public/le-catalog-images/4928e769-604e-4f11-95e3-48432dacac3c.webp | https://lady-elka.ru/d/photo_2025-09-05_20-54-23.jpg | https://lady-elka.ru/d/photo_2025-09-05_20-54-18.jpg","TRUE","Елка состоит из семипалых веток, с хвоей насыщенного зеленого цвета. Неправильная форма создает сходство с натуральным деревом"
"2","Белла","Зелёная","185","22000","132","869","31429","-30","https://lady-elka.ru/d/photo_2025-09-05_21-22-08.jpg | https://mgnotvaahftrbifqtahf.supabase.co/storage/v1/object/public/le-catalog-images/4e4e8dc2-dbe2-4019-a4c9-85d4686e178a.webp | https://mgnotvaahftrbifqtahf.supabase.co/storage/v1/object/public/le-catalog-images/b2918672-1cb7-439b-8ca0-8a8082f60d14.webp | https://mgnotvaahftrbifqtahf.supabase.co/storage/v1/object/public/le-catalog-images/05c00530-517c-4ba1-b34b-a17dc2b9fc86.webp | https://mgnotvaahftrbifqtahf.supabase.co/storage/v1/object/public/le-catalog-images/4928e769-604e-4f11-95e3-48432dacac3c.webp | https://lady-elka.ru/d/photo_2025-09-05_20-54-23.jpg | https://lady-elka.ru/d/photo_2025-09-05_20-54-18.jpg","TRUE","Елка состоит из семипалых веток, с хвоей насыщенного зеленого цвета. Неправильная форма создает сходство с натуральным деревом"
"2","Белла","Зелёная","215","34000","148","1337","48572","-30","https://lady-elka.ru/d/photo_2025-09-05_21-22-08.jpg | https://mgnotvaahftrbifqtahf.supabase.co/storage/v1/object/public/le-catalog-images/4e4e8dc2-dbe2-4019-a4c9-85d4686e178a.webp | https://mgnotvaahftrbifqtahf.supabase.co/storage/v1/object/public/le-catalog-images/b2918672-1cb7-439b-8ca0-8a8082f60d14.webp | https://mgnotvaahftrbifqtahf.supabase.co/storage/v1/object/public/le-catalog-images/05c00530-517c-4ba1-b34b-a17dc2b9fc86.webp | https://mgnotvaahftrbifqtahf.supabase.co/storage/v1/object/public/le-catalog-images/4928e769-604e-4f11-95e3-48432dacac3c.webp | https://lady-elka.ru/d/photo_2025-09-05_20-54-23.jpg | https://lady-elka.ru/d/photo_2025-09-05_20-54-18.jpg","TRUE","Елка состоит из семипалых веток, с хвоей насыщенного зеленого цвета. Неправильная форма создает сходство с натуральным деревом"
"2","Белла","Зелёная","230","38000","160","1733","54286","-30","https://lady-elka.ru/d/photo_2025-09-05_21-22-08.jpg | https://mgnotvaahftrbifqtahf.supabase.co/storage/v1/object/public/le-catalog-images/4e4e8dc2-dbe2-4019-a4c9-85d4686e178a.webp | https://mgnotvaahftrbifqtahf.supabase.co/storage/v1/object/public/le-catalog-images/b2918672-1cb7-439b-8ca0-8a8082f60d14.webp | https://mgnotvaahftrbifqtahf.supabase.co/storage/v1/object/public/le-catalog-images/05c00530-517c-4ba1-b34b-a17dc2b9fc86.webp | https://mgnotvaahftrbifqtahf.supabase.co/storage/v1/object/public/le-catalog-images/4928e769-604e-4f11-95e3-48432dacac3c.webp | https://lady-elka.ru/d/photo_2025-09-05_20-54-23.jpg | https://lady-elka.ru/d/photo_2025-09-05_20-54-18.jpg","TRUE","Елка состоит из семипалых веток, с хвоей насыщенного зеленого цвета. Неправильная форма создает сходство с натуральным деревом"
"2","Белла","Зелёная","250","45000","172","2135","64286","-30","https://lady-elka.ru/d/photo_2025-09-05_21-22-08.jpg | https://mgnotvaahftrbifqtahf.supabase.co/storage/v1/object/public/le-catalog-images/4e4e8dc2-dbe2-4019-a4c9-85d4686e178a.webp | https://mgnotvaahftrbifqtahf.supabase.co/storage/v1/object/public/le-catalog-images/b2918672-1cb7-439b-8ca0-8a8082f60d14.webp | https://mgnotvaahftrbifqtahf.supabase.co/storage/v1/object/public/le-catalog-images/05c00530-517c-4ba1-b34b-a17dc2b9fc86.webp | https://mgnotvaahftrbifqtahf.supabase.co/storage/v1/object/public/le-catalog-images/4928e769-604e-4f11-95e3-48432dacac3c.webp | https://lady-elka.ru/d/photo_2025-09-05_20-54-23.jpg | https://lady-elka.ru/d/photo_2025-09-05_20-54-18.jpg","TRUE","Елка состоит из семипалых веток, с хвоей насыщенного зеленого цвета. Неправильная форма создает сходство с натуральным деревом"
"2","Белла","Зелёная","270","56000","184","2561","80000","-30","https://lady-elka.ru/d/photo_2025-09-05_21-22-08.jpg | https://mgnotvaahftrbifqtahf.supabase.co/storage/v1/object/public/le-catalog-images/4e4e8dc2-dbe2-4019-a4c9-85d4686e178a.webp | https://mgnotvaahftrbifqtahf.supabase.co/storage/v1/object/public/le-catalog-images/b2918672-1cb7-439b-8ca0-8a8082f60d14.webp | https://mgnotvaahftrbifqtahf.supabase.co/storage/v1/object/public/le-catalog-images/05c00530-517c-4ba1-b34b-a17dc2b9fc86.webp | https://mgnotvaahftrbifqtahf.supabase.co/storage/v1/object/public/le-catalog-images/4928e769-604e-4f11-95e3-48432dacac3c.webp | https://lady-elka.ru/d/photo_2025-09-05_20-54-23.jpg | https://lady-elka.ru/d/photo_2025-09-05_20-54-18.jpg","TRUE","Елка состоит из семипалых веток, с хвоей насыщенного зеленого цвета. Неправильная форма создает сходство с натуральным деревом"
"2","Белла","Зелёная","300","78000","204","3773","111429","-30","https://lady-elka.ru/d/photo_2025-09-05_21-22-08.jpg | https://mgnotvaahftrbifqtahf.supabase.co/storage/v1/object/public/le-catalog-images/4e4e8dc2-dbe2-4019-a4c9-85d4686e178a.webp | https://mgnotvaahftrbifqtahf.supabase.co/storage/v1/object/public/le-catalog-images/b2918672-1cb7-439b-8ca0-8a8082f60d14.webp | https://mgnotvaahftrbifqtahf.supabase.co/storage/v1/object/public/le-catalog-images/05c00530-517c-4ba1-b34b-a17dc2b9fc86.webp | https://mgnotvaahftrbifqtahf.supabase.co/storage/v1/object/public/le-catalog-images/4928e769-604e-4f11-95e3-48432dacac3c.webp | https://lady-elka.ru/d/photo_2025-09-05_20-54-23.jpg | https://lady-elka.ru/d/photo_2025-09-05_20-54-18.jpg","TRUE","Елка состоит из семипалых веток, с хвоей насыщенного зеленого цвета. Неправильная форма создает сходство с натуральным деревом"
"2","Белла","С освещением","150","17000","116","461","24286","-30","https://lady-elka.ru/d/photo_2025-09-05_21-24-45.jpg | https://lady-elka.ru/d/photo_2025-09-05_21-24-51.jpg | https://lady-elka.ru/d/photo_2025-09-05_20-54-23.jpg | https://lady-elka.ru/d/photo_2025-09-05_20-54-18.jpg","TRUE","Елка состоит из семипалых веток, с хвоей насыщенного зеленого цвета. Неправильная форма создает сходство с натуральным деревом. Дополнена встроенной гирляндой теплого свечения, без режимов мигания"
"2","Белла","С освещением","185","29900","132","869","42715","-30","https://lady-elka.ru/d/photo_2025-09-05_21-24-45.jpg | https://lady-elka.ru/d/photo_2025-09-05_21-24-51.jpg | https://lady-elka.ru/d/photo_2025-09-05_20-54-23.jpg | https://lady-elka.ru/d/photo_2025-09-05_20-54-18.jpg","TRUE","Елка состоит из семипалых веток, с хвоей насыщенного зеленого цвета. Неправильная форма создает сходство с натуральным деревом. Дополнена встроенной гирляндой теплого свечения, без режимов мигания"
"2","Белла","С освещением","215","42000","148","1337","60000","-30","https://lady-elka.ru/d/photo_2025-09-05_21-24-45.jpg | https://lady-elka.ru/d/photo_2025-09-05_21-24-51.jpg | https://lady-elka.ru/d/photo_2025-09-05_20-54-23.jpg | https://lady-elka.ru/d/photo_2025-09-05_20-54-18.jpg","TRUE","Елка состоит из семипалых веток, с хвоей насыщенного зеленого цвета. Неправильная форма создает сходство с натуральным деревом. Дополнена встроенной гирляндой теплого свечения, без режимов мигания"
"2","Белла","С освещением","230","51000","160","1733","72858","-30","https://lady-elka.ru/d/photo_2025-09-05_21-24-45.jpg | https://lady-elka.ru/d/photo_2025-09-05_21-24-51.jpg | https://lady-elka.ru/d/photo_2025-09-05_20-54-23.jpg | https://lady-elka.ru/d/photo_2025-09-05_20-54-18.jpg","TRUE","Елка состоит из семипалых веток, с хвоей насыщенного зеленого цвета. Неправильная форма создает сходство с натуральным деревом. Дополнена встроенной гирляндой теплого свечения, без режимов мигания"
"2","Белла","С освещением","250","66000","172","2135","94286","-30","https://lady-elka.ru/d/photo_2025-09-05_21-24-45.jpg | https://lady-elka.ru/d/photo_2025-09-05_21-24-51.jpg | https://lady-elka.ru/d/photo_2025-09-05_20-54-23.jpg | https://lady-elka.ru/d/photo_2025-09-05_20-54-18.jpg","TRUE","Елка состоит из семипалых веток, с хвоей насыщенного зеленого цвета. Неправильная форма создает сходство с натуральным деревом. Дополнена встроенной гирляндой теплого свечения, без режимов мигания"
"2","Белла","С освещением","270","81000","184","2561","115715","-30","https://lady-elka.ru/d/photo_2025-09-05_21-24-45.jpg | https://lady-elka.ru/d/photo_2025-09-05_21-24-51.jpg | https://lady-elka.ru/d/photo_2025-09-05_20-54-23.jpg | https://lady-elka.ru/d/photo_2025-09-05_20-54-18.jpg","TRUE","Елка состоит из семипалых веток, с хвоей насыщенного зеленого цвета. Неправильная форма создает сходство с натуральным деревом. Дополнена встроенной гирляндой теплого свечения, без режимов мигания"
"2","Белла","С освещением","300","108000","204","3773","154286","-30","https://lady-elka.ru/d/photo_2025-09-05_21-24-45.jpg | https://lady-elka.ru/d/photo_2025-09-05_21-24-51.jpg | https://lady-elka.ru/d/photo_2025-09-05_20-54-23.jpg | https://lady-elka.ru/d/photo_2025-09-05_20-54-18.jpg","TRUE","Елка состоит из семипалых веток, с хвоей насыщенного зеленого цвета. Неправильная форма создает сходство с натуральным деревом. Дополнена встроенной гирляндой теплого свечения, без режимов мигания"
"2","Белла","Заснеженная","150","16000","116","461","22858","-30","https://lady-elka.ru/d/photo_2025-09-05_21-27-58.jpg | https://lady-elka.ru/d/img_1935.jpg | https://lady-elka.ru/d/photo_2025-09-05_21-13-00.jpg","TRUE","Елка состоит из семипалых веток, с хвоей, имеющей хлопковое напыление. Неправильная форма создает сходство с натуральным деревом"
"2","Белла","Заснеженная","185","26500","132","869","37858","-30","https://lady-elka.ru/d/photo_2025-09-05_21-27-58.jpg | https://lady-elka.ru/d/img_1935.jpg | https://lady-elka.ru/d/photo_2025-09-05_21-13-00.jpg","TRUE","Елка состоит из семипалых веток, с хвоей, имеющей хлопковое напыление. Неправильная форма создает сходство с натуральным деревом"
"2","Белла","Заснеженная","215","38500","148","1337","55000","-30","https://lady-elka.ru/d/photo_2025-09-05_21-27-58.jpg | https://lady-elka.ru/d/img_1935.jpg | https://lady-elka.ru/d/photo_2025-09-05_21-13-00.jpg","TRUE","Елка состоит из семипалых веток, с хвоей, имеющей хлопковое напыление. Неправильная форма создает сходство с натуральным деревом"
"2","Белла","Заснеженная","230","46000","160","1733","65715","-30","https://lady-elka.ru/d/photo_2025-09-05_21-27-58.jpg | https://lady-elka.ru/d/img_1935.jpg | https://lady-elka.ru/d/photo_2025-09-05_21-13-00.jpg","TRUE","Елка состоит из семипалых веток, с хвоей, имеющей хлопковое напыление. Неправильная форма создает сходство с натуральным деревом"
"2","Белла","Заснеженная","250","59000","172","2135","84286","-30","https://lady-elka.ru/d/photo_2025-09-05_21-27-58.jpg | https://lady-elka.ru/d/img_1935.jpg | https://lady-elka.ru/d/photo_2025-09-05_21-13-00.jpg","TRUE","Елка состоит из семипалых веток, с хвоей, имеющей хлопковое напыление. Неправильная форма создает сходство с натуральным деревом"
"2","Белла","Заснеженная","270","69500","184","2561","99286","-30","https://lady-elka.ru/d/photo_2025-09-05_21-27-58.jpg | https://lady-elka.ru/d/img_1935.jpg | https://lady-elka.ru/d/photo_2025-09-05_21-13-00.jpg","TRUE","Елка состоит из семипалых веток, с хвоей, имеющей хлопковое напыление. Неправильная форма создает сходство с натуральным деревом"
"2","Белла","Заснеженная","300","95000","204","3773","135715","-30","https://lady-elka.ru/d/photo_2025-09-05_21-27-58.jpg | https://lady-elka.ru/d/img_1935.jpg | https://lady-elka.ru/d/photo_2025-09-05_21-13-00.jpg","TRUE","Елка состоит из семипалых веток, с хвоей, имеющей хлопковое напыление. Неправильная форма создает сходство с натуральным деревом"
"2","Белла","Заснеженная с освещением","150","23000","116","461","32858","-30","https://lady-elka.ru/d/photo_2025-09-05_21-31-39.jpg | https://lady-elka.ru/d/photo_2025-09-05_21-31-33.jpg | https://lady-elka.ru/d/img_1935.jpg | https://lady-elka.ru/d/photo_2025-09-05_21-13-00.jpg","TRUE","Елка состоит из семипалых веток, с хвоей, имеющей хлопковое напыление. Неправильная форма создает сходство с натуральным деревом. Дополнена встроенной гирляндой теплого свечения, без режимов мигания"
"2","Белла","Заснеженная с освещением","185","34900","132","869","49858","-30","https://lady-elka.ru/d/photo_2025-09-05_21-31-39.jpg | https://lady-elka.ru/d/photo_2025-09-05_21-31-33.jpg | https://lady-elka.ru/d/img_1935.jpg | https://lady-elka.ru/d/photo_2025-09-05_21-13-00.jpg","TRUE","Елка состоит из семипалых веток, с хвоей, имеющей хлопковое напыление. Неправильная форма создает сходство с натуральным деревом. Дополнена встроенной гирляндой теплого свечения, без режимов мигания"
"2","Белла","Заснеженная с освещением","215","49000","148","1337","70000","-30","https://lady-elka.ru/d/photo_2025-09-05_21-31-39.jpg | https://lady-elka.ru/d/photo_2025-09-05_21-31-33.jpg | https://lady-elka.ru/d/img_1935.jpg | https://lady-elka.ru/d/photo_2025-09-05_21-13-00.jpg","TRUE","Елка состоит из семипалых веток, с хвоей, имеющей хлопковое напыление. Неправильная форма создает сходство с натуральным деревом. Дополнена встроенной гирляндой теплого свечения, без режимов мигания"
"2","Белла","Заснеженная с освещением","230","57000","160","1733","81429","-30","https://lady-elka.ru/d/photo_2025-09-05_21-31-39.jpg | https://lady-elka.ru/d/photo_2025-09-05_21-31-33.jpg | https://lady-elka.ru/d/img_1935.jpg | https://lady-elka.ru/d/photo_2025-09-05_21-13-00.jpg","TRUE","Елка состоит из семипалых веток, с хвоей, имеющей хлопковое напыление. Неправильная форма создает сходство с натуральным деревом. Дополнена встроенной гирляндой теплого свечения, без режимов мигания"
"2","Белла","Заснеженная с освещением","250","72000","172","2135","102858","-30","https://lady-elka.ru/d/photo_2025-09-05_21-31-39.jpg | https://lady-elka.ru/d/photo_2025-09-05_21-31-33.jpg | https://lady-elka.ru/d/img_1935.jpg | https://lady-elka.ru/d/photo_2025-09-05_21-13-00.jpg","TRUE","Елка состоит из семипалых веток, с хвоей, имеющей хлопковое напыление. Неправильная форма создает сходство с натуральным деревом. Дополнена встроенной гирляндой теплого свечения, без режимов мигания"
"2","Белла","Заснеженная с освещением","270","90000","184","2561","128572","-30","https://lady-elka.ru/d/photo_2025-09-05_21-31-39.jpg | https://lady-elka.ru/d/photo_2025-09-05_21-31-33.jpg | https://lady-elka.ru/d/img_1935.jpg | https://lady-elka.ru/d/photo_2025-09-05_21-13-00.jpg","TRUE","Елка состоит из семипалых веток, с хвоей, имеющей хлопковое напыление. Неправильная форма создает сходство с натуральным деревом. Дополнена встроенной гирляндой теплого свечения, без режимов мигания"
"2","Белла","Заснеженная с освещением","300","125000","204","3773","178572","-30","https://lady-elka.ru/d/photo_2025-09-05_21-31-39.jpg | https://lady-elka.ru/d/photo_2025-09-05_21-31-33.jpg | https://lady-elka.ru/d/img_1935.jpg | https://lady-elka.ru/d/photo_2025-09-05_21-13-00.jpg","TRUE","Елка состоит из семипалых веток, с хвоей, имеющей хлопковое напыление. Неправильная форма создает сходство с натуральным деревом. Дополнена встроенной гирляндой теплого свечения, без режимов мигания"
"20","Туя 60 - 90 см","Туя","60","3900","30","44","5572","-30","https://mgnotvaahftrbifqtahf.supabase.co/storage/v1/object/public/le-catalog-images/100530b4-0e26-5dcb-ace6-933c8d575d0b.webp | https://mgnotvaahftrbifqtahf.supabase.co/storage/v1/object/public/le-catalog-images/c1278d01-9fe0-5ac4-aa30-ae3d860111b4.webp | https://mgnotvaahftrbifqtahf.supabase.co/storage/v1/object/public/le-catalog-images/c93b0ddd-6635-5b1b-a658-8cf988328610.webp","TRUE",""
"20","Туя 60 - 90 см","Туя","90","5500","54","140","7858","-30","https://mgnotvaahftrbifqtahf.supabase.co/storage/v1/object/public/le-catalog-images/100530b4-0e26-5dcb-ace6-933c8d575d0b.webp | https://mgnotvaahftrbifqtahf.supabase.co/storage/v1/object/public/le-catalog-images/c1278d01-9fe0-5ac4-aa30-ae3d860111b4.webp | https://mgnotvaahftrbifqtahf.supabase.co/storage/v1/object/public/le-catalog-images/c93b0ddd-6635-5b1b-a658-8cf988328610.webp","TRUE",""
"21","Туя голубая 60 - 90 см","Туя","60","4200","0","44","6000","-30","https://mgnotvaahftrbifqtahf.supabase.co/storage/v1/object/public/le-catalog-images/ee6269db-ae72-5fee-ac90-231948b84628.webp | https://mgnotvaahftrbifqtahf.supabase.co/storage/v1/object/public/le-catalog-images/338d4076-ff08-5b34-a1b8-1eecd632516e.webp | https://mgnotvaahftrbifqtahf.supabase.co/storage/v1/object/public/le-catalog-images/f0b5b595-72c4-5fcb-a4f0-57ee3ad44d20.webp | https://mgnotvaahftrbifqtahf.supabase.co/storage/v1/object/public/le-catalog-images/2ed6e839-a699-59e4-acf5-994ebbb14175.webp | https://mgnotvaahftrbifqtahf.supabase.co/storage/v1/object/public/le-catalog-images/6364df26-c061-59a0-ab0a-3e9c678db046.webp","TRUE",""
"21","Туя голубая 60 - 90 см","Туя","90","6800","0","140","9715","-30","https://mgnotvaahftrbifqtahf.supabase.co/storage/v1/object/public/le-catalog-images/ee6269db-ae72-5fee-ac90-231948b84628.webp | https://mgnotvaahftrbifqtahf.supabase.co/storage/v1/object/public/le-catalog-images/338d4076-ff08-5b34-a1b8-1eecd632516e.webp | https://mgnotvaahftrbifqtahf.supabase.co/storage/v1/object/public/le-catalog-images/f0b5b595-72c4-5fcb-a4f0-57ee3ad44d20.webp | https://mgnotvaahftrbifqtahf.supabase.co/storage/v1/object/public/le-catalog-images/2ed6e839-a699-59e4-acf5-994ebbb14175.webp | https://mgnotvaahftrbifqtahf.supabase.co/storage/v1/object/public/le-catalog-images/6364df26-c061-59a0-ab0a-3e9c678db046.webp","TRUE",""
"22","Туя 120 - 150 см","Туя","120","10920","64","218","15600","-30","https://mgnotvaahftrbifqtahf.supabase.co/storage/v1/object/public/le-catalog-images/58123005-288d-5b3a-ad00-372a6d4018d1.webp","TRUE",""
"22","Туя 120 - 150 см","Туя","150","14700","72","326","21000","-30","https://mgnotvaahftrbifqtahf.supabase.co/storage/v1/object/public/le-catalog-images/58123005-288d-5b3a-ad00-372a6d4018d1.webp","TRUE",""
"23","Туя 150 см на ножке","Туя","150","10300","54","205","14715","-30","https://mgnotvaahftrbifqtahf.supabase.co/storage/v1/object/public/le-catalog-images/2562fc09-37da-5dea-a640-f80bf168a02f.webp | https://mgnotvaahftrbifqtahf.supabase.co/storage/v1/object/public/le-catalog-images/49370b01-7ff6-56f8-a460-4566c6b1bb96.webp | https://mgnotvaahftrbifqtahf.supabase.co/storage/v1/object/public/le-catalog-images/c93b0ddd-6635-5b1b-a658-8cf988328610.webp | https://mgnotvaahftrbifqtahf.supabase.co/storage/v1/object/public/le-catalog-images/c1278d01-9fe0-5ac4-aa30-ae3d860111b4.webp","TRUE",""
"24","Туя складчатая","Туя","60","6934","0","245","9906","-30","https://mgnotvaahftrbifqtahf.supabase.co/storage/v1/object/public/le-catalog-images/f5dc4d37-8cd6-5d94-af22-e8783fc44631.webp | https://mgnotvaahftrbifqtahf.supabase.co/storage/v1/object/public/le-catalog-images/1a7c88b9-046a-5b6d-ab5f-3bb2e4d13ed7.webp | https://mgnotvaahftrbifqtahf.supabase.co/storage/v1/object/public/le-catalog-images/62c72c7c-c641-5538-a98b-d54b8e344a49.webp | https://mgnotvaahftrbifqtahf.supabase.co/storage/v1/object/public/le-catalog-images/7be329d2-aee2-59e6-a7d6-af22fdad7f83.webp","TRUE",""
"25","Туя складчатая с голубым кончиком","Туя","55","6177","0","208","8825","-30","https://mgnotvaahftrbifqtahf.supabase.co/storage/v1/object/public/le-catalog-images/229b676e-5364-5e75-a4bd-dc3ea76b6b2d.webp | https://mgnotvaahftrbifqtahf.supabase.co/storage/v1/object/public/le-catalog-images/e2d46fff-faa9-5532-aef9-798d41dc8ded.webp | https://mgnotvaahftrbifqtahf.supabase.co/storage/v1/object/public/le-catalog-images/07676039-7e20-51f5-a020-b6481ee2775e.webp","TRUE",""
"26","Туя Смарагд","Туя","120","8580","52","242","12258","-30","https://mgnotvaahftrbifqtahf.supabase.co/storage/v1/object/public/le-catalog-images/d3dffe8f-6d49-54d6-ab75-5c4f75d7351d.webp","TRUE",""
"26","Туя Смарагд","Туя","150","10140","54","359","14486","-30","https://mgnotvaahftrbifqtahf.supabase.co/storage/v1/object/public/le-catalog-images/d3dffe8f-6d49-54d6-ab75-5c4f75d7351d.webp","TRUE",""
"26","Туя Смарагд","Туя","180","13200","58","473","18858","-30","https://mgnotvaahftrbifqtahf.supabase.co/storage/v1/object/public/le-catalog-images/d3dffe8f-6d49-54d6-ab75-5c4f75d7351d.webp","TRUE",""
"27","Туя 3 шара на ножке","Туя","210","16000","65","432","22858","-30","https://mgnotvaahftrbifqtahf.supabase.co/storage/v1/object/public/le-catalog-images/338ce1e8-4a8a-54f8-a8fb-2282828075cf.webp | https://mgnotvaahftrbifqtahf.supabase.co/storage/v1/object/public/le-catalog-images/5bb4ab29-67ef-5701-a7f5-5c20f7658cb2.webp | https://mgnotvaahftrbifqtahf.supabase.co/storage/v1/object/public/le-catalog-images/29a0b941-37ac-5d45-ae07-a52decab0a1f.webp | https://mgnotvaahftrbifqtahf.supabase.co/storage/v1/object/public/le-catalog-images/73106628-9bad-56cb-ad22-8c1b78f18081.webp | https://mgnotvaahftrbifqtahf.supabase.co/storage/v1/object/public/le-catalog-images/f0fb37c4-4a61-540c-ae04-f63176bced8b.webp","TRUE",""
"28","Туя-шар голубой","Туя","40","2990","0","60","4272","-30","https://mgnotvaahftrbifqtahf.supabase.co/storage/v1/object/public/le-catalog-images/908ef445-43e8-56a8-aa62-e72ac77b2263.webp | https://mgnotvaahftrbifqtahf.supabase.co/storage/v1/object/public/le-catalog-images/5a613067-17c2-5825-a2ba-792c89ad7dde.webp | https://mgnotvaahftrbifqtahf.supabase.co/storage/v1/object/public/le-catalog-images/b2f96b23-9546-5e85-abea-6494eabf8ec7.webp | https://mgnotvaahftrbifqtahf.supabase.co/storage/v1/object/public/le-catalog-images/e1df1feb-82b4-5b18-ad12-3217f78400d7.webp | https://mgnotvaahftrbifqtahf.supabase.co/storage/v1/object/public/le-catalog-images/8cbf0826-5fa9-5bcc-ab6b-e120a7a35f9b.webp | https://mgnotvaahftrbifqtahf.supabase.co/storage/v1/object/public/le-catalog-images/cbd47216-9d6d-5fce-a21b-4d59688ea75d.webp","TRUE",""
"28","Туя-шар голубой","Туя","70","5900","0","236","8429","-30","https://mgnotvaahftrbifqtahf.supabase.co/storage/v1/object/public/le-catalog-images/908ef445-43e8-56a8-aa62-e72ac77b2263.webp | https://mgnotvaahftrbifqtahf.supabase.co/storage/v1/object/public/le-catalog-images/5a613067-17c2-5825-a2ba-792c89ad7dde.webp | https://mgnotvaahftrbifqtahf.supabase.co/storage/v1/object/public/le-catalog-images/b2f96b23-9546-5e85-abea-6494eabf8ec7.webp | https://mgnotvaahftrbifqtahf.supabase.co/storage/v1/object/public/le-catalog-images/e1df1feb-82b4-5b18-ad12-3217f78400d7.webp | https://mgnotvaahftrbifqtahf.supabase.co/storage/v1/object/public/le-catalog-images/8cbf0826-5fa9-5bcc-ab6b-e120a7a35f9b.webp | https://mgnotvaahftrbifqtahf.supabase.co/storage/v1/object/public/le-catalog-images/cbd47216-9d6d-5fce-a21b-4d59688ea75d.webp","TRUE",""
"29","Туя-шар","Туя","40","2550","40","35","3643","-30","https://mgnotvaahftrbifqtahf.supabase.co/storage/v1/object/public/le-catalog-images/3bdd0001-c15b-539f-ab92-480bdf907532.webp | https://mgnotvaahftrbifqtahf.supabase.co/storage/v1/object/public/le-catalog-images/c93b0ddd-6635-5b1b-a658-8cf988328610.webp | https://mgnotvaahftrbifqtahf.supabase.co/storage/v1/object/public/le-catalog-images/c1278d01-9fe0-5ac4-aa30-ae3d860111b4.webp | https://mgnotvaahftrbifqtahf.supabase.co/storage/v1/object/public/le-catalog-images/49370b01-7ff6-56f8-a460-4566c6b1bb96.webp","TRUE",""
"29","Туя-шар","Туя","70","6100","65","236","8715","-30","https://mgnotvaahftrbifqtahf.supabase.co/storage/v1/object/public/le-catalog-images/3bdd0001-c15b-539f-ab92-480bdf907532.webp | https://mgnotvaahftrbifqtahf.supabase.co/storage/v1/object/public/le-catalog-images/c93b0ddd-6635-5b1b-a658-8cf988328610.webp | https://mgnotvaahftrbifqtahf.supabase.co/storage/v1/object/public/le-catalog-images/c1278d01-9fe0-5ac4-aa30-ae3d860111b4.webp | https://mgnotvaahftrbifqtahf.supabase.co/storage/v1/object/public/le-catalog-images/49370b01-7ff6-56f8-a460-4566c6b1bb96.webp","TRUE",""
"29","Туя-шар","Туя","80","9800","80","472","14000","-30","https://mgnotvaahftrbifqtahf.supabase.co/storage/v1/object/public/le-catalog-images/3bdd0001-c15b-539f-ab92-480bdf907532.webp | https://mgnotvaahftrbifqtahf.supabase.co/storage/v1/object/public/le-catalog-images/c93b0ddd-6635-5b1b-a658-8cf988328610.webp | https://mgnotvaahftrbifqtahf.supabase.co/storage/v1/object/public/le-catalog-images/c1278d01-9fe0-5ac4-aa30-ae3d860111b4.webp | https://mgnotvaahftrbifqtahf.supabase.co/storage/v1/object/public/le-catalog-images/49370b01-7ff6-56f8-a460-4566c6b1bb96.webp","TRUE",""
"3","Катрин","Зелёная","150","19000","128","565","27143","-30","https://mgnotvaahftrbifqtahf.supabase.co/storage/v1/object/public/le-catalog-images/5fc52e4f-2e93-4a6d-9cc7-0b14e65a9a44.webp | https://lady-elka.ru/d/photo_2025-09-05_21-39-54.jpg | https://mgnotvaahftrbifqtahf.supabase.co/storage/v1/object/public/le-catalog-images/89e6f610-c24f-4eef-aaff-634e70860518.webp | https://mgnotvaahftrbifqtahf.supabase.co/storage/v1/object/public/le-catalog-images/7490d965-fb97-4bb4-bd72-0c52edd1d5ab.webp | https://mgnotvaahftrbifqtahf.supabase.co/storage/v1/object/public/le-catalog-images/704370e7-0d01-4d15-bfa9-b25a7c8ee603.webp | https://mgnotvaahftrbifqtahf.supabase.co/storage/v1/object/public/le-catalog-images/257ab2ab-ebcc-4c26-a67f-6780f3b9442d.webp | https://mgnotvaahftrbifqtahf.supabase.co/storage/v1/object/public/le-catalog-images/f43298f9-2d30-48d2-8ca0-2cad78583050.webp | https://mgnotvaahftrbifqtahf.supabase.co/storage/v1/object/public/le-catalog-images/ad007ff8-3d49-4ace-90ff-036d1d92f5e7.webp | https://mgnotvaahftrbifqtahf.supabase.co/storage/v1/object/public/le-catalog-images/f1e7f190-3c78-405f-b64a-e75b18719631.webp | https://lady-elka.ru/d/photo_2025-09-05_21-40-05.jpg | https://lady-elka.ru/d/photo_2025-09-05_20-54-23.jpg | https://lady-elka.ru/d/photo_2025-09-05_20-54-18.jpg","TRUE","Самая широкая елка по диаметру нижних веток. Имеет правильную крону и густую хвою"
"3","Катрин","Зелёная","185","29000","158","985","41429","-30","https://mgnotvaahftrbifqtahf.supabase.co/storage/v1/object/public/le-catalog-images/5fc52e4f-2e93-4a6d-9cc7-0b14e65a9a44.webp | https://lady-elka.ru/d/photo_2025-09-05_21-39-54.jpg | https://mgnotvaahftrbifqtahf.supabase.co/storage/v1/object/public/le-catalog-images/89e6f610-c24f-4eef-aaff-634e70860518.webp | https://mgnotvaahftrbifqtahf.supabase.co/storage/v1/object/public/le-catalog-images/7490d965-fb97-4bb4-bd72-0c52edd1d5ab.webp | https://mgnotvaahftrbifqtahf.supabase.co/storage/v1/object/public/le-catalog-images/704370e7-0d01-4d15-bfa9-b25a7c8ee603.webp | https://mgnotvaahftrbifqtahf.supabase.co/storage/v1/object/public/le-catalog-images/257ab2ab-ebcc-4c26-a67f-6780f3b9442d.webp | https://mgnotvaahftrbifqtahf.supabase.co/storage/v1/object/public/le-catalog-images/f43298f9-2d30-48d2-8ca0-2cad78583050.webp | https://mgnotvaahftrbifqtahf.supabase.co/storage/v1/object/public/le-catalog-images/ad007ff8-3d49-4ace-90ff-036d1d92f5e7.webp | https://mgnotvaahftrbifqtahf.supabase.co/storage/v1/object/public/le-catalog-images/f1e7f190-3c78-405f-b64a-e75b18719631.webp | https://lady-elka.ru/d/photo_2025-09-05_21-40-05.jpg | https://lady-elka.ru/d/photo_2025-09-05_20-54-23.jpg | https://lady-elka.ru/d/photo_2025-09-05_20-54-18.jpg","TRUE","Самая широкая елка по диаметру нижних веток. Имеет правильную крону и густую хвою"
"3","Катрин","Зелёная","215","39000","170","1273","55715","-30","https://mgnotvaahftrbifqtahf.supabase.co/storage/v1/object/public/le-catalog-images/5fc52e4f-2e93-4a6d-9cc7-0b14e65a9a44.webp | https://lady-elka.ru/d/photo_2025-09-05_21-39-54.jpg | https://mgnotvaahftrbifqtahf.supabase.co/storage/v1/object/public/le-catalog-images/89e6f610-c24f-4eef-aaff-634e70860518.webp | https://mgnotvaahftrbifqtahf.supabase.co/storage/v1/object/public/le-catalog-images/7490d965-fb97-4bb4-bd72-0c52edd1d5ab.webp | https://mgnotvaahftrbifqtahf.supabase.co/storage/v1/object/public/le-catalog-images/704370e7-0d01-4d15-bfa9-b25a7c8ee603.webp | https://mgnotvaahftrbifqtahf.supabase.co/storage/v1/object/public/le-catalog-images/257ab2ab-ebcc-4c26-a67f-6780f3b9442d.webp | https://mgnotvaahftrbifqtahf.supabase.co/storage/v1/object/public/le-catalog-images/f43298f9-2d30-48d2-8ca0-2cad78583050.webp | https://mgnotvaahftrbifqtahf.supabase.co/storage/v1/object/public/le-catalog-images/ad007ff8-3d49-4ace-90ff-036d1d92f5e7.webp | https://mgnotvaahftrbifqtahf.supabase.co/storage/v1/object/public/le-catalog-images/f1e7f190-3c78-405f-b64a-e75b18719631.webp | https://lady-elka.ru/d/photo_2025-09-05_21-40-05.jpg | https://lady-elka.ru/d/photo_2025-09-05_20-54-23.jpg | https://lady-elka.ru/d/photo_2025-09-05_20-54-18.jpg","TRUE","Самая широкая елка по диаметру нижних веток. Имеет правильную крону и густую хвою"
"3","Катрин","Зелёная","230","49000","188","1665","70000","-30","https://mgnotvaahftrbifqtahf.supabase.co/storage/v1/object/public/le-catalog-images/5fc52e4f-2e93-4a6d-9cc7-0b14e65a9a44.webp | https://lady-elka.ru/d/photo_2025-09-05_21-39-54.jpg | https://mgnotvaahftrbifqtahf.supabase.co/storage/v1/object/public/le-catalog-images/89e6f610-c24f-4eef-aaff-634e70860518.webp | https://mgnotvaahftrbifqtahf.supabase.co/storage/v1/object/public/le-catalog-images/7490d965-fb97-4bb4-bd72-0c52edd1d5ab.webp | https://mgnotvaahftrbifqtahf.supabase.co/storage/v1/object/public/le-catalog-images/704370e7-0d01-4d15-bfa9-b25a7c8ee603.webp | https://mgnotvaahftrbifqtahf.supabase.co/storage/v1/object/public/le-catalog-images/257ab2ab-ebcc-4c26-a67f-6780f3b9442d.webp | https://mgnotvaahftrbifqtahf.supabase.co/storage/v1/object/public/le-catalog-images/f43298f9-2d30-48d2-8ca0-2cad78583050.webp | https://mgnotvaahftrbifqtahf.supabase.co/storage/v1/object/public/le-catalog-images/ad007ff8-3d49-4ace-90ff-036d1d92f5e7.webp | https://mgnotvaahftrbifqtahf.supabase.co/storage/v1/object/public/le-catalog-images/f1e7f190-3c78-405f-b64a-e75b18719631.webp | https://lady-elka.ru/d/photo_2025-09-05_21-40-05.jpg | https://lady-elka.ru/d/photo_2025-09-05_20-54-23.jpg | https://lady-elka.ru/d/photo_2025-09-05_20-54-18.jpg","TRUE","Самая широкая елка по диаметру нижних веток. Имеет правильную крону и густую хвою"
"3","Катрин","Зелёная","250","59000","200","2113","84286","-30","https://mgnotvaahftrbifqtahf.supabase.co/storage/v1/object/public/le-catalog-images/5fc52e4f-2e93-4a6d-9cc7-0b14e65a9a44.webp | https://lady-elka.ru/d/photo_2025-09-05_21-39-54.jpg | https://mgnotvaahftrbifqtahf.supabase.co/storage/v1/object/public/le-catalog-images/89e6f610-c24f-4eef-aaff-634e70860518.webp | https://mgnotvaahftrbifqtahf.supabase.co/storage/v1/object/public/le-catalog-images/7490d965-fb97-4bb4-bd72-0c52edd1d5ab.webp | https://mgnotvaahftrbifqtahf.supabase.co/storage/v1/object/public/le-catalog-images/704370e7-0d01-4d15-bfa9-b25a7c8ee603.webp | https://mgnotvaahftrbifqtahf.supabase.co/storage/v1/object/public/le-catalog-images/257ab2ab-ebcc-4c26-a67f-6780f3b9442d.webp | https://mgnotvaahftrbifqtahf.supabase.co/storage/v1/object/public/le-catalog-images/f43298f9-2d30-48d2-8ca0-2cad78583050.webp | https://mgnotvaahftrbifqtahf.supabase.co/storage/v1/object/public/le-catalog-images/ad007ff8-3d49-4ace-90ff-036d1d92f5e7.webp | https://mgnotvaahftrbifqtahf.supabase.co/storage/v1/object/public/le-catalog-images/f1e7f190-3c78-405f-b64a-e75b18719631.webp | https://lady-elka.ru/d/photo_2025-09-05_21-40-05.jpg | https://lady-elka.ru/d/photo_2025-09-05_20-54-23.jpg | https://lady-elka.ru/d/photo_2025-09-05_20-54-18.jpg","TRUE","Самая широкая елка по диаметру нижних веток. Имеет правильную крону и густую хвою"
"3","Катрин","Зелёная","270","70000","212","2653","100000","-30","https://mgnotvaahftrbifqtahf.supabase.co/storage/v1/object/public/le-catalog-images/5fc52e4f-2e93-4a6d-9cc7-0b14e65a9a44.webp | https://lady-elka.ru/d/photo_2025-09-05_21-39-54.jpg | https://mgnotvaahftrbifqtahf.supabase.co/storage/v1/object/public/le-catalog-images/89e6f610-c24f-4eef-aaff-634e70860518.webp | https://mgnotvaahftrbifqtahf.supabase.co/storage/v1/object/public/le-catalog-images/7490d965-fb97-4bb4-bd72-0c52edd1d5ab.webp | https://mgnotvaahftrbifqtahf.supabase.co/storage/v1/object/public/le-catalog-images/704370e7-0d01-4d15-bfa9-b25a7c8ee603.webp | https://mgnotvaahftrbifqtahf.supabase.co/storage/v1/object/public/le-catalog-images/257ab2ab-ebcc-4c26-a67f-6780f3b9442d.webp | https://mgnotvaahftrbifqtahf.supabase.co/storage/v1/object/public/le-catalog-images/f43298f9-2d30-48d2-8ca0-2cad78583050.webp | https://mgnotvaahftrbifqtahf.supabase.co/storage/v1/object/public/le-catalog-images/ad007ff8-3d49-4ace-90ff-036d1d92f5e7.webp | https://mgnotvaahftrbifqtahf.supabase.co/storage/v1/object/public/le-catalog-images/f1e7f190-3c78-405f-b64a-e75b18719631.webp | https://lady-elka.ru/d/photo_2025-09-05_21-40-05.jpg | https://lady-elka.ru/d/photo_2025-09-05_20-54-23.jpg | https://lady-elka.ru/d/photo_2025-09-05_20-54-18.jpg","TRUE","Самая широкая елка по диаметру нижних веток. Имеет правильную крону и густую хвою"
"3","Катрин","Зелёная","300","82000","224","3253","117143","-30","https://mgnotvaahftrbifqtahf.supabase.co/storage/v1/object/public/le-catalog-images/5fc52e4f-2e93-4a6d-9cc7-0b14e65a9a44.webp | https://lady-elka.ru/d/photo_2025-09-05_21-39-54.jpg | https://mgnotvaahftrbifqtahf.supabase.co/storage/v1/object/public/le-catalog-images/89e6f610-c24f-4eef-aaff-634e70860518.webp | https://mgnotvaahftrbifqtahf.supabase.co/storage/v1/object/public/le-catalog-images/7490d965-fb97-4bb4-bd72-0c52edd1d5ab.webp | https://mgnotvaahftrbifqtahf.supabase.co/storage/v1/object/public/le-catalog-images/704370e7-0d01-4d15-bfa9-b25a7c8ee603.webp | https://mgnotvaahftrbifqtahf.supabase.co/storage/v1/object/public/le-catalog-images/257ab2ab-ebcc-4c26-a67f-6780f3b9442d.webp | https://mgnotvaahftrbifqtahf.supabase.co/storage/v1/object/public/le-catalog-images/f43298f9-2d30-48d2-8ca0-2cad78583050.webp | https://mgnotvaahftrbifqtahf.supabase.co/storage/v1/object/public/le-catalog-images/ad007ff8-3d49-4ace-90ff-036d1d92f5e7.webp | https://mgnotvaahftrbifqtahf.supabase.co/storage/v1/object/public/le-catalog-images/f1e7f190-3c78-405f-b64a-e75b18719631.webp | https://lady-elka.ru/d/photo_2025-09-05_21-40-05.jpg | https://lady-elka.ru/d/photo_2025-09-05_20-54-23.jpg | https://lady-elka.ru/d/photo_2025-09-05_20-54-18.jpg","TRUE","Самая широкая елка по диаметру нижних веток. Имеет правильную крону и густую хвою"
"3","Катрин","С освещением","150","29000","128","565","41429","-30","https://lady-elka.ru/d/photo_2025-09-05_21-42-19.jpg | https://lady-elka.ru/d/photo_2025-09-05_21-42-08.jpg | https://lady-elka.ru/d/photo_2025-09-05_20-54-23.jpg | https://lady-elka.ru/d/photo_2025-09-05_20-54-18.jpg","TRUE","Самая широкая елка по диаметру нижних веток. Имеет правильную крону и густую хвою. Дополнена встроенной гирляндой теплого свечения, без режимов мигания."
"3","Катрин","С освещением","185","44000","158","985","62858","-30","https://lady-elka.ru/d/photo_2025-09-05_21-42-19.jpg | https://lady-elka.ru/d/photo_2025-09-05_21-42-08.jpg | https://lady-elka.ru/d/photo_2025-09-05_20-54-23.jpg | https://lady-elka.ru/d/photo_2025-09-05_20-54-18.jpg","TRUE","Самая широкая елка по диаметру нижних веток. Имеет правильную крону и густую хвою. Дополнена встроенной гирляндой теплого свечения, без режимов мигания."
"3","Катрин","С освещением","215","59000","170","1273","84286","-30","https://lady-elka.ru/d/photo_2025-09-05_21-42-19.jpg | https://lady-elka.ru/d/photo_2025-09-05_21-42-08.jpg | https://lady-elka.ru/d/photo_2025-09-05_20-54-23.jpg | https://lady-elka.ru/d/photo_2025-09-05_20-54-18.jpg","TRUE","Самая широкая елка по диаметру нижних веток. Имеет правильную крону и густую хвою. Дополнена встроенной гирляндой теплого свечения, без режимов мигания."
"3","Катрин","С освещением","230","73000","188","1665","104286","-30","https://lady-elka.ru/d/photo_2025-09-05_21-42-19.jpg | https://lady-elka.ru/d/photo_2025-09-05_21-42-08.jpg | https://lady-elka.ru/d/photo_2025-09-05_20-54-23.jpg | https://lady-elka.ru/d/photo_2025-09-05_20-54-18.jpg","TRUE","Самая широкая елка по диаметру нижних веток. Имеет правильную крону и густую хвою. Дополнена встроенной гирляндой теплого свечения, без режимов мигания."
"3","Катрин","С освещением","250","89000","200","2113","127143","-30","https://lady-elka.ru/d/photo_2025-09-05_21-42-19.jpg | https://lady-elka.ru/d/photo_2025-09-05_21-42-08.jpg | https://lady-elka.ru/d/photo_2025-09-05_20-54-23.jpg | https://lady-elka.ru/d/photo_2025-09-05_20-54-18.jpg","TRUE","Самая широкая елка по диаметру нижних веток. Имеет правильную крону и густую хвою. Дополнена встроенной гирляндой теплого свечения, без режимов мигания."
"3","Катрин","С освещением","270","103000","212","2653","147143","-30","https://lady-elka.ru/d/photo_2025-09-05_21-42-19.jpg | https://lady-elka.ru/d/photo_2025-09-05_21-42-08.jpg | https://lady-elka.ru/d/photo_2025-09-05_20-54-23.jpg | https://lady-elka.ru/d/photo_2025-09-05_20-54-18.jpg","TRUE","Самая широкая елка по диаметру нижних веток. Имеет правильную крону и густую хвою. Дополнена встроенной гирляндой теплого свечения, без режимов мигания."
"3","Катрин","С освещением","300","122000","224","3253","174286","-30","https://lady-elka.ru/d/photo_2025-09-05_21-42-19.jpg | https://lady-elka.ru/d/photo_2025-09-05_21-42-08.jpg | https://lady-elka.ru/d/photo_2025-09-05_20-54-23.jpg | https://lady-elka.ru/d/photo_2025-09-05_20-54-18.jpg","TRUE","Самая широкая елка по диаметру нижних веток. Имеет правильную крону и густую хвою. Дополнена встроенной гирляндой теплого свечения, без режимов мигания."
"3","Катрин","Заснеженная с освещением","150","36000","128","565","51429","-30","https://lady-elka.ru/d/photo_2025-09-05_21-42-22.jpg | https://mgnotvaahftrbifqtahf.supabase.co/storage/v1/object/public/le-catalog-images/d7929066-a3e6-42be-b111-d9d59867d254.webp | https://lady-elka.ru/d/img_1935.jpg | https://lady-elka.ru/d/photo_2025-09-05_21-13-00.jpg","TRUE","Самая широкая елка по диаметру нижних веток. Имеет правильную крону и густую хвою с хлопковым напылением. Дополнена встроенной гирляндой теплого свечения, без режимов мигания"
"3","Катрин","Заснеженная с освещением","185","53000","158","985","75715","-30","https://lady-elka.ru/d/photo_2025-09-05_21-42-22.jpg | https://mgnotvaahftrbifqtahf.supabase.co/storage/v1/object/public/le-catalog-images/d7929066-a3e6-42be-b111-d9d59867d254.webp | https://lady-elka.ru/d/img_1935.jpg | https://lady-elka.ru/d/photo_2025-09-05_21-13-00.jpg","TRUE","Самая широкая елка по диаметру нижних веток. Имеет правильную крону и густую хвою с хлопковым напылением. Дополнена встроенной гирляндой теплого свечения, без режимов мигания"
"3","Катрин","Заснеженная с освещением","215","69000","170","1273","98572","-30","https://lady-elka.ru/d/photo_2025-09-05_21-42-22.jpg | https://mgnotvaahftrbifqtahf.supabase.co/storage/v1/object/public/le-catalog-images/d7929066-a3e6-42be-b111-d9d59867d254.webp | https://lady-elka.ru/d/img_1935.jpg | https://lady-elka.ru/d/photo_2025-09-05_21-13-00.jpg","TRUE","Самая широкая елка по диаметру нижних веток. Имеет правильную крону и густую хвою с хлопковым напылением. Дополнена встроенной гирляндой теплого свечения, без режимов мигания"
"3","Катрин","Заснеженная с освещением","230","83000","188","1665","118572","-30","https://lady-elka.ru/d/photo_2025-09-05_21-42-22.jpg | https://mgnotvaahftrbifqtahf.supabase.co/storage/v1/object/public/le-catalog-images/d7929066-a3e6-42be-b111-d9d59867d254.webp | https://lady-elka.ru/d/img_1935.jpg | https://lady-elka.ru/d/photo_2025-09-05_21-13-00.jpg","TRUE","Самая широкая елка по диаметру нижних веток. Имеет правильную крону и густую хвою с хлопковым напылением. Дополнена встроенной гирляндой теплого свечения, без режимов мигания"
"3","Катрин","Заснеженная с освещением","250","102000","200","2113","145715","-30","https://lady-elka.ru/d/photo_2025-09-05_21-42-22.jpg | https://mgnotvaahftrbifqtahf.supabase.co/storage/v1/object/public/le-catalog-images/d7929066-a3e6-42be-b111-d9d59867d254.webp | https://lady-elka.ru/d/img_1935.jpg | https://lady-elka.ru/d/photo_2025-09-05_21-13-00.jpg","TRUE","Самая широкая елка по диаметру нижних веток. Имеет правильную крону и густую хвою с хлопковым напылением. Дополнена встроенной гирляндой теплого свечения, без режимов мигания"
"3","Катрин","Заснеженная с освещением","270","116000","212","2653","165715","-30","https://lady-elka.ru/d/photo_2025-09-05_21-42-22.jpg | https://mgnotvaahftrbifqtahf.supabase.co/storage/v1/object/public/le-catalog-images/d7929066-a3e6-42be-b111-d9d59867d254.webp | https://lady-elka.ru/d/img_1935.jpg | https://lady-elka.ru/d/photo_2025-09-05_21-13-00.jpg","TRUE","Самая широкая елка по диаметру нижних веток. Имеет правильную крону и густую хвою с хлопковым напылением. Дополнена встроенной гирляндой теплого свечения, без режимов мигания"
"3","Катрин","Заснеженная с освещением","300","132000","224","3253","188572","-30","https://lady-elka.ru/d/photo_2025-09-05_21-42-22.jpg | https://mgnotvaahftrbifqtahf.supabase.co/storage/v1/object/public/le-catalog-images/d7929066-a3e6-42be-b111-d9d59867d254.webp | https://lady-elka.ru/d/img_1935.jpg | https://lady-elka.ru/d/photo_2025-09-05_21-13-00.jpg","TRUE","Самая широкая елка по диаметру нижних веток. Имеет правильную крону и густую хвою с хлопковым напылением. Дополнена встроенной гирляндой теплого свечения, без режимов мигания"
"30","Туя шар на ножке","Туя","115","13900","0","0","19858","-30","https://mgnotvaahftrbifqtahf.supabase.co/storage/v1/object/public/le-catalog-images/c78af06e-cf11-5322-a3ec-49cb7b88f56a.webp | https://mgnotvaahftrbifqtahf.supabase.co/storage/v1/object/public/le-catalog-images/49370b01-7ff6-56f8-a460-4566c6b1bb96.webp | https://mgnotvaahftrbifqtahf.supabase.co/storage/v1/object/public/le-catalog-images/c93b0ddd-6635-5b1b-a658-8cf988328610.webp | https://mgnotvaahftrbifqtahf.supabase.co/storage/v1/object/public/le-catalog-images/c1278d01-9fe0-5ac4-aa30-ae3d860111b4.webp","TRUE",""
"31","Туя 180 - 250 см","Туя","180","16000","76","452","22858","-30","https://mgnotvaahftrbifqtahf.supabase.co/storage/v1/object/public/le-catalog-images/87097a51-8c1f-5dff-a963-d6814e6558c0.webp | https://mgnotvaahftrbifqtahf.supabase.co/storage/v1/object/public/le-catalog-images/2d380f0e-e012-5822-a769-34d4f5337fda.webp | https://mgnotvaahftrbifqtahf.supabase.co/storage/v1/object/public/le-catalog-images/c1251f4a-0615-5b0e-a6d6-7297de67f45c.webp | https://mgnotvaahftrbifqtahf.supabase.co/storage/v1/object/public/le-catalog-images/f0f6b8ea-03c3-540c-a406-0754dffe2e30.webp","TRUE",""
"31","Туя 180 - 250 см","Туя","210","18000","78","542","25715","-30","https://mgnotvaahftrbifqtahf.supabase.co/storage/v1/object/public/le-catalog-images/87097a51-8c1f-5dff-a963-d6814e6558c0.webp | https://mgnotvaahftrbifqtahf.supabase.co/storage/v1/object/public/le-catalog-images/2d380f0e-e012-5822-a769-34d4f5337fda.webp | https://mgnotvaahftrbifqtahf.supabase.co/storage/v1/object/public/le-catalog-images/c1251f4a-0615-5b0e-a6d6-7297de67f45c.webp | https://mgnotvaahftrbifqtahf.supabase.co/storage/v1/object/public/le-catalog-images/f0f6b8ea-03c3-540c-a406-0754dffe2e30.webp","TRUE",""
"31","Туя 180 - 250 см","Туя","230","21400","80","662","30572","-30","https://mgnotvaahftrbifqtahf.supabase.co/storage/v1/object/public/le-catalog-images/87097a51-8c1f-5dff-a963-d6814e6558c0.webp | https://mgnotvaahftrbifqtahf.supabase.co/storage/v1/object/public/le-catalog-images/2d380f0e-e012-5822-a769-34d4f5337fda.webp | https://mgnotvaahftrbifqtahf.supabase.co/storage/v1/object/public/le-catalog-images/c1251f4a-0615-5b0e-a6d6-7297de67f45c.webp | https://mgnotvaahftrbifqtahf.supabase.co/storage/v1/object/public/le-catalog-images/f0f6b8ea-03c3-540c-a406-0754dffe2e30.webp","TRUE",""
"31","Туя 180 - 250 см","Туя","250","25500","80","662","36429","-30","https://mgnotvaahftrbifqtahf.supabase.co/storage/v1/object/public/le-catalog-images/87097a51-8c1f-5dff-a963-d6814e6558c0.webp | https://mgnotvaahftrbifqtahf.supabase.co/storage/v1/object/public/le-catalog-images/2d380f0e-e012-5822-a769-34d4f5337fda.webp | https://mgnotvaahftrbifqtahf.supabase.co/storage/v1/object/public/le-catalog-images/c1251f4a-0615-5b0e-a6d6-7297de67f45c.webp | https://mgnotvaahftrbifqtahf.supabase.co/storage/v1/object/public/le-catalog-images/f0f6b8ea-03c3-540c-a406-0754dffe2e30.webp","TRUE",""
"32","Можжевельник","Туя","120","8600","33","290","12286","-30","https://mgnotvaahftrbifqtahf.supabase.co/storage/v1/object/public/le-catalog-images/0ae4b1ae-9a22-5eba-a174-49df9aaf0341.webp | https://mgnotvaahftrbifqtahf.supabase.co/storage/v1/object/public/le-catalog-images/5a8db927-7bd5-5388-a3f2-85c69c7448be.webp","TRUE",""
"32","Можжевельник","Туя","150","12400","32","456","17715","-30","https://mgnotvaahftrbifqtahf.supabase.co/storage/v1/object/public/le-catalog-images/0ae4b1ae-9a22-5eba-a174-49df9aaf0341.webp | https://mgnotvaahftrbifqtahf.supabase.co/storage/v1/object/public/le-catalog-images/5a8db927-7bd5-5388-a3f2-85c69c7448be.webp","TRUE",""
"32","Можжевельник","Туя","180","13800","34","600","19715","-30","https://mgnotvaahftrbifqtahf.supabase.co/storage/v1/object/public/le-catalog-images/0ae4b1ae-9a22-5eba-a174-49df9aaf0341.webp | https://mgnotvaahftrbifqtahf.supabase.co/storage/v1/object/public/le-catalog-images/5a8db927-7bd5-5388-a3f2-85c69c7448be.webp","TRUE",""
"33","Кипарисовик","Туя","60","3400","0","0","4858","-30","https://mgnotvaahftrbifqtahf.supabase.co/storage/v1/object/public/le-catalog-images/f4494c6e-53cb-59a2-a47c-f390e0e2c030.webp | https://mgnotvaahftrbifqtahf.supabase.co/storage/v1/object/public/le-catalog-images/cf479da3-0a38-59b7-a70f-3aa5deaeba06.webp | https://mgnotvaahftrbifqtahf.supabase.co/storage/v1/object/public/le-catalog-images/27653b25-5783-5a6c-a453-5c922be7b312.webp | https://mgnotvaahftrbifqtahf.supabase.co/storage/v1/object/public/le-catalog-images/d566a409-d970-5f9a-a5ee-2761f0ad9813.webp","TRUE",""
"34","Каролина","Зелёная","150","23000","104","0","32858","-30","https://mgnotvaahftrbifqtahf.supabase.co/storage/v1/object/public/le-catalog-images/14d95bf0-1e66-540f-a417-731d613dccd7.webp | https://mgnotvaahftrbifqtahf.supabase.co/storage/v1/object/public/le-catalog-images/2116f963-0472-5eda-a54b-39ef137ee33c.webp | https://mgnotvaahftrbifqtahf.supabase.co/storage/v1/object/public/le-catalog-images/574e750b-fb44-5045-a703-c85300f48544.webp | https://mgnotvaahftrbifqtahf.supabase.co/storage/v1/object/public/le-catalog-images/be719508-51f7-50be-abc7-e9ed7dbcf07e.webp","TRUE","Текст"
"34","Каролина","Зелёная","185","17000","134","0","24286","-30","https://mgnotvaahftrbifqtahf.supabase.co/storage/v1/object/public/le-catalog-images/14d95bf0-1e66-540f-a417-731d613dccd7.webp | https://mgnotvaahftrbifqtahf.supabase.co/storage/v1/object/public/le-catalog-images/2116f963-0472-5eda-a54b-39ef137ee33c.webp | https://mgnotvaahftrbifqtahf.supabase.co/storage/v1/object/public/le-catalog-images/574e750b-fb44-5045-a703-c85300f48544.webp | https://mgnotvaahftrbifqtahf.supabase.co/storage/v1/object/public/le-catalog-images/be719508-51f7-50be-abc7-e9ed7dbcf07e.webp","TRUE","Текст"
"34","Каролина","Зелёная","215","24000","164","0","34286","-30","https://mgnotvaahftrbifqtahf.supabase.co/storage/v1/object/public/le-catalog-images/14d95bf0-1e66-540f-a417-731d613dccd7.webp | https://mgnotvaahftrbifqtahf.supabase.co/storage/v1/object/public/le-catalog-images/2116f963-0472-5eda-a54b-39ef137ee33c.webp | https://mgnotvaahftrbifqtahf.supabase.co/storage/v1/object/public/le-catalog-images/574e750b-fb44-5045-a703-c85300f48544.webp | https://mgnotvaahftrbifqtahf.supabase.co/storage/v1/object/public/le-catalog-images/be719508-51f7-50be-abc7-e9ed7dbcf07e.webp","TRUE","Текст"
"34","Каролина","Зелёная","230","28000","174","0","40000","-30","https://mgnotvaahftrbifqtahf.supabase.co/storage/v1/object/public/le-catalog-images/14d95bf0-1e66-540f-a417-731d613dccd7.webp | https://mgnotvaahftrbifqtahf.supabase.co/storage/v1/object/public/le-catalog-images/2116f963-0472-5eda-a54b-39ef137ee33c.webp | https://mgnotvaahftrbifqtahf.supabase.co/storage/v1/object/public/le-catalog-images/574e750b-fb44-5045-a703-c85300f48544.webp | https://mgnotvaahftrbifqtahf.supabase.co/storage/v1/object/public/le-catalog-images/be719508-51f7-50be-abc7-e9ed7dbcf07e.webp","TRUE","Текст"
"35","Мишель","Зелёная","160","34000","98","371","48572","-30","https://mgnotvaahftrbifqtahf.supabase.co/storage/v1/object/public/le-catalog-images/86d44a50-1242-50a3-aace-67b27df5e243.webp | https://mgnotvaahftrbifqtahf.supabase.co/storage/v1/object/public/le-catalog-images/3233e8cd-6206-5c57-a604-5e6b51992ed5.webp | https://mgnotvaahftrbifqtahf.supabase.co/storage/v1/object/public/le-catalog-images/c481f2ff-3f7c-53e0-a32e-2da867cac1ce.webp | https://mgnotvaahftrbifqtahf.supabase.co/storage/v1/object/public/le-catalog-images/50619c72-4d99-563b-ade8-addf44d11f05.webp","TRUE","Текст"
"35","Мишель","Зелёная","190","21000","112","547","30000","-30","https://mgnotvaahftrbifqtahf.supabase.co/storage/v1/object/public/le-catalog-images/86d44a50-1242-50a3-aace-67b27df5e243.webp | https://mgnotvaahftrbifqtahf.supabase.co/storage/v1/object/public/le-catalog-images/3233e8cd-6206-5c57-a604-5e6b51992ed5.webp | https://mgnotvaahftrbifqtahf.supabase.co/storage/v1/object/public/le-catalog-images/c481f2ff-3f7c-53e0-a32e-2da867cac1ce.webp | https://mgnotvaahftrbifqtahf.supabase.co/storage/v1/object/public/le-catalog-images/50619c72-4d99-563b-ade8-addf44d11f05.webp","TRUE","Текст"
"35","Мишель","Зелёная","220","27000","124","811","38572","-30","https://mgnotvaahftrbifqtahf.supabase.co/storage/v1/object/public/le-catalog-images/86d44a50-1242-50a3-aace-67b27df5e243.webp | https://mgnotvaahftrbifqtahf.supabase.co/storage/v1/object/public/le-catalog-images/3233e8cd-6206-5c57-a604-5e6b51992ed5.webp | https://mgnotvaahftrbifqtahf.supabase.co/storage/v1/object/public/le-catalog-images/c481f2ff-3f7c-53e0-a32e-2da867cac1ce.webp | https://mgnotvaahftrbifqtahf.supabase.co/storage/v1/object/public/le-catalog-images/50619c72-4d99-563b-ade8-addf44d11f05.webp","TRUE","Текст"
"35","Мишель","Зелёная","240","31000","132","957","44286","-30","https://mgnotvaahftrbifqtahf.supabase.co/storage/v1/object/public/le-catalog-images/86d44a50-1242-50a3-aace-67b27df5e243.webp | https://mgnotvaahftrbifqtahf.supabase.co/storage/v1/object/public/le-catalog-images/3233e8cd-6206-5c57-a604-5e6b51992ed5.webp | https://mgnotvaahftrbifqtahf.supabase.co/storage/v1/object/public/le-catalog-images/c481f2ff-3f7c-53e0-a32e-2da867cac1ce.webp | https://mgnotvaahftrbifqtahf.supabase.co/storage/v1/object/public/le-catalog-images/50619c72-4d99-563b-ade8-addf44d11f05.webp","TRUE","Текст"
"4","Аврора","Зелёная","155","21000","98","709","30000","-30","https://lady-elka.ru/d/photo_2025-09-05_21-49-30.jpg | https://mgnotvaahftrbifqtahf.supabase.co/storage/v1/object/public/le-catalog-images/cffaa153-743c-42bc-b6ce-6982e6b847c7.webp | https://mgnotvaahftrbifqtahf.supabase.co/storage/v1/object/public/le-catalog-images/0534b264-b96a-427d-8446-7e8d0725a3fe.webp | https://mgnotvaahftrbifqtahf.supabase.co/storage/v1/object/public/le-catalog-images/8ba1c5e8-dcf2-48d2-91f6-3686e1a943bb.webp | https://lady-elka.ru/d/photo_2025-09-05_21-49-40.jpg | https://lady-elka.ru/d/photo_2025-09-05_21-49-37.jpg | https://lady-elka.ru/d/photo_2025-09-05_20-54-23.jpg | https://lady-elka.ru/d/photo_2025-09-05_20-54-18.jpg","TRUE","Елка имеет двухцветную светло-зеленую хвою. Одна из самых густых моделей, при этом небольшая в нижнем диаметре"
"4","Аврора","Зелёная","185","29000","110","985","41429","-30","https://lady-elka.ru/d/photo_2025-09-05_21-49-30.jpg | https://mgnotvaahftrbifqtahf.supabase.co/storage/v1/object/public/le-catalog-images/cffaa153-743c-42bc-b6ce-6982e6b847c7.webp | https://mgnotvaahftrbifqtahf.supabase.co/storage/v1/object/public/le-catalog-images/0534b264-b96a-427d-8446-7e8d0725a3fe.webp | https://mgnotvaahftrbifqtahf.supabase.co/storage/v1/object/public/le-catalog-images/8ba1c5e8-dcf2-48d2-91f6-3686e1a943bb.webp | https://lady-elka.ru/d/photo_2025-09-05_21-49-40.jpg | https://lady-elka.ru/d/photo_2025-09-05_21-49-37.jpg | https://lady-elka.ru/d/photo_2025-09-05_20-54-23.jpg | https://lady-elka.ru/d/photo_2025-09-05_20-54-18.jpg","TRUE","Елка имеет двухцветную светло-зеленую хвою. Одна из самых густых моделей, при этом небольшая в нижнем диаметре"
"4","Аврора","Зелёная","215","43000","126","1481","61429","-30","https://lady-elka.ru/d/photo_2025-09-05_21-49-30.jpg | https://mgnotvaahftrbifqtahf.supabase.co/storage/v1/object/public/le-catalog-images/cffaa153-743c-42bc-b6ce-6982e6b847c7.webp | https://mgnotvaahftrbifqtahf.supabase.co/storage/v1/object/public/le-catalog-images/0534b264-b96a-427d-8446-7e8d0725a3fe.webp | https://mgnotvaahftrbifqtahf.supabase.co/storage/v1/object/public/le-catalog-images/8ba1c5e8-dcf2-48d2-91f6-3686e1a943bb.webp | https://lady-elka.ru/d/photo_2025-09-05_21-49-40.jpg | https://lady-elka.ru/d/photo_2025-09-05_21-49-37.jpg | https://lady-elka.ru/d/photo_2025-09-05_20-54-23.jpg | https://lady-elka.ru/d/photo_2025-09-05_20-54-18.jpg","TRUE","Елка имеет двухцветную светло-зеленую хвою. Одна из самых густых моделей, при этом небольшая в нижнем диаметре"
"4","Аврора","Зелёная","230","51000","134","1729","72858","-30","https://lady-elka.ru/d/photo_2025-09-05_21-49-30.jpg | https://mgnotvaahftrbifqtahf.supabase.co/storage/v1/object/public/le-catalog-images/cffaa153-743c-42bc-b6ce-6982e6b847c7.webp | https://mgnotvaahftrbifqtahf.supabase.co/storage/v1/object/public/le-catalog-images/0534b264-b96a-427d-8446-7e8d0725a3fe.webp | https://mgnotvaahftrbifqtahf.supabase.co/storage/v1/object/public/le-catalog-images/8ba1c5e8-dcf2-48d2-91f6-3686e1a943bb.webp | https://lady-elka.ru/d/photo_2025-09-05_21-49-40.jpg | https://lady-elka.ru/d/photo_2025-09-05_21-49-37.jpg | https://lady-elka.ru/d/photo_2025-09-05_20-54-23.jpg | https://lady-elka.ru/d/photo_2025-09-05_20-54-18.jpg","TRUE","Елка имеет двухцветную светло-зеленую хвою. Одна из самых густых моделей, при этом небольшая в нижнем диаметре"
"4","Аврора","Зелёная","250","61000","140","2073","87143","-30","https://lady-elka.ru/d/photo_2025-09-05_21-49-30.jpg | https://mgnotvaahftrbifqtahf.supabase.co/storage/v1/object/public/le-catalog-images/cffaa153-743c-42bc-b6ce-6982e6b847c7.webp | https://mgnotvaahftrbifqtahf.supabase.co/storage/v1/object/public/le-catalog-images/0534b264-b96a-427d-8446-7e8d0725a3fe.webp | https://mgnotvaahftrbifqtahf.supabase.co/storage/v1/object/public/le-catalog-images/8ba1c5e8-dcf2-48d2-91f6-3686e1a943bb.webp | https://lady-elka.ru/d/photo_2025-09-05_21-49-40.jpg | https://lady-elka.ru/d/photo_2025-09-05_21-49-37.jpg | https://lady-elka.ru/d/photo_2025-09-05_20-54-23.jpg | https://lady-elka.ru/d/photo_2025-09-05_20-54-18.jpg","TRUE","Елка имеет двухцветную светло-зеленую хвою. Одна из самых густых моделей, при этом небольшая в нижнем диаметре"
"4","Аврора","Зелёная","270","76000","146","2537","108572","-30","https://lady-elka.ru/d/photo_2025-09-05_21-49-30.jpg | https://mgnotvaahftrbifqtahf.supabase.co/storage/v1/object/public/le-catalog-images/cffaa153-743c-42bc-b6ce-6982e6b847c7.webp | https://mgnotvaahftrbifqtahf.supabase.co/storage/v1/object/public/le-catalog-images/0534b264-b96a-427d-8446-7e8d0725a3fe.webp | https://mgnotvaahftrbifqtahf.supabase.co/storage/v1/object/public/le-catalog-images/8ba1c5e8-dcf2-48d2-91f6-3686e1a943bb.webp | https://lady-elka.ru/d/photo_2025-09-05_21-49-40.jpg | https://lady-elka.ru/d/photo_2025-09-05_21-49-37.jpg | https://lady-elka.ru/d/photo_2025-09-05_20-54-23.jpg | https://lady-elka.ru/d/photo_2025-09-05_20-54-18.jpg","TRUE","Елка имеет двухцветную светло-зеленую хвою. Одна из самых густых моделей, при этом небольшая в нижнем диаметре"
"4","Аврора","Зелёная","300","91000","152","3001","130000","-30","https://lady-elka.ru/d/photo_2025-09-05_21-49-30.jpg | https://mgnotvaahftrbifqtahf.supabase.co/storage/v1/object/public/le-catalog-images/cffaa153-743c-42bc-b6ce-6982e6b847c7.webp | https://mgnotvaahftrbifqtahf.supabase.co/storage/v1/object/public/le-catalog-images/0534b264-b96a-427d-8446-7e8d0725a3fe.webp | https://mgnotvaahftrbifqtahf.supabase.co/storage/v1/object/public/le-catalog-images/8ba1c5e8-dcf2-48d2-91f6-3686e1a943bb.webp | https://lady-elka.ru/d/photo_2025-09-05_21-49-40.jpg | https://lady-elka.ru/d/photo_2025-09-05_21-49-37.jpg | https://lady-elka.ru/d/photo_2025-09-05_20-54-23.jpg | https://lady-elka.ru/d/photo_2025-09-05_20-54-18.jpg","TRUE","Елка имеет двухцветную светло-зеленую хвою. Одна из самых густых моделей, при этом небольшая в нижнем диаметре"
"4","Аврора","С освещением","155","29000","98","709","41429","-30","https://lady-elka.ru/d/photo_2025-09-05_21-51-40.jpg | https://mgnotvaahftrbifqtahf.supabase.co/storage/v1/object/public/le-catalog-images/a2dcf05a-fcf1-46b9-a7b8-bcc5765fdb27.webp | https://mgnotvaahftrbifqtahf.supabase.co/storage/v1/object/public/le-catalog-images/d6670ffe-ae1b-4082-ba0b-94e883cd9014.webp | https://mgnotvaahftrbifqtahf.supabase.co/storage/v1/object/public/le-catalog-images/c106f3ef-5980-4175-acff-89352e71c5d7.webp | https://mgnotvaahftrbifqtahf.supabase.co/storage/v1/object/public/le-catalog-images/bfa2d5db-2058-41a7-85f1-4ab5fca77ba5.webp | https://mgnotvaahftrbifqtahf.supabase.co/storage/v1/object/public/le-catalog-images/41698f15-f6ae-40cf-95b3-501d90b57280.webp | https://lady-elka.ru/d/photo_2025-09-05_20-54-23.jpg | https://lady-elka.ru/d/photo_2025-09-05_20-54-18.jpg","TRUE","Елка имеет двухцветную светло-зеленую хвою. Одна из самых густых моделей, при этом небольшая в нижнем диаметре. Дополнена встроенной гирляндой теплого свечения, без режимов мигания"
"4","Аврора","С освещением","185","39000","110","985","55715","-30","https://lady-elka.ru/d/photo_2025-09-05_21-51-40.jpg | https://mgnotvaahftrbifqtahf.supabase.co/storage/v1/object/public/le-catalog-images/a2dcf05a-fcf1-46b9-a7b8-bcc5765fdb27.webp | https://mgnotvaahftrbifqtahf.supabase.co/storage/v1/object/public/le-catalog-images/d6670ffe-ae1b-4082-ba0b-94e883cd9014.webp | https://mgnotvaahftrbifqtahf.supabase.co/storage/v1/object/public/le-catalog-images/c106f3ef-5980-4175-acff-89352e71c5d7.webp | https://mgnotvaahftrbifqtahf.supabase.co/storage/v1/object/public/le-catalog-images/bfa2d5db-2058-41a7-85f1-4ab5fca77ba5.webp | https://mgnotvaahftrbifqtahf.supabase.co/storage/v1/object/public/le-catalog-images/41698f15-f6ae-40cf-95b3-501d90b57280.webp | https://lady-elka.ru/d/photo_2025-09-05_20-54-23.jpg | https://lady-elka.ru/d/photo_2025-09-05_20-54-18.jpg","TRUE","Елка имеет двухцветную светло-зеленую хвою. Одна из самых густых моделей, при этом небольшая в нижнем диаметре. Дополнена встроенной гирляндой теплого свечения, без режимов мигания"
"4","Аврора","С освещением","215","58000","126","1481","82858","-30","https://lady-elka.ru/d/photo_2025-09-05_21-51-40.jpg | https://mgnotvaahftrbifqtahf.supabase.co/storage/v1/object/public/le-catalog-images/a2dcf05a-fcf1-46b9-a7b8-bcc5765fdb27.webp | https://mgnotvaahftrbifqtahf.supabase.co/storage/v1/object/public/le-catalog-images/d6670ffe-ae1b-4082-ba0b-94e883cd9014.webp | https://mgnotvaahftrbifqtahf.supabase.co/storage/v1/object/public/le-catalog-images/c106f3ef-5980-4175-acff-89352e71c5d7.webp | https://mgnotvaahftrbifqtahf.supabase.co/storage/v1/object/public/le-catalog-images/bfa2d5db-2058-41a7-85f1-4ab5fca77ba5.webp | https://mgnotvaahftrbifqtahf.supabase.co/storage/v1/object/public/le-catalog-images/41698f15-f6ae-40cf-95b3-501d90b57280.webp | https://lady-elka.ru/d/photo_2025-09-05_20-54-23.jpg | https://lady-elka.ru/d/photo_2025-09-05_20-54-18.jpg","TRUE","Елка имеет двухцветную светло-зеленую хвою. Одна из самых густых моделей, при этом небольшая в нижнем диаметре. Дополнена встроенной гирляндой теплого свечения, без режимов мигания"
"4","Аврора","С освещением","230","71000","134","1729","101429","-30","https://lady-elka.ru/d/photo_2025-09-05_21-51-40.jpg | https://mgnotvaahftrbifqtahf.supabase.co/storage/v1/object/public/le-catalog-images/a2dcf05a-fcf1-46b9-a7b8-bcc5765fdb27.webp | https://mgnotvaahftrbifqtahf.supabase.co/storage/v1/object/public/le-catalog-images/d6670ffe-ae1b-4082-ba0b-94e883cd9014.webp | https://mgnotvaahftrbifqtahf.supabase.co/storage/v1/object/public/le-catalog-images/c106f3ef-5980-4175-acff-89352e71c5d7.webp | https://mgnotvaahftrbifqtahf.supabase.co/storage/v1/object/public/le-catalog-images/bfa2d5db-2058-41a7-85f1-4ab5fca77ba5.webp | https://mgnotvaahftrbifqtahf.supabase.co/storage/v1/object/public/le-catalog-images/41698f15-f6ae-40cf-95b3-501d90b57280.webp | https://lady-elka.ru/d/photo_2025-09-05_20-54-23.jpg | https://lady-elka.ru/d/photo_2025-09-05_20-54-18.jpg","TRUE","Елка имеет двухцветную светло-зеленую хвою. Одна из самых густых моделей, при этом небольшая в нижнем диаметре. Дополнена встроенной гирляндой теплого свечения, без режимов мигания"
"4","Аврора","С освещением","250","83000","140","2073","118572","-30","https://lady-elka.ru/d/photo_2025-09-05_21-51-40.jpg | https://mgnotvaahftrbifqtahf.supabase.co/storage/v1/object/public/le-catalog-images/a2dcf05a-fcf1-46b9-a7b8-bcc5765fdb27.webp | https://mgnotvaahftrbifqtahf.supabase.co/storage/v1/object/public/le-catalog-images/d6670ffe-ae1b-4082-ba0b-94e883cd9014.webp | https://mgnotvaahftrbifqtahf.supabase.co/storage/v1/object/public/le-catalog-images/c106f3ef-5980-4175-acff-89352e71c5d7.webp | https://mgnotvaahftrbifqtahf.supabase.co/storage/v1/object/public/le-catalog-images/bfa2d5db-2058-41a7-85f1-4ab5fca77ba5.webp | https://mgnotvaahftrbifqtahf.supabase.co/storage/v1/object/public/le-catalog-images/41698f15-f6ae-40cf-95b3-501d90b57280.webp | https://lady-elka.ru/d/photo_2025-09-05_20-54-23.jpg | https://lady-elka.ru/d/photo_2025-09-05_20-54-18.jpg","TRUE","Елка имеет двухцветную светло-зеленую хвою. Одна из самых густых моделей, при этом небольшая в нижнем диаметре. Дополнена встроенной гирляндой теплого свечения, без режимов мигания"
"4","Аврора","С освещением","270","102000","146","2537","145715","-30","https://lady-elka.ru/d/photo_2025-09-05_21-51-40.jpg | https://mgnotvaahftrbifqtahf.supabase.co/storage/v1/object/public/le-catalog-images/a2dcf05a-fcf1-46b9-a7b8-bcc5765fdb27.webp | https://mgnotvaahftrbifqtahf.supabase.co/storage/v1/object/public/le-catalog-images/d6670ffe-ae1b-4082-ba0b-94e883cd9014.webp | https://mgnotvaahftrbifqtahf.supabase.co/storage/v1/object/public/le-catalog-images/c106f3ef-5980-4175-acff-89352e71c5d7.webp | https://mgnotvaahftrbifqtahf.supabase.co/storage/v1/object/public/le-catalog-images/bfa2d5db-2058-41a7-85f1-4ab5fca77ba5.webp | https://mgnotvaahftrbifqtahf.supabase.co/storage/v1/object/public/le-catalog-images/41698f15-f6ae-40cf-95b3-501d90b57280.webp | https://lady-elka.ru/d/photo_2025-09-05_20-54-23.jpg | https://lady-elka.ru/d/photo_2025-09-05_20-54-18.jpg","TRUE","Елка имеет двухцветную светло-зеленую хвою. Одна из самых густых моделей, при этом небольшая в нижнем диаметре. Дополнена встроенной гирляндой теплого свечения, без режимов мигания"
"4","Аврора","С освещением","300","123000","152","3001","175715","-30","https://lady-elka.ru/d/photo_2025-09-05_21-51-40.jpg | https://mgnotvaahftrbifqtahf.supabase.co/storage/v1/object/public/le-catalog-images/a2dcf05a-fcf1-46b9-a7b8-bcc5765fdb27.webp | https://mgnotvaahftrbifqtahf.supabase.co/storage/v1/object/public/le-catalog-images/d6670ffe-ae1b-4082-ba0b-94e883cd9014.webp | https://mgnotvaahftrbifqtahf.supabase.co/storage/v1/object/public/le-catalog-images/c106f3ef-5980-4175-acff-89352e71c5d7.webp | https://mgnotvaahftrbifqtahf.supabase.co/storage/v1/object/public/le-catalog-images/bfa2d5db-2058-41a7-85f1-4ab5fca77ba5.webp | https://mgnotvaahftrbifqtahf.supabase.co/storage/v1/object/public/le-catalog-images/41698f15-f6ae-40cf-95b3-501d90b57280.webp | https://lady-elka.ru/d/photo_2025-09-05_20-54-23.jpg | https://lady-elka.ru/d/photo_2025-09-05_20-54-18.jpg","TRUE","Елка имеет двухцветную светло-зеленую хвою. Одна из самых густых моделей, при этом небольшая в нижнем диаметре. Дополнена встроенной гирляндой теплого свечения, без режимов мигания"
"5","Вивиан","Зелёная","150","23000","108","796","32858","-30","https://mgnotvaahftrbifqtahf.supabase.co/storage/v1/object/public/le-catalog-images/63b5ff11-a5f0-4754-b3bf-bc8699a0c224.webp | https://lady-elka.ru/d/photo_2025-09-06_20-59-34.jpg | https://lady-elka.ru/d/photo_2025-09-06_20-59-30.jpg | https://mgnotvaahftrbifqtahf.supabase.co/storage/v1/object/public/le-catalog-images/c120fc52-d822-4de8-8eaa-67deddb7c346.webp | https://lady-elka.ru/d/photo_2025-09-06_20-59-22.jpg | https://lady-elka.ru/d/photo_2025-09-05_20-54-23.jpg | https://lady-elka.ru/d/photo_2025-09-05_20-54-18.jpg","TRUE","Елочка идеально передает все черты настоящего дерева. Пышность, насыщенный зеленый цвет и идеальная крона - вот что выделяет Вивиан среди других моделей."
"5","Вивиан","Зелёная","185","32000","118","1132","45715","-30","https://mgnotvaahftrbifqtahf.supabase.co/storage/v1/object/public/le-catalog-images/63b5ff11-a5f0-4754-b3bf-bc8699a0c224.webp | https://lady-elka.ru/d/photo_2025-09-06_20-59-34.jpg | https://lady-elka.ru/d/photo_2025-09-06_20-59-30.jpg | https://mgnotvaahftrbifqtahf.supabase.co/storage/v1/object/public/le-catalog-images/c120fc52-d822-4de8-8eaa-67deddb7c346.webp | https://lady-elka.ru/d/photo_2025-09-06_20-59-22.jpg | https://lady-elka.ru/d/photo_2025-09-05_20-54-23.jpg | https://lady-elka.ru/d/photo_2025-09-05_20-54-18.jpg","TRUE","Елочка идеально передает все черты настоящего дерева. Пышность, насыщенный зеленый цвет и идеальная крона - вот что выделяет Вивиан среди других моделей."
"5","Вивиан","Зелёная","215","45000","134","1564","64286","-30","https://mgnotvaahftrbifqtahf.supabase.co/storage/v1/object/public/le-catalog-images/63b5ff11-a5f0-4754-b3bf-bc8699a0c224.webp | https://lady-elka.ru/d/photo_2025-09-06_20-59-34.jpg | https://lady-elka.ru/d/photo_2025-09-06_20-59-30.jpg | https://mgnotvaahftrbifqtahf.supabase.co/storage/v1/object/public/le-catalog-images/c120fc52-d822-4de8-8eaa-67deddb7c346.webp | https://lady-elka.ru/d/photo_2025-09-06_20-59-22.jpg | https://lady-elka.ru/d/photo_2025-09-05_20-54-23.jpg | https://lady-elka.ru/d/photo_2025-09-05_20-54-18.jpg","TRUE","Елочка идеально передает все черты настоящего дерева. Пышность, насыщенный зеленый цвет и идеальная крона - вот что выделяет Вивиан среди других моделей."
"5","Вивиан","Зелёная","230","53000","146","1900","75715","-30","https://mgnotvaahftrbifqtahf.supabase.co/storage/v1/object/public/le-catalog-images/63b5ff11-a5f0-4754-b3bf-bc8699a0c224.webp | https://lady-elka.ru/d/photo_2025-09-06_20-59-34.jpg | https://lady-elka.ru/d/photo_2025-09-06_20-59-30.jpg | https://mgnotvaahftrbifqtahf.supabase.co/storage/v1/object/public/le-catalog-images/c120fc52-d822-4de8-8eaa-67deddb7c346.webp | https://lady-elka.ru/d/photo_2025-09-06_20-59-22.jpg | https://lady-elka.ru/d/photo_2025-09-05_20-54-23.jpg | https://lady-elka.ru/d/photo_2025-09-05_20-54-18.jpg","TRUE","Елочка идеально передает все черты настоящего дерева. Пышность, насыщенный зеленый цвет и идеальная крона - вот что выделяет Вивиан среди других моделей."
"6","Бетти","Зелёная","150","20900","126","720","29858","-30","https://lady-elka.ru/d/photo_2025-09-06_21-06-48.jpg | https://lady-elka.ru/d/photo_2025-09-06_21-06-41.jpg | https://lady-elka.ru/d/photo_2025-09-06_21-06-52.jpg | https://lady-elka.ru/d/photo_2025-09-06_21-06-15.jpg | https://lady-elka.ru/d/photo_2025-09-05_20-54-23.jpg | https://lady-elka.ru/d/photo_2025-09-05_20-54-18.jpg","TRUE","Главной особенностью Бетти являются длинные иголки. Модель состоит из широких веточек с темно-зеленой хвоей"
"6","Бетти","Зелёная","185","29000","140","1084","41429","-30","https://lady-elka.ru/d/photo_2025-09-06_21-06-48.jpg | https://lady-elka.ru/d/photo_2025-09-06_21-06-41.jpg | https://lady-elka.ru/d/photo_2025-09-06_21-06-52.jpg | https://lady-elka.ru/d/photo_2025-09-06_21-06-15.jpg | https://lady-elka.ru/d/photo_2025-09-05_20-54-23.jpg | https://lady-elka.ru/d/photo_2025-09-05_20-54-18.jpg","TRUE","Главной особенностью Бетти являются длинные иголки. Модель состоит из широких веточек с темно-зеленой хвоей"
"6","Бетти","Зелёная","215","42000","158","1496","60000","-30","https://lady-elka.ru/d/photo_2025-09-06_21-06-48.jpg | https://lady-elka.ru/d/photo_2025-09-06_21-06-41.jpg | https://lady-elka.ru/d/photo_2025-09-06_21-06-52.jpg | https://lady-elka.ru/d/photo_2025-09-06_21-06-15.jpg | https://lady-elka.ru/d/photo_2025-09-05_20-54-23.jpg | https://lady-elka.ru/d/photo_2025-09-05_20-54-18.jpg","TRUE","Главной особенностью Бетти являются длинные иголки. Модель состоит из широких веточек с темно-зеленой хвоей"
"6","Бетти","Зелёная","230","50900","164","1752","72715","-30","https://lady-elka.ru/d/photo_2025-09-06_21-06-48.jpg | https://lady-elka.ru/d/photo_2025-09-06_21-06-41.jpg | https://lady-elka.ru/d/photo_2025-09-06_21-06-52.jpg | https://lady-elka.ru/d/photo_2025-09-06_21-06-15.jpg | https://lady-elka.ru/d/photo_2025-09-05_20-54-23.jpg | https://lady-elka.ru/d/photo_2025-09-05_20-54-18.jpg","TRUE","Главной особенностью Бетти являются длинные иголки. Модель состоит из широких веточек с темно-зеленой хвоей"
"6","Бетти","Зелёная","250","60000","170","2048","85715","-30","https://lady-elka.ru/d/photo_2025-09-06_21-06-48.jpg | https://lady-elka.ru/d/photo_2025-09-06_21-06-41.jpg | https://lady-elka.ru/d/photo_2025-09-06_21-06-52.jpg | https://lady-elka.ru/d/photo_2025-09-06_21-06-15.jpg | https://lady-elka.ru/d/photo_2025-09-05_20-54-23.jpg | https://lady-elka.ru/d/photo_2025-09-05_20-54-18.jpg","TRUE","Главной особенностью Бетти являются длинные иголки. Модель состоит из широких веточек с темно-зеленой хвоей"
"6","Бетти","Зелёная","270","69000","178","2368","98572","-30","https://lady-elka.ru/d/photo_2025-09-06_21-06-48.jpg | https://lady-elka.ru/d/photo_2025-09-06_21-06-41.jpg | https://lady-elka.ru/d/photo_2025-09-06_21-06-52.jpg | https://lady-elka.ru/d/photo_2025-09-06_21-06-15.jpg | https://lady-elka.ru/d/photo_2025-09-05_20-54-23.jpg | https://lady-elka.ru/d/photo_2025-09-05_20-54-18.jpg","TRUE","Главной особенностью Бетти являются длинные иголки. Модель состоит из широких веточек с темно-зеленой хвоей"
"6","Бетти","Зелёная","300","96000","192","3118","137143","-30","https://lady-elka.ru/d/photo_2025-09-06_21-06-48.jpg | https://lady-elka.ru/d/photo_2025-09-06_21-06-41.jpg | https://lady-elka.ru/d/photo_2025-09-06_21-06-52.jpg | https://lady-elka.ru/d/photo_2025-09-06_21-06-15.jpg | https://lady-elka.ru/d/photo_2025-09-05_20-54-23.jpg | https://lady-elka.ru/d/photo_2025-09-05_20-54-18.jpg","TRUE","Главной особенностью Бетти являются длинные иголки. Модель состоит из широких веточек с темно-зеленой хвоей"
"7","Афина","Заснеженная","155","17000","116","639","24286","-30","https://lady-elka.ru/d/photo_2025-09-06_21-15-31.jpg | https://mgnotvaahftrbifqtahf.supabase.co/storage/v1/object/public/le-catalog-images/25365279-6cad-4ed1-a790-46ddcb1e4436.webp | https://lady-elka.ru/d/photo_2025-09-06_21-15-58.jpg | https://lady-elka.ru/d/photo_2025-09-06_21-17-25.jpg","TRUE","Заснеженная ель с густой кроной. Относится к категории комбинированных — приствольное пространство выполнено из ПВХ, все внешние веточки литые"
"7","Афина","Заснеженная","185","24000","130","927","34286","-30","https://lady-elka.ru/d/photo_2025-09-06_21-15-31.jpg | https://mgnotvaahftrbifqtahf.supabase.co/storage/v1/object/public/le-catalog-images/25365279-6cad-4ed1-a790-46ddcb1e4436.webp | https://lady-elka.ru/d/photo_2025-09-06_21-15-58.jpg | https://lady-elka.ru/d/photo_2025-09-06_21-17-25.jpg","TRUE","Заснеженная ель с густой кроной. Относится к категории комбинированных — приствольное пространство выполнено из ПВХ, все внешние веточки литые"
"7","Афина","Заснеженная","215","31000","148","1367","44286","-30","https://lady-elka.ru/d/photo_2025-09-06_21-15-31.jpg | https://mgnotvaahftrbifqtahf.supabase.co/storage/v1/object/public/le-catalog-images/25365279-6cad-4ed1-a790-46ddcb1e4436.webp | https://lady-elka.ru/d/photo_2025-09-06_21-15-58.jpg | https://lady-elka.ru/d/photo_2025-09-06_21-17-25.jpg","TRUE","Заснеженная ель с густой кроной. Относится к категории комбинированных — приствольное пространство выполнено из ПВХ, все внешние веточки литые"
"7","Афина","Заснеженная","230","37000","154","1599","52858","-30","https://lady-elka.ru/d/photo_2025-09-06_21-15-31.jpg | https://mgnotvaahftrbifqtahf.supabase.co/storage/v1/object/public/le-catalog-images/25365279-6cad-4ed1-a790-46ddcb1e4436.webp | https://lady-elka.ru/d/photo_2025-09-06_21-15-58.jpg | https://lady-elka.ru/d/photo_2025-09-06_21-17-25.jpg","TRUE","Заснеженная ель с густой кроной. Относится к категории комбинированных — приствольное пространство выполнено из ПВХ, все внешние веточки литые"
"7","Афина","Заснеженная","250","47000","160","1895","67143","-30","https://lady-elka.ru/d/photo_2025-09-06_21-15-31.jpg | https://mgnotvaahftrbifqtahf.supabase.co/storage/v1/object/public/le-catalog-images/25365279-6cad-4ed1-a790-46ddcb1e4436.webp | https://lady-elka.ru/d/photo_2025-09-06_21-15-58.jpg | https://lady-elka.ru/d/photo_2025-09-06_21-17-25.jpg","TRUE","Заснеженная ель с густой кроной. Относится к категории комбинированных — приствольное пространство выполнено из ПВХ, все внешние веточки литые"
"7","Афина","Заснеженная","270","56000","168","2511","80000","-30","https://lady-elka.ru/d/photo_2025-09-06_21-15-31.jpg | https://mgnotvaahftrbifqtahf.supabase.co/storage/v1/object/public/le-catalog-images/25365279-6cad-4ed1-a790-46ddcb1e4436.webp | https://lady-elka.ru/d/photo_2025-09-06_21-15-58.jpg | https://lady-elka.ru/d/photo_2025-09-06_21-17-25.jpg","TRUE","Заснеженная ель с густой кроной. Относится к категории комбинированных — приствольное пространство выполнено из ПВХ, все внешние веточки литые"
"7","Афина","Заснеженная","300","66000","182","2941","94286","-30","https://lady-elka.ru/d/photo_2025-09-06_21-15-31.jpg | https://mgnotvaahftrbifqtahf.supabase.co/storage/v1/object/public/le-catalog-images/25365279-6cad-4ed1-a790-46ddcb1e4436.webp | https://lady-elka.ru/d/photo_2025-09-06_21-15-58.jpg | https://lady-elka.ru/d/photo_2025-09-06_21-17-25.jpg","TRUE","Заснеженная ель с густой кроной. Относится к категории комбинированных — приствольное пространство выполнено из ПВХ, все внешние веточки литые"
"7","Афина","Заснеженная с освещением","155","22800","116","639","32572","-30","https://lady-elka.ru/d/photo_2025-09-06_21-16-20.jpg | https://lady-elka.ru/d/photo_2025-09-06_21-20-01.jpg | https://lady-elka.ru/d/photo_2025-09-06_21-19-56.jpg","TRUE","Заснеженная ель с густой кроной. Относится к категории комбинированных — приствольное пространство выполнено из ПВХ, все внешние веточки литые. Дополнена встроенной гирляндой теплого свечения, без режимов мигания"
"7","Афина","Заснеженная с освещением","185","31900","130","927","45572","-30","https://lady-elka.ru/d/photo_2025-09-06_21-16-20.jpg | https://lady-elka.ru/d/photo_2025-09-06_21-20-01.jpg | https://lady-elka.ru/d/photo_2025-09-06_21-19-56.jpg","TRUE","Заснеженная ель с густой кроной. Относится к категории комбинированных — приствольное пространство выполнено из ПВХ, все внешние веточки литые. Дополнена встроенной гирляндой теплого свечения, без режимов мигания"
"7","Афина","Заснеженная с освещением","215","41000","148","1367","58572","-30","https://lady-elka.ru/d/photo_2025-09-06_21-16-20.jpg | https://lady-elka.ru/d/photo_2025-09-06_21-20-01.jpg | https://lady-elka.ru/d/photo_2025-09-06_21-19-56.jpg","TRUE","Заснеженная ель с густой кроной. Относится к категории комбинированных — приствольное пространство выполнено из ПВХ, все внешние веточки литые. Дополнена встроенной гирляндой теплого свечения, без режимов мигания"
"7","Афина","Заснеженная с освещением","230","46000","154","1599","65715","-30","https://lady-elka.ru/d/photo_2025-09-06_21-16-20.jpg | https://lady-elka.ru/d/photo_2025-09-06_21-20-01.jpg | https://lady-elka.ru/d/photo_2025-09-06_21-19-56.jpg","TRUE","Заснеженная ель с густой кроной. Относится к категории комбинированных — приствольное пространство выполнено из ПВХ, все внешние веточки литые. Дополнена встроенной гирляндой теплого свечения, без режимов мигания"
"7","Афина","Заснеженная с освещением","250","53000","160","1895","75715","-30","https://lady-elka.ru/d/photo_2025-09-06_21-16-20.jpg | https://lady-elka.ru/d/photo_2025-09-06_21-20-01.jpg | https://lady-elka.ru/d/photo_2025-09-06_21-19-56.jpg","TRUE","Заснеженная ель с густой кроной. Относится к категории комбинированных — приствольное пространство выполнено из ПВХ, все внешние веточки литые. Дополнена встроенной гирляндой теплого свечения, без режимов мигания"
"7","Афина","Заснеженная с освещением","270","64000","168","2511","91429","-30","https://lady-elka.ru/d/photo_2025-09-06_21-16-20.jpg | https://lady-elka.ru/d/photo_2025-09-06_21-20-01.jpg | https://lady-elka.ru/d/photo_2025-09-06_21-19-56.jpg","TRUE","Заснеженная ель с густой кроной. Относится к категории комбинированных — приствольное пространство выполнено из ПВХ, все внешние веточки литые. Дополнена встроенной гирляндой теплого свечения, без режимов мигания"
"7","Афина","Заснеженная с освещением","300","82000","182","2941","117143","-30","https://lady-elka.ru/d/photo_2025-09-06_21-16-20.jpg | https://lady-elka.ru/d/photo_2025-09-06_21-20-01.jpg | https://lady-elka.ru/d/photo_2025-09-06_21-19-56.jpg","TRUE","Заснеженная ель с густой кроной. Относится к категории комбинированных — приствольное пространство выполнено из ПВХ, все внешние веточки литые. Дополнена встроенной гирляндой теплого свечения, без режимов мигания"
"8","Камелия","Зелёная","150","20800","116","644","29715","-30","https://mgnotvaahftrbifqtahf.supabase.co/storage/v1/object/public/le-catalog-images/12e428e4-fabd-4e70-98c8-197b56d6dfdf.webp | https://lady-elka.ru/d/photo_2025-09-06_21-28-32.jpg | https://mgnotvaahftrbifqtahf.supabase.co/storage/v1/object/public/le-catalog-images/3a712b43-3f16-4381-86eb-4807c712ef78.webp | https://mgnotvaahftrbifqtahf.supabase.co/storage/v1/object/public/le-catalog-images/f2a02f67-c55a-4f8a-bbed-61518a7d2d17.webp | https://lady-elka.ru/d/photo_2025-09-06_21-28-46.jpg | https://lady-elka.ru/d/photo_2025-09-06_21-28-42.jpg | https://mgnotvaahftrbifqtahf.supabase.co/storage/v1/object/public/le-catalog-images/d8b85ea5-fb5c-42ba-99c4-f262c4c193b6.webp | https://lady-elka.ru/d/photo_2025-09-05_20-54-23.jpg | https://lady-elka.ru/d/photo_2025-09-05_20-54-18.jpg","TRUE","Главной особенностью Камелии являются длинные иголки. Елка смотрится потрясающе, благодаря традиционному треугольному силуэту и объемной, пышной кроне. Имеет неширокий диаметр нижних веточек и темно-зеленую хвою"
"8","Камелия","Зелёная","185","25700","130","932","36715","-30","https://mgnotvaahftrbifqtahf.supabase.co/storage/v1/object/public/le-catalog-images/12e428e4-fabd-4e70-98c8-197b56d6dfdf.webp | https://lady-elka.ru/d/photo_2025-09-06_21-28-32.jpg | https://mgnotvaahftrbifqtahf.supabase.co/storage/v1/object/public/le-catalog-images/3a712b43-3f16-4381-86eb-4807c712ef78.webp | https://mgnotvaahftrbifqtahf.supabase.co/storage/v1/object/public/le-catalog-images/f2a02f67-c55a-4f8a-bbed-61518a7d2d17.webp | https://lady-elka.ru/d/photo_2025-09-06_21-28-46.jpg | https://lady-elka.ru/d/photo_2025-09-06_21-28-42.jpg | https://mgnotvaahftrbifqtahf.supabase.co/storage/v1/object/public/le-catalog-images/d8b85ea5-fb5c-42ba-99c4-f262c4c193b6.webp | https://lady-elka.ru/d/photo_2025-09-05_20-54-23.jpg | https://lady-elka.ru/d/photo_2025-09-05_20-54-18.jpg","TRUE","Главной особенностью Камелии являются длинные иголки. Елка смотрится потрясающе, благодаря традиционному треугольному силуэту и объемной, пышной кроне. Имеет неширокий диаметр нижних веточек и темно-зеленую хвою"
"8","Камелия","Зелёная","215","36700","148","1388","52429","-30","https://mgnotvaahftrbifqtahf.supabase.co/storage/v1/object/public/le-catalog-images/12e428e4-fabd-4e70-98c8-197b56d6dfdf.webp | https://lady-elka.ru/d/photo_2025-09-06_21-28-32.jpg | https://mgnotvaahftrbifqtahf.supabase.co/storage/v1/object/public/le-catalog-images/3a712b43-3f16-4381-86eb-4807c712ef78.webp | https://mgnotvaahftrbifqtahf.supabase.co/storage/v1/object/public/le-catalog-images/f2a02f67-c55a-4f8a-bbed-61518a7d2d17.webp | https://lady-elka.ru/d/photo_2025-09-06_21-28-46.jpg | https://lady-elka.ru/d/photo_2025-09-06_21-28-42.jpg | https://mgnotvaahftrbifqtahf.supabase.co/storage/v1/object/public/le-catalog-images/d8b85ea5-fb5c-42ba-99c4-f262c4c193b6.webp | https://lady-elka.ru/d/photo_2025-09-05_20-54-23.jpg | https://lady-elka.ru/d/photo_2025-09-05_20-54-18.jpg","TRUE","Главной особенностью Камелии являются длинные иголки. Елка смотрится потрясающе, благодаря традиционному треугольному силуэту и объемной, пышной кроне. Имеет неширокий диаметр нижних веточек и темно-зеленую хвою"
"8","Камелия","Зелёная","230","42800","154","1628","61143","-30","https://mgnotvaahftrbifqtahf.supabase.co/storage/v1/object/public/le-catalog-images/12e428e4-fabd-4e70-98c8-197b56d6dfdf.webp | https://lady-elka.ru/d/photo_2025-09-06_21-28-32.jpg | https://mgnotvaahftrbifqtahf.supabase.co/storage/v1/object/public/le-catalog-images/3a712b43-3f16-4381-86eb-4807c712ef78.webp | https://mgnotvaahftrbifqtahf.supabase.co/storage/v1/object/public/le-catalog-images/f2a02f67-c55a-4f8a-bbed-61518a7d2d17.webp | https://lady-elka.ru/d/photo_2025-09-06_21-28-46.jpg | https://lady-elka.ru/d/photo_2025-09-06_21-28-42.jpg | https://mgnotvaahftrbifqtahf.supabase.co/storage/v1/object/public/le-catalog-images/d8b85ea5-fb5c-42ba-99c4-f262c4c193b6.webp | https://lady-elka.ru/d/photo_2025-09-05_20-54-23.jpg | https://lady-elka.ru/d/photo_2025-09-05_20-54-18.jpg","TRUE","Главной особенностью Камелии являются длинные иголки. Елка смотрится потрясающе, благодаря традиционному треугольному силуэту и объемной, пышной кроне. Имеет неширокий диаметр нижних веточек и темно-зеленую хвою"
"8","Камелия","Зелёная","250","54900","160","1916","78429","-30","https://mgnotvaahftrbifqtahf.supabase.co/storage/v1/object/public/le-catalog-images/12e428e4-fabd-4e70-98c8-197b56d6dfdf.webp | https://lady-elka.ru/d/photo_2025-09-06_21-28-32.jpg | https://mgnotvaahftrbifqtahf.supabase.co/storage/v1/object/public/le-catalog-images/3a712b43-3f16-4381-86eb-4807c712ef78.webp | https://mgnotvaahftrbifqtahf.supabase.co/storage/v1/object/public/le-catalog-images/f2a02f67-c55a-4f8a-bbed-61518a7d2d17.webp | https://lady-elka.ru/d/photo_2025-09-06_21-28-46.jpg | https://lady-elka.ru/d/photo_2025-09-06_21-28-42.jpg | https://mgnotvaahftrbifqtahf.supabase.co/storage/v1/object/public/le-catalog-images/d8b85ea5-fb5c-42ba-99c4-f262c4c193b6.webp | https://lady-elka.ru/d/photo_2025-09-05_20-54-23.jpg | https://lady-elka.ru/d/photo_2025-09-05_20-54-18.jpg","TRUE","Главной особенностью Камелии являются длинные иголки. Елка смотрится потрясающе, благодаря традиционному треугольному силуэту и объемной, пышной кроне. Имеет неширокий диаметр нижних веточек и темно-зеленую хвою"
"8","Камелия","Зелёная","270","62900","168","2516","89858","-30","https://mgnotvaahftrbifqtahf.supabase.co/storage/v1/object/public/le-catalog-images/12e428e4-fabd-4e70-98c8-197b56d6dfdf.webp | https://lady-elka.ru/d/photo_2025-09-06_21-28-32.jpg | https://mgnotvaahftrbifqtahf.supabase.co/storage/v1/object/public/le-catalog-images/3a712b43-3f16-4381-86eb-4807c712ef78.webp | https://mgnotvaahftrbifqtahf.supabase.co/storage/v1/object/public/le-catalog-images/f2a02f67-c55a-4f8a-bbed-61518a7d2d17.webp | https://lady-elka.ru/d/photo_2025-09-06_21-28-46.jpg | https://lady-elka.ru/d/photo_2025-09-06_21-28-42.jpg | https://mgnotvaahftrbifqtahf.supabase.co/storage/v1/object/public/le-catalog-images/d8b85ea5-fb5c-42ba-99c4-f262c4c193b6.webp | https://lady-elka.ru/d/photo_2025-09-05_20-54-23.jpg | https://lady-elka.ru/d/photo_2025-09-05_20-54-18.jpg","TRUE","Главной особенностью Камелии являются длинные иголки. Елка смотрится потрясающе, благодаря традиционному треугольному силуэту и объемной, пышной кроне. Имеет неширокий диаметр нижних веточек и темно-зеленую хвою"
"8","Камелия","Зелёная","300","73000","182","3140","104286","-30","https://mgnotvaahftrbifqtahf.supabase.co/storage/v1/object/public/le-catalog-images/12e428e4-fabd-4e70-98c8-197b56d6dfdf.webp | https://lady-elka.ru/d/photo_2025-09-06_21-28-32.jpg | https://mgnotvaahftrbifqtahf.supabase.co/storage/v1/object/public/le-catalog-images/3a712b43-3f16-4381-86eb-4807c712ef78.webp | https://mgnotvaahftrbifqtahf.supabase.co/storage/v1/object/public/le-catalog-images/f2a02f67-c55a-4f8a-bbed-61518a7d2d17.webp | https://lady-elka.ru/d/photo_2025-09-06_21-28-46.jpg | https://lady-elka.ru/d/photo_2025-09-06_21-28-42.jpg | https://mgnotvaahftrbifqtahf.supabase.co/storage/v1/object/public/le-catalog-images/d8b85ea5-fb5c-42ba-99c4-f262c4c193b6.webp | https://lady-elka.ru/d/photo_2025-09-05_20-54-23.jpg | https://lady-elka.ru/d/photo_2025-09-05_20-54-18.jpg","TRUE","Главной особенностью Камелии являются длинные иголки. Елка смотрится потрясающе, благодаря традиционному треугольному силуэту и объемной, пышной кроне. Имеет неширокий диаметр нижних веточек и темно-зеленую хвою"
"9","Берта","Зелёная","180","28000","154","943","40000","-30","https://mgnotvaahftrbifqtahf.supabase.co/storage/v1/object/public/le-catalog-images/ec69bf8c-3645-4c4d-8583-02bdf74111fd.webp | https://lady-elka.ru/d/photo_2025-09-06_21-35-30.jpg | https://mgnotvaahftrbifqtahf.supabase.co/storage/v1/object/public/le-catalog-images/ecb8bb45-8c34-4b36-811c-a17935df3a2a.webp | https://mgnotvaahftrbifqtahf.supabase.co/storage/v1/object/public/le-catalog-images/d5ba660d-a158-40dd-b207-f3138cc9ffe6.webp | https://mgnotvaahftrbifqtahf.supabase.co/storage/v1/object/public/le-catalog-images/6ae788ba-213d-4999-8721-29369411aaf8.webp | https://mgnotvaahftrbifqtahf.supabase.co/storage/v1/object/public/le-catalog-images/f0f356a4-3edf-4818-9ada-bebf556b6e01.webp | https://lady-elka.ru/d/photo_2025-09-06_21-35-24.jpg | https://lady-elka.ru/d/photo_2025-09-06_21-35-34.jpg | https://lady-elka.ru/d/photo_2025-09-05_20-54-23.jpg | https://lady-elka.ru/d/photo_2025-09-05_20-54-18.jpg","TRUE","Одна из самых широких моделей. Обладает реалистичным внешним видом, благодаря точной передаче структуры хвои и ветвей"
"9","Берта","Зелёная","210","37000","166","1255","52858","-30","https://mgnotvaahftrbifqtahf.supabase.co/storage/v1/object/public/le-catalog-images/ec69bf8c-3645-4c4d-8583-02bdf74111fd.webp | https://lady-elka.ru/d/photo_2025-09-06_21-35-30.jpg | https://mgnotvaahftrbifqtahf.supabase.co/storage/v1/object/public/le-catalog-images/ecb8bb45-8c34-4b36-811c-a17935df3a2a.webp | https://mgnotvaahftrbifqtahf.supabase.co/storage/v1/object/public/le-catalog-images/d5ba660d-a158-40dd-b207-f3138cc9ffe6.webp | https://mgnotvaahftrbifqtahf.supabase.co/storage/v1/object/public/le-catalog-images/6ae788ba-213d-4999-8721-29369411aaf8.webp | https://mgnotvaahftrbifqtahf.supabase.co/storage/v1/object/public/le-catalog-images/f0f356a4-3edf-4818-9ada-bebf556b6e01.webp | https://lady-elka.ru/d/photo_2025-09-06_21-35-24.jpg | https://lady-elka.ru/d/photo_2025-09-06_21-35-34.jpg | https://lady-elka.ru/d/photo_2025-09-05_20-54-23.jpg | https://lady-elka.ru/d/photo_2025-09-05_20-54-18.jpg","TRUE","Одна из самых широких моделей. Обладает реалистичным внешним видом, благодаря точной передаче структуры хвои и ветвей"
"9","Берта","Зелёная","230","51000","184","1603","72858","-30","https://mgnotvaahftrbifqtahf.supabase.co/storage/v1/object/public/le-catalog-images/ec69bf8c-3645-4c4d-8583-02bdf74111fd.webp | https://lady-elka.ru/d/photo_2025-09-06_21-35-30.jpg | https://mgnotvaahftrbifqtahf.supabase.co/storage/v1/object/public/le-catalog-images/ecb8bb45-8c34-4b36-811c-a17935df3a2a.webp | https://mgnotvaahftrbifqtahf.supabase.co/storage/v1/object/public/le-catalog-images/d5ba660d-a158-40dd-b207-f3138cc9ffe6.webp | https://mgnotvaahftrbifqtahf.supabase.co/storage/v1/object/public/le-catalog-images/6ae788ba-213d-4999-8721-29369411aaf8.webp | https://mgnotvaahftrbifqtahf.supabase.co/storage/v1/object/public/le-catalog-images/f0f356a4-3edf-4818-9ada-bebf556b6e01.webp | https://lady-elka.ru/d/photo_2025-09-06_21-35-24.jpg | https://lady-elka.ru/d/photo_2025-09-06_21-35-34.jpg | https://lady-elka.ru/d/photo_2025-09-05_20-54-23.jpg | https://lady-elka.ru/d/photo_2025-09-05_20-54-18.jpg","TRUE","Одна из самых широких моделей. Обладает реалистичным внешним видом, благодаря точной передаче структуры хвои и ветвей"
"9","Берта","Зелёная","250","61000","196","2051","87143","-30","https://mgnotvaahftrbifqtahf.supabase.co/storage/v1/object/public/le-catalog-images/ec69bf8c-3645-4c4d-8583-02bdf74111fd.webp | https://lady-elka.ru/d/photo_2025-09-06_21-35-30.jpg | https://mgnotvaahftrbifqtahf.supabase.co/storage/v1/object/public/le-catalog-images/ecb8bb45-8c34-4b36-811c-a17935df3a2a.webp | https://mgnotvaahftrbifqtahf.supabase.co/storage/v1/object/public/le-catalog-images/d5ba660d-a158-40dd-b207-f3138cc9ffe6.webp | https://mgnotvaahftrbifqtahf.supabase.co/storage/v1/object/public/le-catalog-images/6ae788ba-213d-4999-8721-29369411aaf8.webp | https://mgnotvaahftrbifqtahf.supabase.co/storage/v1/object/public/le-catalog-images/f0f356a4-3edf-4818-9ada-bebf556b6e01.webp | https://lady-elka.ru/d/photo_2025-09-06_21-35-24.jpg | https://lady-elka.ru/d/photo_2025-09-06_21-35-34.jpg | https://lady-elka.ru/d/photo_2025-09-05_20-54-23.jpg | https://lady-elka.ru/d/photo_2025-09-05_20-54-18.jpg","TRUE","Одна из самых широких моделей. Обладает реалистичным внешним видом, благодаря точной передаче структуры хвои и ветвей"
"9","Берта","Зелёная","270","77000","208","2707","110000","-30","https://mgnotvaahftrbifqtahf.supabase.co/storage/v1/object/public/le-catalog-images/ec69bf8c-3645-4c4d-8583-02bdf74111fd.webp | https://lady-elka.ru/d/photo_2025-09-06_21-35-30.jpg | https://mgnotvaahftrbifqtahf.supabase.co/storage/v1/object/public/le-catalog-images/ecb8bb45-8c34-4b36-811c-a17935df3a2a.webp | https://mgnotvaahftrbifqtahf.supabase.co/storage/v1/object/public/le-catalog-images/d5ba660d-a158-40dd-b207-f3138cc9ffe6.webp | https://mgnotvaahftrbifqtahf.supabase.co/storage/v1/object/public/le-catalog-images/6ae788ba-213d-4999-8721-29369411aaf8.webp | https://mgnotvaahftrbifqtahf.supabase.co/storage/v1/object/public/le-catalog-images/f0f356a4-3edf-4818-9ada-bebf556b6e01.webp | https://lady-elka.ru/d/photo_2025-09-06_21-35-24.jpg | https://lady-elka.ru/d/photo_2025-09-06_21-35-34.jpg | https://lady-elka.ru/d/photo_2025-09-05_20-54-23.jpg | https://lady-elka.ru/d/photo_2025-09-05_20-54-18.jpg","TRUE","Одна из самых широких моделей. Обладает реалистичным внешним видом, благодаря точной передаче структуры хвои и ветвей"
"9","Берта","Зелёная","300","92000","220","3235","131429","-30","https://mgnotvaahftrbifqtahf.supabase.co/storage/v1/object/public/le-catalog-images/ec69bf8c-3645-4c4d-8583-02bdf74111fd.webp | https://lady-elka.ru/d/photo_2025-09-06_21-35-30.jpg | https://mgnotvaahftrbifqtahf.supabase.co/storage/v1/object/public/le-catalog-images/ecb8bb45-8c34-4b36-811c-a17935df3a2a.webp | https://mgnotvaahftrbifqtahf.supabase.co/storage/v1/object/public/le-catalog-images/d5ba660d-a158-40dd-b207-f3138cc9ffe6.webp | https://mgnotvaahftrbifqtahf.supabase.co/storage/v1/object/public/le-catalog-images/6ae788ba-213d-4999-8721-29369411aaf8.webp | https://mgnotvaahftrbifqtahf.supabase.co/storage/v1/object/public/le-catalog-images/f0f356a4-3edf-4818-9ada-bebf556b6e01.webp | https://lady-elka.ru/d/photo_2025-09-06_21-35-24.jpg | https://lady-elka.ru/d/photo_2025-09-06_21-35-34.jpg | https://lady-elka.ru/d/photo_2025-09-05_20-54-23.jpg | https://lady-elka.ru/d/photo_2025-09-05_20-54-18.jpg","TRUE","Одна из самых широких моделей. Обладает реалистичным внешним видом, благодаря точной передаче структуры хвои и ветвей"
"37","Николь","Туя","110","9000","0","0","12858","-30","https://sale-elka.ru/image/cache/catalog/IMG_4836-600x800.jpeg | https://sale-elka.ru/image/cache/catalog/IMG_5198-600x800.jpeg | https://sale-elka.ru/image/cache/catalog/IMG_5196-600x800.jpeg","TRUE","Это изящное и утонченное деревце объединяет в себе изысканный облик и практичность. Искусственная ёлка изготовлена исключительно из премиальных материалов, обеспечивая её безупречную схожесть с натуральной лесной обитательницей. Важнейшее достоинство изделия заключается в его износостойкости и лёгкости монтажа/сборки, позволяя наслаждаться праздничной атмосферой долгие годы. Сделайте заказ незамедлительно и наполните своё жилище сказочной магией прямо сейчас!"
"37","Николь","Туя","150","13000","0","0","18572","-30","https://sale-elka.ru/image/cache/catalog/IMG_4836-600x800.jpeg | https://sale-elka.ru/image/cache/catalog/IMG_5198-600x800.jpeg | https://sale-elka.ru/image/cache/catalog/IMG_5196-600x800.jpeg","TRUE","Это изящное и утонченное деревце объединяет в себе изысканный облик и практичность. Искусственная ёлка изготовлена исключительно из премиальных материалов, обеспечивая её безупречную схожесть с натуральной лесной обитательницей. Важнейшее достоинство изделия заключается в его износостойкости и лёгкости монтажа/сборки, позволяя наслаждаться праздничной атмосферой долгие годы. Сделайте заказ незамедлительно и наполните своё жилище сказочной магией прямо сейчас!"
"37","Николь","Туя","180","18800","86","0","26858","-30","https://sale-elka.ru/image/cache/catalog/IMG_4836-600x800.jpeg | https://mgnotvaahftrbifqtahf.supabase.co/storage/v1/object/public/le-catalog-images/03c25f1d-1fbc-4aab-8f67-10558264dd8f.webp | https://sale-elka.ru/image/cache/catalog/IMG_5196-600x800.jpeg | https://sale-elka.ru/image/cache/catalog/IMG_5198-600x800.jpeg","TRUE","Это изящное и утонченное деревце объединяет в себе изысканный облик и практичность. Искусственная ёлка изготовлена исключительно из премиальных материалов, обеспечивая её безупречную схожесть с натуральной лесной обитательницей. Важнейшее достоинство изделия заключается в его износостойкости и лёгкости монтажа/сборки, позволяя наслаждаться праздничной атмосферой долгие годы. Сделайте заказ незамедлительно и наполните своё жилище сказочной магией прямо сейчас!"
"37","Николь","Туя","210","27000","92","0","38572","-30","https://sale-elka.ru/image/cache/catalog/IMG_4836-600x800.jpeg | https://sale-elka.ru/image/cache/catalog/IMG_5198-600x800.jpeg | https://sale-elka.ru/image/cache/catalog/IMG_5196-600x800.jpeg","TRUE","Это изящное и утонченное деревце объединяет в себе изысканный облик и практичность. Искусственная ёлка изготовлена исключительно из премиальных материалов, обеспечивая её безупречную схожесть с натуральной лесной обитательницей. Важнейшее достоинство изделия заключается в его износостойкости и лёгкости монтажа/сборки, позволяя наслаждаться праздничной атмосферой долгие годы. Сделайте заказ незамедлительно и наполните своё жилище сказочной магией прямо сейчас!"
"37","Николь","Туя","240","36000","93","0","51429","-30","https://sale-elka.ru/image/cache/catalog/IMG_4836-600x800.jpeg | https://sale-elka.ru/image/cache/catalog/IMG_5198-600x800.jpeg | https://sale-elka.ru/image/cache/catalog/IMG_5196-600x800.jpeg","TRUE","Это изящное и утонченное деревце объединяет в себе изысканный облик и практичность. Искусственная ёлка изготовлена исключительно из премиальных материалов, обеспечивая её безупречную схожесть с натуральной лесной обитательницей. Важнейшее достоинство изделия заключается в его износостойкости и лёгкости монтажа/сборки, позволяя наслаждаться праздничной атмосферой долгие годы. Сделайте заказ незамедлительно и наполните своё жилище сказочной магией прямо сейчас!"
