"id","title","category","height_cm","price","diameter_cm","branches","offer","discount_pct","photos","active","description"
"1","Миранда","Зелёная","185","29900","110","955","42715","-30","/media/catalog-pinned/f69ce38308d2f32046083585744487c4ca60080c9858adc622bede1295ec8fb1.jpg|/media/catalog-pinned/ab2018ae0e6f254c6e2b7918663e53c704aeb9b97dce012966f11f6676e83965.jpg|/media/catalog-pinned/8b775fdf593674f22a02fa721f3f447e197a728be2a17a98d65fbb03f4b28042.webp|/media/catalog-pinned/1b2d694d2db7a36045640ebc8188b852aaa9479110ae9a3a823eb9d198a36ea7.webp|/media/catalog-pinned/8179d8636a6080081dad211581c3fc8772fdd183df6f48d0f3f4679e7245cbbd.webp|/media/catalog-pinned/f5791ea9bc932e900b04281e40b10a04d52c25b0338ab3b5b0f61b24350f3fe0.webp|/media/catalog-pinned/1268c51079e247e370b2db89d3aa426a17927767e1d1d77dd380126d62417696.jpg|/media/catalog-pinned/2d1db7be374d7f1d403acb4995bb6822311645388ebeca493c871d6423b5d01b.jpg|/media/catalog-pinned/8ae965c3705d15cd09e546600f365a4304e7d4562a211e0f2e836060a20a41a3.webp|/media/catalog-pinned/9352d2aad015ccfd764110ff59cb122ac5e0e65c93171618653e7d2834480e33.jpg|/media/catalog-pinned/31a638c0ac37ed5694e2ee3a113c8ad327b7edba894879f84625d6f1b0337bb6.jpg","TRUE","Хвоя зеленая, плавно переходящая в светлый тон на концах. Разная длина и уровень расположения веточек приближает Миранду к настоящей лесной красавице"
"1","Миранда","Зелёная","215","39900","126","1315","57000","-30","/media/catalog-pinned/f69ce38308d2f32046083585744487c4ca60080c9858adc622bede1295ec8fb1.jpg|/media/catalog-pinned/ab2018ae0e6f254c6e2b7918663e53c704aeb9b97dce012966f11f6676e83965.jpg|/media/catalog-pinned/8b775fdf593674f22a02fa721f3f447e197a728be2a17a98d65fbb03f4b28042.webp|/media/catalog-pinned/1b2d694d2db7a36045640ebc8188b852aaa9479110ae9a3a823eb9d198a36ea7.webp|/media/catalog-pinned/8179d8636a6080081dad211581c3fc8772fdd183df6f48d0f3f4679e7245cbbd.webp|/media/catalog-pinned/f5791ea9bc932e900b04281e40b10a04d52c25b0338ab3b5b0f61b24350f3fe0.webp|/media/catalog-pinned/1268c51079e247e370b2db89d3aa426a17927767e1d1d77dd380126d62417696.jpg|/media/catalog-pinned/2d1db7be374d7f1d403acb4995bb6822311645388ebeca493c871d6423b5d01b.jpg|/media/catalog-pinned/8ae965c3705d15cd09e546600f365a4304e7d4562a211e0f2e836060a20a41a3.webp|/media/catalog-pinned/9352d2aad015ccfd764110ff59cb122ac5e0e65c93171618653e7d2834480e33.jpg|/media/catalog-pinned/31a638c0ac37ed5694e2ee3a113c8ad327b7edba894879f84625d6f1b0337bb6.jpg","TRUE","Хвоя зеленая, плавно переходящая в светлый тон на концах. Разная длина и уровень расположения веточек приближает Миранду к настоящей лесной красавице"
"1","Миранда","Зелёная","230","49990","134","1585","71415","-30","/media/catalog-pinned/f69ce38308d2f32046083585744487c4ca60080c9858adc622bede1295ec8fb1.jpg|/media/catalog-pinned/ab2018ae0e6f254c6e2b7918663e53c704aeb9b97dce012966f11f6676e83965.jpg|/media/catalog-pinned/8b775fdf593674f22a02fa721f3f447e197a728be2a17a98d65fbb03f4b28042.webp|/media/catalog-pinned/1b2d694d2db7a36045640ebc8188b852aaa9479110ae9a3a823eb9d198a36ea7.webp|/media/catalog-pinned/8179d8636a6080081dad211581c3fc8772fdd183df6f48d0f3f4679e7245cbbd.webp|/media/catalog-pinned/f5791ea9bc932e900b04281e40b10a04d52c25b0338ab3b5b0f61b24350f3fe0.webp|/media/catalog-pinned/1268c51079e247e370b2db89d3aa426a17927767e1d1d77dd380126d62417696.jpg|/media/catalog-pinned/2d1db7be374d7f1d403acb4995bb6822311645388ebeca493c871d6423b5d01b.jpg|/media/catalog-pinned/8ae965c3705d15cd09e546600f365a4304e7d4562a211e0f2e836060a20a41a3.webp|/media/catalog-pinned/9352d2aad015ccfd764110ff59cb122ac5e0e65c93171618653e7d2834480e33.jpg|/media/catalog-pinned/31a638c0ac37ed5694e2ee3a113c8ad327b7edba894879f84625d6f1b0337bb6.jpg","TRUE","Хвоя зеленая, плавно переходящая в светлый тон на концах. Разная длина и уровень расположения веточек приближает Миранду к настоящей лесной красавице"
"1","Миранда","Зелёная","250","58000","140","1873","82858","-30","/media/catalog-pinned/f69ce38308d2f32046083585744487c4ca60080c9858adc622bede1295ec8fb1.jpg|/media/catalog-pinned/ab2018ae0e6f254c6e2b7918663e53c704aeb9b97dce012966f11f6676e83965.jpg|/media/catalog-pinned/8b775fdf593674f22a02fa721f3f447e197a728be2a17a98d65fbb03f4b28042.webp|/media/catalog-pinned/1b2d694d2db7a36045640ebc8188b852aaa9479110ae9a3a823eb9d198a36ea7.webp|/media/catalog-pinned/8179d8636a6080081dad211581c3fc8772fdd183df6f48d0f3f4679e7245cbbd.webp|/media/catalog-pinned/f5791ea9bc932e900b04281e40b10a04d52c25b0338ab3b5b0f61b24350f3fe0.webp|/media/catalog-pinned/1268c51079e247e370b2db89d3aa426a17927767e1d1d77dd380126d62417696.jpg|/media/catalog-pinned/2d1db7be374d7f1d403acb4995bb6822311645388ebeca493c871d6423b5d01b.jpg|/media/catalog-pinned/8ae965c3705d15cd09e546600f365a4304e7d4562a211e0f2e836060a20a41a3.webp|/media/catalog-pinned/9352d2aad015ccfd764110ff59cb122ac5e0e65c93171618653e7d2834480e33.jpg|/media/catalog-pinned/31a638c0ac37ed5694e2ee3a113c8ad327b7edba894879f84625d6f1b0337bb6.jpg","TRUE","Хвоя зеленая, плавно переходящая в светлый тон на концах. Разная длина и уровень расположения веточек приближает Миранду к настоящей лесной красавице"
"1","Миранда","Зелёная","270","79000","146","2431","112858","-30","/media/catalog-pinned/f69ce38308d2f32046083585744487c4ca60080c9858adc622bede1295ec8fb1.jpg|/media/catalog-pinned/ab2018ae0e6f254c6e2b7918663e53c704aeb9b97dce012966f11f6676e83965.jpg|/media/catalog-pinned/8b775fdf593674f22a02fa721f3f447e197a728be2a17a98d65fbb03f4b28042.webp|/media/catalog-pinned/1b2d694d2db7a36045640ebc8188b852aaa9479110ae9a3a823eb9d198a36ea7.webp|/media/catalog-pinned/8179d8636a6080081dad211581c3fc8772fdd183df6f48d0f3f4679e7245cbbd.webp|/media/catalog-pinned/f5791ea9bc932e900b04281e40b10a04d52c25b0338ab3b5b0f61b24350f3fe0.webp|/media/catalog-pinned/1268c51079e247e370b2db89d3aa426a17927767e1d1d77dd380126d62417696.jpg|/media/catalog-pinned/2d1db7be374d7f1d403acb4995bb6822311645388ebeca493c871d6423b5d01b.jpg|/media/catalog-pinned/8ae965c3705d15cd09e546600f365a4304e7d4562a211e0f2e836060a20a41a3.webp|/media/catalog-pinned/9352d2aad015ccfd764110ff59cb122ac5e0e65c93171618653e7d2834480e33.jpg|/media/catalog-pinned/31a638c0ac37ed5694e2ee3a113c8ad327b7edba894879f84625d6f1b0337bb6.jpg","TRUE","Хвоя зеленая, плавно переходящая в светлый тон на концах. Разная длина и уровень расположения веточек приближает Миранду к настоящей лесной красавице"
"1","Миранда","С освещением","185","37400","110","955","53429","-30","/media/catalog-pinned/5fd4c486c927591b40b12727a1a6eba83f5822c4af291e706d519eee2a8dbe19.webp|/media/catalog-pinned/79842f5ef0066a44a0312f0687997cbfb417db9860857323e8ccfe9415373aa8.jpg|/media/catalog-pinned/12ae058a5d4681b9fa5b477caac7705b79157df359344806f5f3b2622cf6ae26.jpg|/media/catalog-pinned/9352d2aad015ccfd764110ff59cb122ac5e0e65c93171618653e7d2834480e33.jpg|/media/catalog-pinned/31a638c0ac37ed5694e2ee3a113c8ad327b7edba894879f84625d6f1b0337bb6.jpg","TRUE","Хвоя зеленая, плавно переходящая в светлый тон на концах. Разная длина и уровень расположения веточек приближает Миранду к настоящей лесной красавице. Дополнена встроенной гирляндой теплого свечения, без режимов мигания"
"1","Миранда","С освещением","215","56000","126","1315","80000","-30","/media/catalog-pinned/5fd4c486c927591b40b12727a1a6eba83f5822c4af291e706d519eee2a8dbe19.webp|/media/catalog-pinned/79842f5ef0066a44a0312f0687997cbfb417db9860857323e8ccfe9415373aa8.jpg|/media/catalog-pinned/12ae058a5d4681b9fa5b477caac7705b79157df359344806f5f3b2622cf6ae26.jpg|/media/catalog-pinned/9352d2aad015ccfd764110ff59cb122ac5e0e65c93171618653e7d2834480e33.jpg|/media/catalog-pinned/31a638c0ac37ed5694e2ee3a113c8ad327b7edba894879f84625d6f1b0337bb6.jpg","TRUE","Хвоя зеленая, плавно переходящая в светлый тон на концах. Разная длина и уровень расположения веточек приближает Миранду к настоящей лесной красавице. Дополнена встроенной гирляндой теплого свечения, без режимов мигания"
"1","Миранда","С освещением","230","64000","134","1585","91429","-30","/media/catalog-pinned/5fd4c486c927591b40b12727a1a6eba83f5822c4af291e706d519eee2a8dbe19.webp|/media/catalog-pinned/79842f5ef0066a44a0312f0687997cbfb417db9860857323e8ccfe9415373aa8.jpg|/media/catalog-pinned/12ae058a5d4681b9fa5b477caac7705b79157df359344806f5f3b2622cf6ae26.jpg|/media/catalog-pinned/9352d2aad015ccfd764110ff59cb122ac5e0e65c93171618653e7d2834480e33.jpg|/media/catalog-pinned/31a638c0ac37ed5694e2ee3a113c8ad327b7edba894879f84625d6f1b0337bb6.jpg","TRUE","Хвоя зеленая, плавно переходящая в светлый тон на концах. Разная длина и уровень расположения веточек приближает Миранду к настоящей лесной красавице. Дополнена встроенной гирляндой теплого свечения, без режимов мигания"
"1","Миранда","С освещением","250","76000","140","1873","108572","-30","/media/catalog-pinned/5fd4c486c927591b40b12727a1a6eba83f5822c4af291e706d519eee2a8dbe19.webp|/media/catalog-pinned/79842f5ef0066a44a0312f0687997cbfb417db9860857323e8ccfe9415373aa8.jpg|/media/catalog-pinned/12ae058a5d4681b9fa5b477caac7705b79157df359344806f5f3b2622cf6ae26.jpg|/media/catalog-pinned/9352d2aad015ccfd764110ff59cb122ac5e0e65c93171618653e7d2834480e33.jpg|/media/catalog-pinned/31a638c0ac37ed5694e2ee3a113c8ad327b7edba894879f84625d6f1b0337bb6.jpg","TRUE","Хвоя зеленая, плавно переходящая в светлый тон на концах. Разная длина и уровень расположения веточек приближает Миранду к настоящей лесной красавице. Дополнена встроенной гирляндой теплого свечения, без режимов мигания"
"1","Миранда","С освещением","270","105000","146","2431","150000","-30","/media/catalog-pinned/5fd4c486c927591b40b12727a1a6eba83f5822c4af291e706d519eee2a8dbe19.webp|/media/catalog-pinned/79842f5ef0066a44a0312f0687997cbfb417db9860857323e8ccfe9415373aa8.jpg|/media/catalog-pinned/12ae058a5d4681b9fa5b477caac7705b79157df359344806f5f3b2622cf6ae26.jpg|/media/catalog-pinned/9352d2aad015ccfd764110ff59cb122ac5e0e65c93171618653e7d2834480e33.jpg|/media/catalog-pinned/31a638c0ac37ed5694e2ee3a113c8ad327b7edba894879f84625d6f1b0337bb6.jpg","TRUE","Хвоя зеленая, плавно переходящая в светлый тон на концах. Разная длина и уровень расположения веточек приближает Миранду к настоящей лесной красавице. Дополнена встроенной гирляндой теплого свечения, без режимов мигания"
"1","Миранда","Заснеженная","185","35000","110","955","50000","-30","/media/catalog-pinned/906a9e48fc79b1426843b5da6a28636567a586fd30fdf5b8b0812fc1592cd7eb.webp|/media/catalog-pinned/e3ea0117a1876a2922a4d0123b300b7a2abd8ef4619bd89a0fce4c154fedcac3.jpg|/media/catalog-pinned/e017cd642b989558a903ab78a7a38444f67ff5a7c7ec2c1c6e1aa1f3cb97406a.jpg|/media/catalog-pinned/172a94b2dcbaeda19b404d7725583b32fa0bbe7ec5f57468d7cfaeeea0b436df.jpg|/media/catalog-pinned/0eba2b8f7b2b0b7b6ed28d8750d18503e2642f1b7fc7bb37d54bcae3f117c5df.webp|/media/catalog-pinned/ca0e84b45982bfb322b4d0f086cd251ccee0c6649da60aeec2123c28e754fbb1.webp|/media/catalog-pinned/8f040a6179cb315c02bfe6c032e5c737279cb748f9ef1e3a5f71774fa2081c66.jpg|/media/catalog-pinned/91c1dd98ad73c4a2e32558ff6c6a514128d9cfdb60864be5d2a573af893bbadb.jpg","TRUE","Хлопковое напыление на ветвях создает впечатление выпавшего рыхлого снега. Разная длина и уровень расположения веточек приближает Миранду к настоящей лесной красавице"
"1","Миранда","Заснеженная","215","49000","126","1315","70000","-30","/media/catalog-pinned/906a9e48fc79b1426843b5da6a28636567a586fd30fdf5b8b0812fc1592cd7eb.webp|/media/catalog-pinned/e3ea0117a1876a2922a4d0123b300b7a2abd8ef4619bd89a0fce4c154fedcac3.jpg|/media/catalog-pinned/e017cd642b989558a903ab78a7a38444f67ff5a7c7ec2c1c6e1aa1f3cb97406a.jpg|/media/catalog-pinned/172a94b2dcbaeda19b404d7725583b32fa0bbe7ec5f57468d7cfaeeea0b436df.jpg|/media/catalog-pinned/0eba2b8f7b2b0b7b6ed28d8750d18503e2642f1b7fc7bb37d54bcae3f117c5df.webp|/media/catalog-pinned/ca0e84b45982bfb322b4d0f086cd251ccee0c6649da60aeec2123c28e754fbb1.webp|/media/catalog-pinned/8f040a6179cb315c02bfe6c032e5c737279cb748f9ef1e3a5f71774fa2081c66.jpg|/media/catalog-pinned/91c1dd98ad73c4a2e32558ff6c6a514128d9cfdb60864be5d2a573af893bbadb.jpg","TRUE","Хлопковое напыление на ветвях создает впечатление выпавшего рыхлого снега. Разная длина и уровень расположения веточек приближает Миранду к настоящей лесной красавице"
"1","Миранда","Заснеженная","230","56000","134","1585","80000","-30","/media/catalog-pinned/906a9e48fc79b1426843b5da6a28636567a586fd30fdf5b8b0812fc1592cd7eb.webp|/media/catalog-pinned/e3ea0117a1876a2922a4d0123b300b7a2abd8ef4619bd89a0fce4c154fedcac3.jpg|/media/catalog-pinned/e017cd642b989558a903ab78a7a38444f67ff5a7c7ec2c1c6e1aa1f3cb97406a.jpg|/media/catalog-pinned/172a94b2dcbaeda19b404d7725583b32fa0bbe7ec5f57468d7cfaeeea0b436df.jpg|/media/catalog-pinned/0eba2b8f7b2b0b7b6ed28d8750d18503e2642f1b7fc7bb37d54bcae3f117c5df.webp|/media/catalog-pinned/ca0e84b45982bfb322b4d0f086cd251ccee0c6649da60aeec2123c28e754fbb1.webp|/media/catalog-pinned/8f040a6179cb315c02bfe6c032e5c737279cb748f9ef1e3a5f71774fa2081c66.jpg|/media/catalog-pinned/91c1dd98ad73c4a2e32558ff6c6a514128d9cfdb60864be5d2a573af893bbadb.jpg","TRUE","Хлопковое напыление на ветвях создает впечатление выпавшего рыхлого снега. Разная длина и уровень расположения веточек приближает Миранду к настоящей лесной красавице"
"1","Миранда","Заснеженная","250","64000","140","1873","91429","-30","/media/catalog-pinned/906a9e48fc79b1426843b5da6a28636567a586fd30fdf5b8b0812fc1592cd7eb.webp|/media/catalog-pinned/e3ea0117a1876a2922a4d0123b300b7a2abd8ef4619bd89a0fce4c154fedcac3.jpg|/media/catalog-pinned/e017cd642b989558a903ab78a7a38444f67ff5a7c7ec2c1c6e1aa1f3cb97406a.jpg|/media/catalog-pinned/172a94b2dcbaeda19b404d7725583b32fa0bbe7ec5f57468d7cfaeeea0b436df.jpg|/media/catalog-pinned/0eba2b8f7b2b0b7b6ed28d8750d18503e2642f1b7fc7bb37d54bcae3f117c5df.webp|/media/catalog-pinned/ca0e84b45982bfb322b4d0f086cd251ccee0c6649da60aeec2123c28e754fbb1.webp|/media/catalog-pinned/8f040a6179cb315c02bfe6c032e5c737279cb748f9ef1e3a5f71774fa2081c66.jpg|/media/catalog-pinned/91c1dd98ad73c4a2e32558ff6c6a514128d9cfdb60864be5d2a573af893bbadb.jpg","TRUE","Хлопковое напыление на ветвях создает впечатление выпавшего рыхлого снега. Разная длина и уровень расположения веточек приближает Миранду к настоящей лесной красавице"
"1","Миранда","Заснеженная с освещением","185","42944","110","955","61349","-30","/media/catalog-pinned/0fd6d53cfa32e8c038e9f669808ca620225570355b00fc175449a5abcbd126e3.webp|/media/catalog-pinned/f99505827e840121f503032c10e9af0ab5ba066c1574378fdd01008932ba1b85.webp|/media/catalog-pinned/52c42a582369070946f9556163a4a9f22190fa6798c310e06bba007cb7e74022.jpg|/media/catalog-pinned/eef49d7b2b666dc04d19e6cc7b00c8e19d16809653cdd946cf5fb897c5cafa27.webp|/media/catalog-pinned/8f040a6179cb315c02bfe6c032e5c737279cb748f9ef1e3a5f71774fa2081c66.jpg|/media/catalog-pinned/91c1dd98ad73c4a2e32558ff6c6a514128d9cfdb60864be5d2a573af893bbadb.jpg","TRUE","Хлопковое напыление на ветвях создает впечатление выпавшего рыхлого снега. Разная длина и уровень расположения веточек приближает Миранду к настоящей лесной красавице. Дополнена встроенной гирляндой теплого свечения, без режимов мигания"
"1","Миранда","Заснеженная с освещением","215","55000","126","1315","78572","-30","/media/catalog-pinned/0fd6d53cfa32e8c038e9f669808ca620225570355b00fc175449a5abcbd126e3.webp|/media/catalog-pinned/f99505827e840121f503032c10e9af0ab5ba066c1574378fdd01008932ba1b85.webp|/media/catalog-pinned/52c42a582369070946f9556163a4a9f22190fa6798c310e06bba007cb7e74022.jpg|/media/catalog-pinned/eef49d7b2b666dc04d19e6cc7b00c8e19d16809653cdd946cf5fb897c5cafa27.webp|/media/catalog-pinned/8f040a6179cb315c02bfe6c032e5c737279cb748f9ef1e3a5f71774fa2081c66.jpg|/media/catalog-pinned/91c1dd98ad73c4a2e32558ff6c6a514128d9cfdb60864be5d2a573af893bbadb.jpg","TRUE","Хлопковое напыление на ветвях создает впечатление выпавшего рыхлого снега. Разная длина и уровень расположения веточек приближает Миранду к настоящей лесной красавице. Дополнена встроенной гирляндой теплого свечения, без режимов мигания"
"1","Миранда","Заснеженная с освещением","230","67100","134","1585","95858","-30","/media/catalog-pinned/0fd6d53cfa32e8c038e9f669808ca620225570355b00fc175449a5abcbd126e3.webp|/media/catalog-pinned/f99505827e840121f503032c10e9af0ab5ba066c1574378fdd01008932ba1b85.webp|/media/catalog-pinned/52c42a582369070946f9556163a4a9f22190fa6798c310e06bba007cb7e74022.jpg|/media/catalog-pinned/eef49d7b2b666dc04d19e6cc7b00c8e19d16809653cdd946cf5fb897c5cafa27.webp|/media/catalog-pinned/8f040a6179cb315c02bfe6c032e5c737279cb748f9ef1e3a5f71774fa2081c66.jpg|/media/catalog-pinned/91c1dd98ad73c4a2e32558ff6c6a514128d9cfdb60864be5d2a573af893bbadb.jpg","TRUE","Хлопковое напыление на ветвях создает впечатление выпавшего рыхлого снега. Разная длина и уровень расположения веточек приближает Миранду к настоящей лесной красавице. Дополнена встроенной гирляндой теплого свечения, без режимов мигания"
"1","Миранда","Заснеженная с освещением","250","99979","140","1873","142828","-30","/media/catalog-pinned/0fd6d53cfa32e8c038e9f669808ca620225570355b00fc175449a5abcbd126e3.webp|/media/catalog-pinned/f99505827e840121f503032c10e9af0ab5ba066c1574378fdd01008932ba1b85.webp|/media/catalog-pinned/52c42a582369070946f9556163a4a9f22190fa6798c310e06bba007cb7e74022.jpg|/media/catalog-pinned/eef49d7b2b666dc04d19e6cc7b00c8e19d16809653cdd946cf5fb897c5cafa27.webp|/media/catalog-pinned/8f040a6179cb315c02bfe6c032e5c737279cb748f9ef1e3a5f71774fa2081c66.jpg|/media/catalog-pinned/91c1dd98ad73c4a2e32558ff6c6a514128d9cfdb60864be5d2a573af893bbadb.jpg","TRUE","Хлопковое напыление на ветвях создает впечатление выпавшего рыхлого снега. Разная длина и уровень расположения веточек приближает Миранду к настоящей лесной красавице. Дополнена встроенной гирляндой теплого свечения, без режимов мигания"
"10","Сильвия","Зелёная","150","16000","98","457","22858","-30","/media/catalog-pinned/fb741f8cb15d877c77991ce50170507a20bf832e7fca0bec2534510c2f23e408.jpg|/media/catalog-pinned/e5e2c8c68b673c6a359a5d786352af1c7a19f013745bf197471b65a25bc5585f.jpg|/media/catalog-pinned/0eb34db5d38df8fc1a10d7135fb472c2f014eca29d8d0754c4a9da0888ac4554.webp|/media/catalog-pinned/9352d2aad015ccfd764110ff59cb122ac5e0e65c93171618653e7d2834480e33.jpg|/media/catalog-pinned/31a638c0ac37ed5694e2ee3a113c8ad327b7edba894879f84625d6f1b0337bb6.jpg","TRUE","Самое главное отличие Сильвии — двухцветные ветки, зеленые у основания и голубые на кончиках. Компактный нижний диаметр позволяет устанавливать елочку как в просторных, так и в небольших помещениях"
"10","Сильвия","Зелёная","185","24000","110","793","34286","-30","/media/catalog-pinned/fb741f8cb15d877c77991ce50170507a20bf832e7fca0bec2534510c2f23e408.jpg|/media/catalog-pinned/e5e2c8c68b673c6a359a5d786352af1c7a19f013745bf197471b65a25bc5585f.jpg|/media/catalog-pinned/0eb34db5d38df8fc1a10d7135fb472c2f014eca29d8d0754c4a9da0888ac4554.webp|/media/catalog-pinned/9352d2aad015ccfd764110ff59cb122ac5e0e65c93171618653e7d2834480e33.jpg|/media/catalog-pinned/31a638c0ac37ed5694e2ee3a113c8ad327b7edba894879f84625d6f1b0337bb6.jpg","TRUE","Самое главное отличие Сильвии — двухцветные ветки, зеленые у основания и голубые на кончиках. Компактный нижний диаметр позволяет устанавливать елочку как в просторных, так и в небольших помещениях"
"10","Сильвия","Зелёная","215","38000","126","1163","54286","-30","/media/catalog-pinned/fb741f8cb15d877c77991ce50170507a20bf832e7fca0bec2534510c2f23e408.jpg|/media/catalog-pinned/e5e2c8c68b673c6a359a5d786352af1c7a19f013745bf197471b65a25bc5585f.jpg|/media/catalog-pinned/0eb34db5d38df8fc1a10d7135fb472c2f014eca29d8d0754c4a9da0888ac4554.webp|/media/catalog-pinned/9352d2aad015ccfd764110ff59cb122ac5e0e65c93171618653e7d2834480e33.jpg|/media/catalog-pinned/31a638c0ac37ed5694e2ee3a113c8ad327b7edba894879f84625d6f1b0337bb6.jpg","TRUE","Самое главное отличие Сильвии — двухцветные ветки, зеленые у основания и голубые на кончиках. Компактный нижний диаметр позволяет устанавливать елочку как в просторных, так и в небольших помещениях"
"10","Сильвия","Зелёная","230","46000","134","1403","65715","-30","/media/catalog-pinned/fb741f8cb15d877c77991ce50170507a20bf832e7fca0bec2534510c2f23e408.jpg|/media/catalog-pinned/e5e2c8c68b673c6a359a5d786352af1c7a19f013745bf197471b65a25bc5585f.jpg|/media/catalog-pinned/0eb34db5d38df8fc1a10d7135fb472c2f014eca29d8d0754c4a9da0888ac4554.webp|/media/catalog-pinned/9352d2aad015ccfd764110ff59cb122ac5e0e65c93171618653e7d2834480e33.jpg|/media/catalog-pinned/31a638c0ac37ed5694e2ee3a113c8ad327b7edba894879f84625d6f1b0337bb6.jpg","TRUE","Самое главное отличие Сильвии — двухцветные ветки, зеленые у основания и голубые на кончиках. Компактный нижний диаметр позволяет устанавливать елочку как в просторных, так и в небольших помещениях"
"10","Сильвия","Зелёная","250","54000","140","1843","77143","-30","/media/catalog-pinned/fb741f8cb15d877c77991ce50170507a20bf832e7fca0bec2534510c2f23e408.jpg|/media/catalog-pinned/e5e2c8c68b673c6a359a5d786352af1c7a19f013745bf197471b65a25bc5585f.jpg|/media/catalog-pinned/0eb34db5d38df8fc1a10d7135fb472c2f014eca29d8d0754c4a9da0888ac4554.webp|/media/catalog-pinned/9352d2aad015ccfd764110ff59cb122ac5e0e65c93171618653e7d2834480e33.jpg|/media/catalog-pinned/31a638c0ac37ed5694e2ee3a113c8ad327b7edba894879f84625d6f1b0337bb6.jpg","TRUE","Самое главное отличие Сильвии — двухцветные ветки, зеленые у основания и голубые на кончиках. Компактный нижний диаметр позволяет устанавливать елочку как в просторных, так и в небольших помещениях"
"10","Сильвия","Зелёная","270","66000","146","2123","94286","-30","/media/catalog-pinned/fb741f8cb15d877c77991ce50170507a20bf832e7fca0bec2534510c2f23e408.jpg|/media/catalog-pinned/e5e2c8c68b673c6a359a5d786352af1c7a19f013745bf197471b65a25bc5585f.jpg|/media/catalog-pinned/0eb34db5d38df8fc1a10d7135fb472c2f014eca29d8d0754c4a9da0888ac4554.webp|/media/catalog-pinned/9352d2aad015ccfd764110ff59cb122ac5e0e65c93171618653e7d2834480e33.jpg|/media/catalog-pinned/31a638c0ac37ed5694e2ee3a113c8ad327b7edba894879f84625d6f1b0337bb6.jpg","TRUE","Самое главное отличие Сильвии — двухцветные ветки, зеленые у основания и голубые на кончиках. Компактный нижний диаметр позволяет устанавливать елочку как в просторных, так и в небольших помещениях"
"11","Венди","Зелёная","150","15000","90","340","21429","-30","/media/catalog-pinned/2f4d15f7b652c8a6f0dbdc2c14207aa7bec5ea94e2a8845c21f92eae4b7b5a7a.webp|/media/catalog-pinned/9352d2aad015ccfd764110ff59cb122ac5e0e65c93171618653e7d2834480e33.jpg|/media/catalog-pinned/31a638c0ac37ed5694e2ee3a113c8ad327b7edba894879f84625d6f1b0337bb6.jpg","TRUE","Самая узкая модель в магазине «Леди-Елка». Очень плотная густая хвоя и идеальная симметрия ветвей. Именно она сможет по-настоящему украсить спальню, детскую комнату или квартиру-студию"
"11","Венди","Зелёная","180","18700","98","484","26715","-30","/media/catalog-pinned/2f4d15f7b652c8a6f0dbdc2c14207aa7bec5ea94e2a8845c21f92eae4b7b5a7a.webp|/media/catalog-pinned/9352d2aad015ccfd764110ff59cb122ac5e0e65c93171618653e7d2834480e33.jpg|/media/catalog-pinned/31a638c0ac37ed5694e2ee3a113c8ad327b7edba894879f84625d6f1b0337bb6.jpg","TRUE","Самая узкая модель в магазине «Леди-Елка». Очень плотная густая хвоя и идеальная симметрия ветвей. Именно она сможет по-настоящему украсить спальню, детскую комнату или квартиру-студию"
"11","Венди","Зелёная","210","25000","104","664","35715","-30","/media/catalog-pinned/2f4d15f7b652c8a6f0dbdc2c14207aa7bec5ea94e2a8845c21f92eae4b7b5a7a.webp|/media/catalog-pinned/9352d2aad015ccfd764110ff59cb122ac5e0e65c93171618653e7d2834480e33.jpg|/media/catalog-pinned/31a638c0ac37ed5694e2ee3a113c8ad327b7edba894879f84625d6f1b0337bb6.jpg","TRUE","Самая узкая модель в магазине «Леди-Елка». Очень плотная густая хвоя и идеальная симметрия ветвей. Именно она сможет по-настоящему украсить спальню, детскую комнату или квартиру-студию"
"11","Венди","Зелёная","230","32000","110","832","45715","-30","/media/catalog-pinned/2f4d15f7b652c8a6f0dbdc2c14207aa7bec5ea94e2a8845c21f92eae4b7b5a7a.webp|/media/catalog-pinned/9352d2aad015ccfd764110ff59cb122ac5e0e65c93171618653e7d2834480e33.jpg|/media/catalog-pinned/31a638c0ac37ed5694e2ee3a113c8ad327b7edba894879f84625d6f1b0337bb6.jpg","TRUE","Самая узкая модель в магазине «Леди-Елка». Очень плотная густая хвоя и идеальная симметрия ветвей. Именно она сможет по-настоящему украсить спальню, детскую комнату или квартиру-студию"
"11","Венди","Зелёная","250","43000","122","1192","61429","-30","/media/catalog-pinned/2f4d15f7b652c8a6f0dbdc2c14207aa7bec5ea94e2a8845c21f92eae4b7b5a7a.webp|/media/catalog-pinned/9352d2aad015ccfd764110ff59cb122ac5e0e65c93171618653e7d2834480e33.jpg|/media/catalog-pinned/31a638c0ac37ed5694e2ee3a113c8ad327b7edba894879f84625d6f1b0337bb6.jpg","TRUE","Самая узкая модель в магазине «Леди-Елка». Очень плотная густая хвоя и идеальная симметрия ветвей. Именно она сможет по-настоящему украсить спальню, детскую комнату или квартиру-студию"
"11","Венди","Зелёная","270","51000","128","1384","72858","-30","/media/catalog-pinned/2f4d15f7b652c8a6f0dbdc2c14207aa7bec5ea94e2a8845c21f92eae4b7b5a7a.webp|/media/catalog-pinned/9352d2aad015ccfd764110ff59cb122ac5e0e65c93171618653e7d2834480e33.jpg|/media/catalog-pinned/31a638c0ac37ed5694e2ee3a113c8ad327b7edba894879f84625d6f1b0337bb6.jpg","TRUE","Самая узкая модель в магазине «Леди-Елка». Очень плотная густая хвоя и идеальная симметрия ветвей. Именно она сможет по-настоящему украсить спальню, детскую комнату или квартиру-студию"
"11","Венди","Зелёная","300","66000","140","1888","94286","-30","/media/catalog-pinned/2f4d15f7b652c8a6f0dbdc2c14207aa7bec5ea94e2a8845c21f92eae4b7b5a7a.webp|/media/catalog-pinned/9352d2aad015ccfd764110ff59cb122ac5e0e65c93171618653e7d2834480e33.jpg|/media/catalog-pinned/31a638c0ac37ed5694e2ee3a113c8ad327b7edba894879f84625d6f1b0337bb6.jpg","TRUE","Самая узкая модель в магазине «Леди-Елка». Очень плотная густая хвоя и идеальная симметрия ветвей. Именно она сможет по-настоящему украсить спальню, детскую комнату или квартиру-студию"
"11","Венди","Заснеженная","150","18000","90","340","25715","-30","/media/catalog-pinned/8474c45e129cc23478449d7fd84641c8a39941aa35aafc0c02b53e34c7471af0.jpg|/media/catalog-pinned/2c5d4155036701bec9120d1af6bf585c46b72d6b0c90a22ad717c52207bbd38d.webp|/media/catalog-pinned/b6ab433a56cbd16ea6a76324b72ca176896781a319093519c1eb0b490bbf4e56.webp|/media/catalog-pinned/4951aa06c4b61b8606dcdb5d80ef547c88644da816054c6dcf49b83464c70bf2.jpg|/media/catalog-pinned/8f040a6179cb315c02bfe6c032e5c737279cb748f9ef1e3a5f71774fa2081c66.jpg|/media/catalog-pinned/91c1dd98ad73c4a2e32558ff6c6a514128d9cfdb60864be5d2a573af893bbadb.jpg","TRUE","Самая узкая модель в магазине «Леди-Елка». Очень плотная густая хвоя и идеальная симметрия ветвей. Именно она сможет по-настоящему украсить спальню, детскую комнату или квартиру-студию"
"11","Венди","Заснеженная","180","22000","98","484","31429","-30","/media/catalog-pinned/8474c45e129cc23478449d7fd84641c8a39941aa35aafc0c02b53e34c7471af0.jpg|/media/catalog-pinned/2c5d4155036701bec9120d1af6bf585c46b72d6b0c90a22ad717c52207bbd38d.webp|/media/catalog-pinned/b6ab433a56cbd16ea6a76324b72ca176896781a319093519c1eb0b490bbf4e56.webp|/media/catalog-pinned/4951aa06c4b61b8606dcdb5d80ef547c88644da816054c6dcf49b83464c70bf2.jpg|/media/catalog-pinned/8f040a6179cb315c02bfe6c032e5c737279cb748f9ef1e3a5f71774fa2081c66.jpg|/media/catalog-pinned/91c1dd98ad73c4a2e32558ff6c6a514128d9cfdb60864be5d2a573af893bbadb.jpg","TRUE","Самая узкая модель в магазине «Леди-Елка». Очень плотная густая хвоя и идеальная симметрия ветвей. Именно она сможет по-настоящему украсить спальню, детскую комнату или квартиру-студию"
"11","Венди","Заснеженная","210","35000","104","664","50000","-30","/media/catalog-pinned/8474c45e129cc23478449d7fd84641c8a39941aa35aafc0c02b53e34c7471af0.jpg|/media/catalog-pinned/2c5d4155036701bec9120d1af6bf585c46b72d6b0c90a22ad717c52207bbd38d.webp|/media/catalog-pinned/b6ab433a56cbd16ea6a76324b72ca176896781a319093519c1eb0b490bbf4e56.webp|/media/catalog-pinned/4951aa06c4b61b8606dcdb5d80ef547c88644da816054c6dcf49b83464c70bf2.jpg|/media/catalog-pinned/8f040a6179cb315c02bfe6c032e5c737279cb748f9ef1e3a5f71774fa2081c66.jpg|/media/catalog-pinned/91c1dd98ad73c4a2e32558ff6c6a514128d9cfdb60864be5d2a573af893bbadb.jpg","TRUE","Самая узкая модель в магазине «Леди-Елка». Очень плотная густая хвоя и идеальная симметрия ветвей. Именно она сможет по-настоящему украсить спальню, детскую комнату или квартиру-студию"
"11","Венди","Заснеженная","230","43000","110","832","61429","-30","/media/catalog-pinned/8474c45e129cc23478449d7fd84641c8a39941aa35aafc0c02b53e34c7471af0.jpg|/media/catalog-pinned/2c5d4155036701bec9120d1af6bf585c46b72d6b0c90a22ad717c52207bbd38d.webp|/media/catalog-pinned/b6ab433a56cbd16ea6a76324b72ca176896781a319093519c1eb0b490bbf4e56.webp|/media/catalog-pinned/4951aa06c4b61b8606dcdb5d80ef547c88644da816054c6dcf49b83464c70bf2.jpg|/media/catalog-pinned/8f040a6179cb315c02bfe6c032e5c737279cb748f9ef1e3a5f71774fa2081c66.jpg|/media/catalog-pinned/91c1dd98ad73c4a2e32558ff6c6a514128d9cfdb60864be5d2a573af893bbadb.jpg","TRUE","Самая узкая модель в магазине «Леди-Елка». Очень плотная густая хвоя и идеальная симметрия ветвей. Именно она сможет по-настоящему украсить спальню, детскую комнату или квартиру-студию"
"11","Венди","Заснеженная","250","51000","122","1192","72858","-30","/media/catalog-pinned/8474c45e129cc23478449d7fd84641c8a39941aa35aafc0c02b53e34c7471af0.jpg|/media/catalog-pinned/2c5d4155036701bec9120d1af6bf585c46b72d6b0c90a22ad717c52207bbd38d.webp|/media/catalog-pinned/b6ab433a56cbd16ea6a76324b72ca176896781a319093519c1eb0b490bbf4e56.webp|/media/catalog-pinned/4951aa06c4b61b8606dcdb5d80ef547c88644da816054c6dcf49b83464c70bf2.jpg|/media/catalog-pinned/8f040a6179cb315c02bfe6c032e5c737279cb748f9ef1e3a5f71774fa2081c66.jpg|/media/catalog-pinned/91c1dd98ad73c4a2e32558ff6c6a514128d9cfdb60864be5d2a573af893bbadb.jpg","TRUE","Самая узкая модель в магазине «Леди-Елка». Очень плотная густая хвоя и идеальная симметрия ветвей. Именно она сможет по-настоящему украсить спальню, детскую комнату или квартиру-студию"
"11","Венди","Заснеженная","270","58000","128","1384","82858","-30","/media/catalog-pinned/8474c45e129cc23478449d7fd84641c8a39941aa35aafc0c02b53e34c7471af0.jpg|/media/catalog-pinned/2c5d4155036701bec9120d1af6bf585c46b72d6b0c90a22ad717c52207bbd38d.webp|/media/catalog-pinned/b6ab433a56cbd16ea6a76324b72ca176896781a319093519c1eb0b490bbf4e56.webp|/media/catalog-pinned/4951aa06c4b61b8606dcdb5d80ef547c88644da816054c6dcf49b83464c70bf2.jpg|/media/catalog-pinned/8f040a6179cb315c02bfe6c032e5c737279cb748f9ef1e3a5f71774fa2081c66.jpg|/media/catalog-pinned/91c1dd98ad73c4a2e32558ff6c6a514128d9cfdb60864be5d2a573af893bbadb.jpg","TRUE","Самая узкая модель в магазине «Леди-Елка». Очень плотная густая хвоя и идеальная симметрия ветвей. Именно она сможет по-настоящему украсить спальню, детскую комнату или квартиру-студию"
"11","Венди","Заснеженная","300","74000","140","1888","105715","-30","/media/catalog-pinned/8474c45e129cc23478449d7fd84641c8a39941aa35aafc0c02b53e34c7471af0.jpg|/media/catalog-pinned/2c5d4155036701bec9120d1af6bf585c46b72d6b0c90a22ad717c52207bbd38d.webp|/media/catalog-pinned/b6ab433a56cbd16ea6a76324b72ca176896781a319093519c1eb0b490bbf4e56.webp|/media/catalog-pinned/4951aa06c4b61b8606dcdb5d80ef547c88644da816054c6dcf49b83464c70bf2.jpg|/media/catalog-pinned/8f040a6179cb315c02bfe6c032e5c737279cb748f9ef1e3a5f71774fa2081c66.jpg|/media/catalog-pinned/91c1dd98ad73c4a2e32558ff6c6a514128d9cfdb60864be5d2a573af893bbadb.jpg","TRUE","Самая узкая модель в магазине «Леди-Елка». Очень плотная густая хвоя и идеальная симметрия ветвей. Именно она сможет по-настоящему украсить спальню, детскую комнату или квартиру-студию"
"12","Адель","Зелёная","150","15000","90","566","21429","-30","/media/catalog-pinned/bbcce398a8a99f153594303a544b89f9ebcfa7b4f0c77f93d415b08ef8315275.jpg|/media/catalog-pinned/86817d4044be5ff34eef82dc960281f1787bc2db2d3eaf083e704aa04a6a0bf6.webp|/media/catalog-pinned/8bb86dfb33bc99636f7be87c694415291fdec0c33e062148670f0ab60a313205.webp|/media/catalog-pinned/e512656de2a2af9aaf3cba1dd22f9418226ce657f33cdd046dcfa5389c3bb7bf.webp|/media/catalog-pinned/c5dad35032ed97ce609d9d406d46366eb7b02dd84168050bf9b38459fcab5d13.jpg|/media/catalog-pinned/c68683c711b1bad28ebb80274c93a6bdd550eb523d57f4c07c716ac35bd910bb.webp|/media/catalog-pinned/9352d2aad015ccfd764110ff59cb122ac5e0e65c93171618653e7d2834480e33.jpg|/media/catalog-pinned/31a638c0ac37ed5694e2ee3a113c8ad327b7edba894879f84625d6f1b0337bb6.jpg","TRUE","Одна из самых узких елок. Имеет изящные ветки с короткими иголками, которые приближают Адель к настоящей лесной красавице"
"12","Адель","Зелёная","180","23000","98","806","32858","-30","/media/catalog-pinned/bbcce398a8a99f153594303a544b89f9ebcfa7b4f0c77f93d415b08ef8315275.jpg|/media/catalog-pinned/86817d4044be5ff34eef82dc960281f1787bc2db2d3eaf083e704aa04a6a0bf6.webp|/media/catalog-pinned/8bb86dfb33bc99636f7be87c694415291fdec0c33e062148670f0ab60a313205.webp|/media/catalog-pinned/e512656de2a2af9aaf3cba1dd22f9418226ce657f33cdd046dcfa5389c3bb7bf.webp|/media/catalog-pinned/c5dad35032ed97ce609d9d406d46366eb7b02dd84168050bf9b38459fcab5d13.jpg|/media/catalog-pinned/c68683c711b1bad28ebb80274c93a6bdd550eb523d57f4c07c716ac35bd910bb.webp|/media/catalog-pinned/9352d2aad015ccfd764110ff59cb122ac5e0e65c93171618653e7d2834480e33.jpg|/media/catalog-pinned/31a638c0ac37ed5694e2ee3a113c8ad327b7edba894879f84625d6f1b0337bb6.jpg","TRUE","Одна из самых узких елок. Имеет изящные ветки с короткими иголками, которые приближают Адель к настоящей лесной красавице"
"12","Адель","Зелёная","210","28000","106","1130","40000","-30","/media/catalog-pinned/bbcce398a8a99f153594303a544b89f9ebcfa7b4f0c77f93d415b08ef8315275.jpg|/media/catalog-pinned/86817d4044be5ff34eef82dc960281f1787bc2db2d3eaf083e704aa04a6a0bf6.webp|/media/catalog-pinned/8bb86dfb33bc99636f7be87c694415291fdec0c33e062148670f0ab60a313205.webp|/media/catalog-pinned/e512656de2a2af9aaf3cba1dd22f9418226ce657f33cdd046dcfa5389c3bb7bf.webp|/media/catalog-pinned/c5dad35032ed97ce609d9d406d46366eb7b02dd84168050bf9b38459fcab5d13.jpg|/media/catalog-pinned/c68683c711b1bad28ebb80274c93a6bdd550eb523d57f4c07c716ac35bd910bb.webp|/media/catalog-pinned/9352d2aad015ccfd764110ff59cb122ac5e0e65c93171618653e7d2834480e33.jpg|/media/catalog-pinned/31a638c0ac37ed5694e2ee3a113c8ad327b7edba894879f84625d6f1b0337bb6.jpg","TRUE","Одна из самых узких елок. Имеет изящные ветки с короткими иголками, которые приближают Адель к настоящей лесной красавице"
"12","Адель","Зелёная","230","35000","110","1382","50000","-30","/media/catalog-pinned/bbcce398a8a99f153594303a544b89f9ebcfa7b4f0c77f93d415b08ef8315275.jpg|/media/catalog-pinned/86817d4044be5ff34eef82dc960281f1787bc2db2d3eaf083e704aa04a6a0bf6.webp|/media/catalog-pinned/8bb86dfb33bc99636f7be87c694415291fdec0c33e062148670f0ab60a313205.webp|/media/catalog-pinned/e512656de2a2af9aaf3cba1dd22f9418226ce657f33cdd046dcfa5389c3bb7bf.webp|/media/catalog-pinned/c5dad35032ed97ce609d9d406d46366eb7b02dd84168050bf9b38459fcab5d13.jpg|/media/catalog-pinned/c68683c711b1bad28ebb80274c93a6bdd550eb523d57f4c07c716ac35bd910bb.webp|/media/catalog-pinned/9352d2aad015ccfd764110ff59cb122ac5e0e65c93171618653e7d2834480e33.jpg|/media/catalog-pinned/31a638c0ac37ed5694e2ee3a113c8ad327b7edba894879f84625d6f1b0337bb6.jpg","TRUE","Одна из самых узких елок. Имеет изящные ветки с короткими иголками, которые приближают Адель к настоящей лесной красавице"
"12","Адель","Зелёная","250","44000","118","1886","62858","-30","/media/catalog-pinned/bbcce398a8a99f153594303a544b89f9ebcfa7b4f0c77f93d415b08ef8315275.jpg|/media/catalog-pinned/86817d4044be5ff34eef82dc960281f1787bc2db2d3eaf083e704aa04a6a0bf6.webp|/media/catalog-pinned/8bb86dfb33bc99636f7be87c694415291fdec0c33e062148670f0ab60a313205.webp|/media/catalog-pinned/e512656de2a2af9aaf3cba1dd22f9418226ce657f33cdd046dcfa5389c3bb7bf.webp|/media/catalog-pinned/c5dad35032ed97ce609d9d406d46366eb7b02dd84168050bf9b38459fcab5d13.jpg|/media/catalog-pinned/c68683c711b1bad28ebb80274c93a6bdd550eb523d57f4c07c716ac35bd910bb.webp|/media/catalog-pinned/9352d2aad015ccfd764110ff59cb122ac5e0e65c93171618653e7d2834480e33.jpg|/media/catalog-pinned/31a638c0ac37ed5694e2ee3a113c8ad327b7edba894879f84625d6f1b0337bb6.jpg","TRUE","Одна из самых узких елок. Имеет изящные ветки с короткими иголками, которые приближают Адель к настоящей лесной красавице"
"12","Адель","Зелёная","270","52000","122","2173","74286","-30","/media/catalog-pinned/bbcce398a8a99f153594303a544b89f9ebcfa7b4f0c77f93d415b08ef8315275.jpg|/media/catalog-pinned/86817d4044be5ff34eef82dc960281f1787bc2db2d3eaf083e704aa04a6a0bf6.webp|/media/catalog-pinned/8bb86dfb33bc99636f7be87c694415291fdec0c33e062148670f0ab60a313205.webp|/media/catalog-pinned/e512656de2a2af9aaf3cba1dd22f9418226ce657f33cdd046dcfa5389c3bb7bf.webp|/media/catalog-pinned/c5dad35032ed97ce609d9d406d46366eb7b02dd84168050bf9b38459fcab5d13.jpg|/media/catalog-pinned/c68683c711b1bad28ebb80274c93a6bdd550eb523d57f4c07c716ac35bd910bb.webp|/media/catalog-pinned/9352d2aad015ccfd764110ff59cb122ac5e0e65c93171618653e7d2834480e33.jpg|/media/catalog-pinned/31a638c0ac37ed5694e2ee3a113c8ad327b7edba894879f84625d6f1b0337bb6.jpg","TRUE","Одна из самых узких елок. Имеет изящные ветки с короткими иголками, которые приближают Адель к настоящей лесной красавице"
"12","Адель","Зелёная","300","67000","130","2846","95715","-30","/media/catalog-pinned/bbcce398a8a99f153594303a544b89f9ebcfa7b4f0c77f93d415b08ef8315275.jpg|/media/catalog-pinned/86817d4044be5ff34eef82dc960281f1787bc2db2d3eaf083e704aa04a6a0bf6.webp|/media/catalog-pinned/8bb86dfb33bc99636f7be87c694415291fdec0c33e062148670f0ab60a313205.webp|/media/catalog-pinned/e512656de2a2af9aaf3cba1dd22f9418226ce657f33cdd046dcfa5389c3bb7bf.webp|/media/catalog-pinned/c5dad35032ed97ce609d9d406d46366eb7b02dd84168050bf9b38459fcab5d13.jpg|/media/catalog-pinned/c68683c711b1bad28ebb80274c93a6bdd550eb523d57f4c07c716ac35bd910bb.webp|/media/catalog-pinned/9352d2aad015ccfd764110ff59cb122ac5e0e65c93171618653e7d2834480e33.jpg|/media/catalog-pinned/31a638c0ac37ed5694e2ee3a113c8ad327b7edba894879f84625d6f1b0337bb6.jpg","TRUE","Одна из самых узких елок. Имеет изящные ветки с короткими иголками, которые приближают Адель к настоящей лесной красавице"
"13","Дарина","Зелёная","150","13000","84","392","18572","-30","/media/catalog-pinned/9352d2aad015ccfd764110ff59cb122ac5e0e65c93171618653e7d2834480e33.jpg|/media/catalog-pinned/c13d24588c0775299392e7d31c4968f6fec931fc039b78887c42b6f74c80bbf0.webp|/media/catalog-pinned/e0b106c050a1827c86bb7edf514feb77e24c910f74c805ce87e667198b9f475f.webp","TRUE","Боковые ветки выходят за силует елочки, что приближает ее к натуральной красавице, привезенной из леса. Елка станет идеальным дополнением новогоднего интерьера и подарит праздничное настроение "
"13","Дарина","Зелёная","180","18000","88","512","25715","-30","/media/catalog-pinned/9352d2aad015ccfd764110ff59cb122ac5e0e65c93171618653e7d2834480e33.jpg|/media/catalog-pinned/c13d24588c0775299392e7d31c4968f6fec931fc039b78887c42b6f74c80bbf0.webp|/media/catalog-pinned/e0b106c050a1827c86bb7edf514feb77e24c910f74c805ce87e667198b9f475f.webp","TRUE","Боковые ветки выходят за силует елочки, что приближает ее к натуральной красавице, привезенной из леса. Елка станет идеальным дополнением новогоднего интерьера и подарит праздничное настроение "
"13","Дарина","Зелёная","210","24000","92","716","34286","-30","/media/catalog-pinned/9352d2aad015ccfd764110ff59cb122ac5e0e65c93171618653e7d2834480e33.jpg|/media/catalog-pinned/c13d24588c0775299392e7d31c4968f6fec931fc039b78887c42b6f74c80bbf0.webp|/media/catalog-pinned/e0b106c050a1827c86bb7edf514feb77e24c910f74c805ce87e667198b9f475f.webp","TRUE","Боковые ветки выходят за силует елочки, что приближает ее к натуральной красавице, привезенной из леса. Елка станет идеальным дополнением новогоднего интерьера и подарит праздничное настроение "
"13","Дарина","Зелёная","230","28000","96","820","40000","-30","/media/catalog-pinned/9352d2aad015ccfd764110ff59cb122ac5e0e65c93171618653e7d2834480e33.jpg|/media/catalog-pinned/c13d24588c0775299392e7d31c4968f6fec931fc039b78887c42b6f74c80bbf0.webp|/media/catalog-pinned/e0b106c050a1827c86bb7edf514feb77e24c910f74c805ce87e667198b9f475f.webp","TRUE","Боковые ветки выходят за силует елочки, что приближает ее к натуральной красавице, привезенной из леса. Елка станет идеальным дополнением новогоднего интерьера и подарит праздничное настроение "
"13","Дарина","Зелёная","250","33000","96","924","47143","-30","/media/catalog-pinned/9352d2aad015ccfd764110ff59cb122ac5e0e65c93171618653e7d2834480e33.jpg|/media/catalog-pinned/c13d24588c0775299392e7d31c4968f6fec931fc039b78887c42b6f74c80bbf0.webp|/media/catalog-pinned/e0b106c050a1827c86bb7edf514feb77e24c910f74c805ce87e667198b9f475f.webp","TRUE","Боковые ветки выходят за силует елочки, что приближает ее к натуральной красавице, привезенной из леса. Елка станет идеальным дополнением новогоднего интерьера и подарит праздничное настроение "
"13","Дарина","Зелёная","270","39000","100","1164","55715","-30","/media/catalog-pinned/9352d2aad015ccfd764110ff59cb122ac5e0e65c93171618653e7d2834480e33.jpg|/media/catalog-pinned/c13d24588c0775299392e7d31c4968f6fec931fc039b78887c42b6f74c80bbf0.webp|/media/catalog-pinned/e0b106c050a1827c86bb7edf514feb77e24c910f74c805ce87e667198b9f475f.webp","TRUE","Боковые ветки выходят за силует елочки, что приближает ее к натуральной красавице, привезенной из леса. Елка станет идеальным дополнением новогоднего интерьера и подарит праздничное настроение "
"14","Грета","Зелёная","150","16000","98","457","22858","-30","/media/catalog-pinned/aafce55307c2bc803750b49e9bb7dc2282ef44f6ac84c85d8b771ba1b56f9566.jpg|/media/catalog-pinned/9352d2aad015ccfd764110ff59cb122ac5e0e65c93171618653e7d2834480e33.jpg|/media/catalog-pinned/31a638c0ac37ed5694e2ee3a113c8ad327b7edba894879f84625d6f1b0337bb6.jpg","TRUE","Искуственная ель Грета состоит из семипалых удлиненных литых веточек. Идеальная форма и природный зеленый цвет повторяют вид натурального лесного дерева"
"14","Грета","Зелёная","185","26000","110","793","37143","-30","/media/catalog-pinned/aafce55307c2bc803750b49e9bb7dc2282ef44f6ac84c85d8b771ba1b56f9566.jpg|/media/catalog-pinned/9352d2aad015ccfd764110ff59cb122ac5e0e65c93171618653e7d2834480e33.jpg|/media/catalog-pinned/31a638c0ac37ed5694e2ee3a113c8ad327b7edba894879f84625d6f1b0337bb6.jpg","TRUE","Искуственная ель Грета состоит из семипалых удлиненных литых веточек. Идеальная форма и природный зеленый цвет повторяют вид натурального лесного дерева"
"14","Грета","Зелёная","215","39900","126","1163","57000","-30","/media/catalog-pinned/aafce55307c2bc803750b49e9bb7dc2282ef44f6ac84c85d8b771ba1b56f9566.jpg|/media/catalog-pinned/9352d2aad015ccfd764110ff59cb122ac5e0e65c93171618653e7d2834480e33.jpg|/media/catalog-pinned/31a638c0ac37ed5694e2ee3a113c8ad327b7edba894879f84625d6f1b0337bb6.jpg","TRUE","Искуственная ель Грета состоит из семипалых удлиненных литых веточек. Идеальная форма и природный зеленый цвет повторяют вид натурального лесного дерева"
"14","Грета","Зелёная","230","46000","134","1403","65715","-30","/media/catalog-pinned/aafce55307c2bc803750b49e9bb7dc2282ef44f6ac84c85d8b771ba1b56f9566.jpg|/media/catalog-pinned/9352d2aad015ccfd764110ff59cb122ac5e0e65c93171618653e7d2834480e33.jpg|/media/catalog-pinned/31a638c0ac37ed5694e2ee3a113c8ad327b7edba894879f84625d6f1b0337bb6.jpg","TRUE","Искуственная ель Грета состоит из семипалых удлиненных литых веточек. Идеальная форма и природный зеленый цвет повторяют вид натурального лесного дерева"
"14","Грета","Зелёная","250","55000","140","1843","78572","-30","/media/catalog-pinned/aafce55307c2bc803750b49e9bb7dc2282ef44f6ac84c85d8b771ba1b56f9566.jpg|/media/catalog-pinned/9352d2aad015ccfd764110ff59cb122ac5e0e65c93171618653e7d2834480e33.jpg|/media/catalog-pinned/31a638c0ac37ed5694e2ee3a113c8ad327b7edba894879f84625d6f1b0337bb6.jpg","TRUE","Искуственная ель Грета состоит из семипалых удлиненных литых веточек. Идеальная форма и природный зеленый цвет повторяют вид натурального лесного дерева"
"14","Грета","Зелёная","270","66000","146","2123","94286","-30","/media/catalog-pinned/aafce55307c2bc803750b49e9bb7dc2282ef44f6ac84c85d8b771ba1b56f9566.jpg|/media/catalog-pinned/9352d2aad015ccfd764110ff59cb122ac5e0e65c93171618653e7d2834480e33.jpg|/media/catalog-pinned/31a638c0ac37ed5694e2ee3a113c8ad327b7edba894879f84625d6f1b0337bb6.jpg","TRUE","Искуственная ель Грета состоит из семипалых удлиненных литых веточек. Идеальная форма и природный зеленый цвет повторяют вид натурального лесного дерева"
"14","Грета","Зелёная","300","86000","152","2670","122858","-30","/media/catalog-pinned/aafce55307c2bc803750b49e9bb7dc2282ef44f6ac84c85d8b771ba1b56f9566.jpg|/media/catalog-pinned/9352d2aad015ccfd764110ff59cb122ac5e0e65c93171618653e7d2834480e33.jpg|/media/catalog-pinned/31a638c0ac37ed5694e2ee3a113c8ad327b7edba894879f84625d6f1b0337bb6.jpg","TRUE","Искуственная ель Грета состоит из семипалых удлиненных литых веточек. Идеальная форма и природный зеленый цвет повторяют вид натурального лесного дерева"
"15","Вита","Зелёная","180","17400","112","535","24858","-30","/media/catalog-pinned/c055ed09ec2fdee2527af79c84cb99e55a0ba534b6647f8a140bdab57b129d8b.webp|/media/catalog-pinned/40d51a434c8c1644f907c4560325574a3d234e2a219a700624668cdc72052f79.webp|/media/catalog-pinned/77565afac3979de93e2ff5b685997741d65fdb2ec936c04443bb45e222cedd5e.webp|/media/catalog-pinned/fc64aea76115952f06e5858a6d31ff8f45a1555a96daf307c25c322ada0937e0.webp|/media/catalog-pinned/9352d2aad015ccfd764110ff59cb122ac5e0e65c93171618653e7d2834480e33.jpg|/media/catalog-pinned/31a638c0ac37ed5694e2ee3a113c8ad327b7edba894879f84625d6f1b0337bb6.jpg","TRUE","Искусственная литая елка, которая воссоздает природную красоту настоящего хвойного дерева. Вита порадует Вас своим роскошным видом и сохранит свою красоту на протяжении многих лет"
"15","Вита","Зелёная","210","24000","124","799","34286","-30","/media/catalog-pinned/c055ed09ec2fdee2527af79c84cb99e55a0ba534b6647f8a140bdab57b129d8b.webp|/media/catalog-pinned/40d51a434c8c1644f907c4560325574a3d234e2a219a700624668cdc72052f79.webp|/media/catalog-pinned/77565afac3979de93e2ff5b685997741d65fdb2ec936c04443bb45e222cedd5e.webp|/media/catalog-pinned/fc64aea76115952f06e5858a6d31ff8f45a1555a96daf307c25c322ada0937e0.webp|/media/catalog-pinned/9352d2aad015ccfd764110ff59cb122ac5e0e65c93171618653e7d2834480e33.jpg|/media/catalog-pinned/31a638c0ac37ed5694e2ee3a113c8ad327b7edba894879f84625d6f1b0337bb6.jpg","TRUE","Искусственная литая елка, которая воссоздает природную красоту настоящего хвойного дерева. Вита порадует Вас своим роскошным видом и сохранит свою красоту на протяжении многих лет"
"15","Вита","Зелёная","230","28000","132","939","40000","-30","/media/catalog-pinned/c055ed09ec2fdee2527af79c84cb99e55a0ba534b6647f8a140bdab57b129d8b.webp|/media/catalog-pinned/40d51a434c8c1644f907c4560325574a3d234e2a219a700624668cdc72052f79.webp|/media/catalog-pinned/77565afac3979de93e2ff5b685997741d65fdb2ec936c04443bb45e222cedd5e.webp|/media/catalog-pinned/fc64aea76115952f06e5858a6d31ff8f45a1555a96daf307c25c322ada0937e0.webp|/media/catalog-pinned/9352d2aad015ccfd764110ff59cb122ac5e0e65c93171618653e7d2834480e33.jpg|/media/catalog-pinned/31a638c0ac37ed5694e2ee3a113c8ad327b7edba894879f84625d6f1b0337bb6.jpg","TRUE","Искусственная литая елка, которая воссоздает природную красоту настоящего хвойного дерева. Вита порадует Вас своим роскошным видом и сохранит свою красоту на протяжении многих лет"
"15","Вита","Зелёная","250","34000","136","1131","48572","-30","/media/catalog-pinned/c055ed09ec2fdee2527af79c84cb99e55a0ba534b6647f8a140bdab57b129d8b.webp|/media/catalog-pinned/40d51a434c8c1644f907c4560325574a3d234e2a219a700624668cdc72052f79.webp|/media/catalog-pinned/77565afac3979de93e2ff5b685997741d65fdb2ec936c04443bb45e222cedd5e.webp|/media/catalog-pinned/fc64aea76115952f06e5858a6d31ff8f45a1555a96daf307c25c322ada0937e0.webp|/media/catalog-pinned/9352d2aad015ccfd764110ff59cb122ac5e0e65c93171618653e7d2834480e33.jpg|/media/catalog-pinned/31a638c0ac37ed5694e2ee3a113c8ad327b7edba894879f84625d6f1b0337bb6.jpg","TRUE","Искусственная литая елка, которая воссоздает природную красоту настоящего хвойного дерева. Вита порадует Вас своим роскошным видом и сохранит свою красоту на протяжении многих лет"
"15","Вита","Зелёная","270","43000","144","1355","61429","-30","/media/catalog-pinned/c055ed09ec2fdee2527af79c84cb99e55a0ba534b6647f8a140bdab57b129d8b.webp|/media/catalog-pinned/40d51a434c8c1644f907c4560325574a3d234e2a219a700624668cdc72052f79.webp|/media/catalog-pinned/77565afac3979de93e2ff5b685997741d65fdb2ec936c04443bb45e222cedd5e.webp|/media/catalog-pinned/fc64aea76115952f06e5858a6d31ff8f45a1555a96daf307c25c322ada0937e0.webp|/media/catalog-pinned/9352d2aad015ccfd764110ff59cb122ac5e0e65c93171618653e7d2834480e33.jpg|/media/catalog-pinned/31a638c0ac37ed5694e2ee3a113c8ad327b7edba894879f84625d6f1b0337bb6.jpg","TRUE","Искусственная литая елка, которая воссоздает природную красоту настоящего хвойного дерева. Вита порадует Вас своим роскошным видом и сохранит свою красоту на протяжении многих лет"
"15","Вита","Заснеженная","180","22000","112","535","31429","-30","/media/catalog-pinned/f476ac03b86de606e1d328673c351b3df402db9e19a9f1cd2700b0dd323b80d4.webp|/media/catalog-pinned/d097883c9a7d901b76839387a49e0ea196fe3f2fefb0c10edf6092ffef13ae8d.jpg|/media/catalog-pinned/fb548679d9fcb230b96fbd34e11e800112a98d93e92a41dd6ca5232347ac8355.webp|/media/catalog-pinned/85adf6471297bd4d7c7cc9d1b65449a85940b40edefa652b58db805636e7c9b9.webp|/media/catalog-pinned/376b63062cf992e61287ae425cadd2667a41bb31c572bdccefbe53bc0a58c083.jpg|/media/catalog-pinned/91c1dd98ad73c4a2e32558ff6c6a514128d9cfdb60864be5d2a573af893bbadb.jpg","TRUE","Заснеженная литая елка, которая воссоздает природную красоту настоящего хвойного дерева. Вита порадует Вас своим роскошным видом и сохранит свою красоту на протяжении многих лет"
"15","Вита","Заснеженная","210","30500","124","799","43572","-30","/media/catalog-pinned/f476ac03b86de606e1d328673c351b3df402db9e19a9f1cd2700b0dd323b80d4.webp|/media/catalog-pinned/d097883c9a7d901b76839387a49e0ea196fe3f2fefb0c10edf6092ffef13ae8d.jpg|/media/catalog-pinned/fb548679d9fcb230b96fbd34e11e800112a98d93e92a41dd6ca5232347ac8355.webp|/media/catalog-pinned/85adf6471297bd4d7c7cc9d1b65449a85940b40edefa652b58db805636e7c9b9.webp|/media/catalog-pinned/376b63062cf992e61287ae425cadd2667a41bb31c572bdccefbe53bc0a58c083.jpg|/media/catalog-pinned/91c1dd98ad73c4a2e32558ff6c6a514128d9cfdb60864be5d2a573af893bbadb.jpg","TRUE","Заснеженная литая елка, которая воссоздает природную красоту настоящего хвойного дерева. Вита порадует Вас своим роскошным видом и сохранит свою красоту на протяжении многих лет"
"15","Вита","Заснеженная","230","35000","132","939","50000","-30","/media/catalog-pinned/f476ac03b86de606e1d328673c351b3df402db9e19a9f1cd2700b0dd323b80d4.webp|/media/catalog-pinned/d097883c9a7d901b76839387a49e0ea196fe3f2fefb0c10edf6092ffef13ae8d.jpg|/media/catalog-pinned/fb548679d9fcb230b96fbd34e11e800112a98d93e92a41dd6ca5232347ac8355.webp|/media/catalog-pinned/85adf6471297bd4d7c7cc9d1b65449a85940b40edefa652b58db805636e7c9b9.webp|/media/catalog-pinned/376b63062cf992e61287ae425cadd2667a41bb31c572bdccefbe53bc0a58c083.jpg|/media/catalog-pinned/91c1dd98ad73c4a2e32558ff6c6a514128d9cfdb60864be5d2a573af893bbadb.jpg","TRUE","Заснеженная литая елка, которая воссоздает природную красоту настоящего хвойного дерева. Вита порадует Вас своим роскошным видом и сохранит свою красоту на протяжении многих лет"
"15","Вита","Заснеженная","250","43000","136","1131","61429","-30","/media/catalog-pinned/f476ac03b86de606e1d328673c351b3df402db9e19a9f1cd2700b0dd323b80d4.webp|/media/catalog-pinned/d097883c9a7d901b76839387a49e0ea196fe3f2fefb0c10edf6092ffef13ae8d.jpg|/media/catalog-pinned/fb548679d9fcb230b96fbd34e11e800112a98d93e92a41dd6ca5232347ac8355.webp|/media/catalog-pinned/85adf6471297bd4d7c7cc9d1b65449a85940b40edefa652b58db805636e7c9b9.webp|/media/catalog-pinned/376b63062cf992e61287ae425cadd2667a41bb31c572bdccefbe53bc0a58c083.jpg|/media/catalog-pinned/91c1dd98ad73c4a2e32558ff6c6a514128d9cfdb60864be5d2a573af893bbadb.jpg","TRUE","Заснеженная литая елка, которая воссоздает природную красоту настоящего хвойного дерева. Вита порадует Вас своим роскошным видом и сохранит свою красоту на протяжении многих лет"
"15","Вита","Заснеженная","270","55000","144","1355","78572","-30","/media/catalog-pinned/f476ac03b86de606e1d328673c351b3df402db9e19a9f1cd2700b0dd323b80d4.webp|/media/catalog-pinned/d097883c9a7d901b76839387a49e0ea196fe3f2fefb0c10edf6092ffef13ae8d.jpg|/media/catalog-pinned/fb548679d9fcb230b96fbd34e11e800112a98d93e92a41dd6ca5232347ac8355.webp|/media/catalog-pinned/85adf6471297bd4d7c7cc9d1b65449a85940b40edefa652b58db805636e7c9b9.webp|/media/catalog-pinned/376b63062cf992e61287ae425cadd2667a41bb31c572bdccefbe53bc0a58c083.jpg|/media/catalog-pinned/91c1dd98ad73c4a2e32558ff6c6a514128d9cfdb60864be5d2a573af893bbadb.jpg","TRUE","Заснеженная литая елка, которая воссоздает природную красоту настоящего хвойного дерева. Вита порадует Вас своим роскошным видом и сохранит свою красоту на протяжении многих лет"
"15","Вита","С освещением","180","27000","112","535","38572","-30","/media/catalog-pinned/8225a9fcd2c20c6d2651dfb107e46d8a28beb7ccf2f60c4c3ad2b2295f8f8e0d.webp|/media/catalog-pinned/9352d2aad015ccfd764110ff59cb122ac5e0e65c93171618653e7d2834480e33.jpg|/media/catalog-pinned/31a638c0ac37ed5694e2ee3a113c8ad327b7edba894879f84625d6f1b0337bb6.jpg","FALSE","Искусственная литая елка, которая воссоздает природную красоту настоящего хвойного дерева. Вита порадует Вас своим роскошным видом и сохранит свою красоту на протяжении многих лет. Дополнена встроенной гирляндой теплого свечения, без режимов мигания"
"15","Вита","С освещением","210","35500","124","799","50715","-30","/media/catalog-pinned/8225a9fcd2c20c6d2651dfb107e46d8a28beb7ccf2f60c4c3ad2b2295f8f8e0d.webp|/media/catalog-pinned/9352d2aad015ccfd764110ff59cb122ac5e0e65c93171618653e7d2834480e33.jpg|/media/catalog-pinned/31a638c0ac37ed5694e2ee3a113c8ad327b7edba894879f84625d6f1b0337bb6.jpg","FALSE","Искусственная литая елка, которая воссоздает природную красоту настоящего хвойного дерева. Вита порадует Вас своим роскошным видом и сохранит свою красоту на протяжении многих лет. Дополнена встроенной гирляндой теплого свечения, без режимов мигания"
"15","Вита","С освещением","230","42000","132","939","60000","-30","/media/catalog-pinned/8225a9fcd2c20c6d2651dfb107e46d8a28beb7ccf2f60c4c3ad2b2295f8f8e0d.webp|/media/catalog-pinned/9352d2aad015ccfd764110ff59cb122ac5e0e65c93171618653e7d2834480e33.jpg|/media/catalog-pinned/31a638c0ac37ed5694e2ee3a113c8ad327b7edba894879f84625d6f1b0337bb6.jpg","FALSE","Искусственная литая елка, которая воссоздает природную красоту настоящего хвойного дерева. Вита порадует Вас своим роскошным видом и сохранит свою красоту на протяжении многих лет. Дополнена встроенной гирляндой теплого свечения, без режимов мигания"
"15","Вита","С освещением","250","50000","136","1131","71429","-30","/media/catalog-pinned/8225a9fcd2c20c6d2651dfb107e46d8a28beb7ccf2f60c4c3ad2b2295f8f8e0d.webp|/media/catalog-pinned/9352d2aad015ccfd764110ff59cb122ac5e0e65c93171618653e7d2834480e33.jpg|/media/catalog-pinned/31a638c0ac37ed5694e2ee3a113c8ad327b7edba894879f84625d6f1b0337bb6.jpg","FALSE","Искусственная литая елка, которая воссоздает природную красоту настоящего хвойного дерева. Вита порадует Вас своим роскошным видом и сохранит свою красоту на протяжении многих лет. Дополнена встроенной гирляндой теплого свечения, без режимов мигания"
"15","Вита","С освещением","270","63000","144","1355","90000","-30","/media/catalog-pinned/8225a9fcd2c20c6d2651dfb107e46d8a28beb7ccf2f60c4c3ad2b2295f8f8e0d.webp|/media/catalog-pinned/9352d2aad015ccfd764110ff59cb122ac5e0e65c93171618653e7d2834480e33.jpg|/media/catalog-pinned/31a638c0ac37ed5694e2ee3a113c8ad327b7edba894879f84625d6f1b0337bb6.jpg","FALSE","Искусственная литая елка, которая воссоздает природную красоту настоящего хвойного дерева. Вита порадует Вас своим роскошным видом и сохранит свою красоту на протяжении многих лет. Дополнена встроенной гирляндой теплого свечения, без режимов мигания"
"16","Валенсия","Зелёная","215","48000","176","1532","68572","-30","/media/catalog-pinned/e02689068333f473a02852653274bc8d4e616e6fa3f4ff6bed21c31fb39a9e5f.jpg|/media/catalog-pinned/cdff54582c562150cba76745b05daad81c9548ec83ed07db4511144f36acbe42.webp|/media/catalog-pinned/cfe93a7d98acc1063e245bab97834c6ce537d75007b609aed1c47f2c7e2d7a8a.webp|/media/catalog-pinned/b50cc3e285534e379204087567923905b55f68e3d591448a7c10818b7f64dfb3.webp|/media/catalog-pinned/9352d2aad015ccfd764110ff59cb122ac5e0e65c93171618653e7d2834480e33.jpg|/media/catalog-pinned/31a638c0ac37ed5694e2ee3a113c8ad327b7edba894879f84625d6f1b0337bb6.jpg","TRUE","Валенсия очаровывает своим великолепием. Ее увесистые свисающие вниз ветви очень точно передают сходство с натуральной лесной елкой. Отлично подойдет для просторных помещений, залов и станет прекрасным украшением праздника"
"16","Валенсия","Зелёная","230","61000","194","1952","87143","-30","/media/catalog-pinned/e02689068333f473a02852653274bc8d4e616e6fa3f4ff6bed21c31fb39a9e5f.jpg|/media/catalog-pinned/cdff54582c562150cba76745b05daad81c9548ec83ed07db4511144f36acbe42.webp|/media/catalog-pinned/cfe93a7d98acc1063e245bab97834c6ce537d75007b609aed1c47f2c7e2d7a8a.webp|/media/catalog-pinned/b50cc3e285534e379204087567923905b55f68e3d591448a7c10818b7f64dfb3.webp|/media/catalog-pinned/9352d2aad015ccfd764110ff59cb122ac5e0e65c93171618653e7d2834480e33.jpg|/media/catalog-pinned/31a638c0ac37ed5694e2ee3a113c8ad327b7edba894879f84625d6f1b0337bb6.jpg","TRUE","Валенсия очаровывает своим великолепием. Ее увесистые свисающие вниз ветви очень точно передают сходство с натуральной лесной елкой. Отлично подойдет для просторных помещений, залов и станет прекрасным украшением праздника"
"16","Валенсия","Зелёная","250","78000","206","2522","111429","-30","/media/catalog-pinned/e02689068333f473a02852653274bc8d4e616e6fa3f4ff6bed21c31fb39a9e5f.jpg|/media/catalog-pinned/cdff54582c562150cba76745b05daad81c9548ec83ed07db4511144f36acbe42.webp|/media/catalog-pinned/cfe93a7d98acc1063e245bab97834c6ce537d75007b609aed1c47f2c7e2d7a8a.webp|/media/catalog-pinned/b50cc3e285534e379204087567923905b55f68e3d591448a7c10818b7f64dfb3.webp|/media/catalog-pinned/9352d2aad015ccfd764110ff59cb122ac5e0e65c93171618653e7d2834480e33.jpg|/media/catalog-pinned/31a638c0ac37ed5694e2ee3a113c8ad327b7edba894879f84625d6f1b0337bb6.jpg","TRUE","Валенсия очаровывает своим великолепием. Ее увесистые свисающие вниз ветви очень точно передают сходство с натуральной лесной елкой. Отлично подойдет для просторных помещений, залов и станет прекрасным украшением праздника"
"16","Валенсия","Зелёная","270","97000","218","3152","138572","-30","/media/catalog-pinned/e02689068333f473a02852653274bc8d4e616e6fa3f4ff6bed21c31fb39a9e5f.jpg|/media/catalog-pinned/cdff54582c562150cba76745b05daad81c9548ec83ed07db4511144f36acbe42.webp|/media/catalog-pinned/cfe93a7d98acc1063e245bab97834c6ce537d75007b609aed1c47f2c7e2d7a8a.webp|/media/catalog-pinned/b50cc3e285534e379204087567923905b55f68e3d591448a7c10818b7f64dfb3.webp|/media/catalog-pinned/9352d2aad015ccfd764110ff59cb122ac5e0e65c93171618653e7d2834480e33.jpg|/media/catalog-pinned/31a638c0ac37ed5694e2ee3a113c8ad327b7edba894879f84625d6f1b0337bb6.jpg","TRUE","Валенсия очаровывает своим великолепием. Ее увесистые свисающие вниз ветви очень точно передают сходство с натуральной лесной елкой. Отлично подойдет для просторных помещений, залов и станет прекрасным украшением праздника"
"16","Валенсия","Зелёная","300","119000","230","3872","170000","-30","/media/catalog-pinned/e02689068333f473a02852653274bc8d4e616e6fa3f4ff6bed21c31fb39a9e5f.jpg|/media/catalog-pinned/cdff54582c562150cba76745b05daad81c9548ec83ed07db4511144f36acbe42.webp|/media/catalog-pinned/cfe93a7d98acc1063e245bab97834c6ce537d75007b609aed1c47f2c7e2d7a8a.webp|/media/catalog-pinned/b50cc3e285534e379204087567923905b55f68e3d591448a7c10818b7f64dfb3.webp|/media/catalog-pinned/9352d2aad015ccfd764110ff59cb122ac5e0e65c93171618653e7d2834480e33.jpg|/media/catalog-pinned/31a638c0ac37ed5694e2ee3a113c8ad327b7edba894879f84625d6f1b0337bb6.jpg","TRUE","Валенсия очаровывает своим великолепием. Ее увесистые свисающие вниз ветви очень точно передают сходство с натуральной лесной елкой. Отлично подойдет для просторных помещений, залов и станет прекрасным украшением праздника"
"17","Элизабет","Зелёная","150","15600","118","461","22286","-30","/media/catalog-pinned/094d83e2bc5f4a53ccb0550eb32f05a9022c213f9fae3ab3b3602f7b18986ca4.webp|/media/catalog-pinned/42f689a5ac07ee45c5cbdf547064a69e09e4d77c4014ef159e4759d6faf208a3.webp|/media/catalog-pinned/a1f256c4124efa7444c20fd2ad9318d2308734266f89cfc67049bfbc2b2f9710.jpg|/media/catalog-pinned/8ba26118c9b105275f77b8adbcc2213e034b1957f26f18bd50c5fc5421f1f265.jpg|/media/catalog-pinned/341d09f6af15bb8bc52aa003ce65c870e51f878bd6188f069696596f3bbc1ff1.webp|/media/catalog-pinned/08cebc26191b20d684d0bf3ef78e2e8ab1a921820465fb3300c46b16f9765386.webp|/media/catalog-pinned/9352d2aad015ccfd764110ff59cb122ac5e0e65c93171618653e7d2834480e33.jpg|/media/catalog-pinned/31a638c0ac37ed5694e2ee3a113c8ad327b7edba894879f84625d6f1b0337bb6.jpg","TRUE","Елка состоит из семипалых веток, с хвоей насыщенного зеленого цвета. Неправильная форма создает сходство с натуральным деревом"
"17","Элизабет","Зелёная","185","23000","134","869","32858","-30","/media/catalog-pinned/094d83e2bc5f4a53ccb0550eb32f05a9022c213f9fae3ab3b3602f7b18986ca4.webp|/media/catalog-pinned/42f689a5ac07ee45c5cbdf547064a69e09e4d77c4014ef159e4759d6faf208a3.webp|/media/catalog-pinned/a1f256c4124efa7444c20fd2ad9318d2308734266f89cfc67049bfbc2b2f9710.jpg|/media/catalog-pinned/8ba26118c9b105275f77b8adbcc2213e034b1957f26f18bd50c5fc5421f1f265.jpg|/media/catalog-pinned/341d09f6af15bb8bc52aa003ce65c870e51f878bd6188f069696596f3bbc1ff1.webp|/media/catalog-pinned/08cebc26191b20d684d0bf3ef78e2e8ab1a921820465fb3300c46b16f9765386.webp|/media/catalog-pinned/9352d2aad015ccfd764110ff59cb122ac5e0e65c93171618653e7d2834480e33.jpg|/media/catalog-pinned/31a638c0ac37ed5694e2ee3a113c8ad327b7edba894879f84625d6f1b0337bb6.jpg","TRUE","Елка состоит из семипалых веток, с хвоей насыщенного зеленого цвета. Неправильная форма создает сходство с натуральным деревом"
"17","Элизабет","Зелёная","215","34000","150","1337","48572","-30","/media/catalog-pinned/094d83e2bc5f4a53ccb0550eb32f05a9022c213f9fae3ab3b3602f7b18986ca4.webp|/media/catalog-pinned/42f689a5ac07ee45c5cbdf547064a69e09e4d77c4014ef159e4759d6faf208a3.webp|/media/catalog-pinned/a1f256c4124efa7444c20fd2ad9318d2308734266f89cfc67049bfbc2b2f9710.jpg|/media/catalog-pinned/8ba26118c9b105275f77b8adbcc2213e034b1957f26f18bd50c5fc5421f1f265.jpg|/media/catalog-pinned/341d09f6af15bb8bc52aa003ce65c870e51f878bd6188f069696596f3bbc1ff1.webp|/media/catalog-pinned/08cebc26191b20d684d0bf3ef78e2e8ab1a921820465fb3300c46b16f9765386.webp|/media/catalog-pinned/9352d2aad015ccfd764110ff59cb122ac5e0e65c93171618653e7d2834480e33.jpg|/media/catalog-pinned/31a638c0ac37ed5694e2ee3a113c8ad327b7edba894879f84625d6f1b0337bb6.jpg","TRUE","Елка состоит из семипалых веток, с хвоей насыщенного зеленого цвета. Неправильная форма создает сходство с натуральным деревом"
"17","Элизабет","Зелёная","230","38900","162","1733","55572","-30","/media/catalog-pinned/094d83e2bc5f4a53ccb0550eb32f05a9022c213f9fae3ab3b3602f7b18986ca4.webp|/media/catalog-pinned/42f689a5ac07ee45c5cbdf547064a69e09e4d77c4014ef159e4759d6faf208a3.webp|/media/catalog-pinned/a1f256c4124efa7444c20fd2ad9318d2308734266f89cfc67049bfbc2b2f9710.jpg|/media/catalog-pinned/8ba26118c9b105275f77b8adbcc2213e034b1957f26f18bd50c5fc5421f1f265.jpg|/media/catalog-pinned/341d09f6af15bb8bc52aa003ce65c870e51f878bd6188f069696596f3bbc1ff1.webp|/media/catalog-pinned/08cebc26191b20d684d0bf3ef78e2e8ab1a921820465fb3300c46b16f9765386.webp|/media/catalog-pinned/9352d2aad015ccfd764110ff59cb122ac5e0e65c93171618653e7d2834480e33.jpg|/media/catalog-pinned/31a638c0ac37ed5694e2ee3a113c8ad327b7edba894879f84625d6f1b0337bb6.jpg","TRUE","Елка состоит из семипалых веток, с хвоей насыщенного зеленого цвета. Неправильная форма создает сходство с натуральным деревом"
"17","Элизабет","Зелёная","250","48000","174","2135","68572","-30","/media/catalog-pinned/094d83e2bc5f4a53ccb0550eb32f05a9022c213f9fae3ab3b3602f7b18986ca4.webp|/media/catalog-pinned/42f689a5ac07ee45c5cbdf547064a69e09e4d77c4014ef159e4759d6faf208a3.webp|/media/catalog-pinned/a1f256c4124efa7444c20fd2ad9318d2308734266f89cfc67049bfbc2b2f9710.jpg|/media/catalog-pinned/8ba26118c9b105275f77b8adbcc2213e034b1957f26f18bd50c5fc5421f1f265.jpg|/media/catalog-pinned/341d09f6af15bb8bc52aa003ce65c870e51f878bd6188f069696596f3bbc1ff1.webp|/media/catalog-pinned/08cebc26191b20d684d0bf3ef78e2e8ab1a921820465fb3300c46b16f9765386.webp|/media/catalog-pinned/9352d2aad015ccfd764110ff59cb122ac5e0e65c93171618653e7d2834480e33.jpg|/media/catalog-pinned/31a638c0ac37ed5694e2ee3a113c8ad327b7edba894879f84625d6f1b0337bb6.jpg","TRUE","Елка состоит из семипалых веток, с хвоей насыщенного зеленого цвета. Неправильная форма создает сходство с натуральным деревом"
"17","Элизабет","Зелёная","270","58000","186","2561","82858","-30","/media/catalog-pinned/094d83e2bc5f4a53ccb0550eb32f05a9022c213f9fae3ab3b3602f7b18986ca4.webp|/media/catalog-pinned/42f689a5ac07ee45c5cbdf547064a69e09e4d77c4014ef159e4759d6faf208a3.webp|/media/catalog-pinned/a1f256c4124efa7444c20fd2ad9318d2308734266f89cfc67049bfbc2b2f9710.jpg|/media/catalog-pinned/8ba26118c9b105275f77b8adbcc2213e034b1957f26f18bd50c5fc5421f1f265.jpg|/media/catalog-pinned/341d09f6af15bb8bc52aa003ce65c870e51f878bd6188f069696596f3bbc1ff1.webp|/media/catalog-pinned/08cebc26191b20d684d0bf3ef78e2e8ab1a921820465fb3300c46b16f9765386.webp|/media/catalog-pinned/9352d2aad015ccfd764110ff59cb122ac5e0e65c93171618653e7d2834480e33.jpg|/media/catalog-pinned/31a638c0ac37ed5694e2ee3a113c8ad327b7edba894879f84625d6f1b0337bb6.jpg","TRUE","Елка состоит из семипалых веток, с хвоей насыщенного зеленого цвета. Неправильная форма создает сходство с натуральным деревом"
"17","Элизабет","Зелёная","300","81000","206","3773","115715","-30","/media/catalog-pinned/094d83e2bc5f4a53ccb0550eb32f05a9022c213f9fae3ab3b3602f7b18986ca4.webp|/media/catalog-pinned/42f689a5ac07ee45c5cbdf547064a69e09e4d77c4014ef159e4759d6faf208a3.webp|/media/catalog-pinned/a1f256c4124efa7444c20fd2ad9318d2308734266f89cfc67049bfbc2b2f9710.jpg|/media/catalog-pinned/8ba26118c9b105275f77b8adbcc2213e034b1957f26f18bd50c5fc5421f1f265.jpg|/media/catalog-pinned/341d09f6af15bb8bc52aa003ce65c870e51f878bd6188f069696596f3bbc1ff1.webp|/media/catalog-pinned/08cebc26191b20d684d0bf3ef78e2e8ab1a921820465fb3300c46b16f9765386.webp|/media/catalog-pinned/9352d2aad015ccfd764110ff59cb122ac5e0e65c93171618653e7d2834480e33.jpg|/media/catalog-pinned/31a638c0ac37ed5694e2ee3a113c8ad327b7edba894879f84625d6f1b0337bb6.jpg","TRUE","Елка состоит из семипалых веток, с хвоей насыщенного зеленого цвета. Неправильная форма создает сходство с натуральным деревом"
"17","Элизабет","Заснеженная с освещением","150","25000","118","461","35715","-30","/media/catalog-pinned/308860b97b09b8c73d3920f4390a8ff9bb3f3921c75b65e6c383b8d1892a2dae.webp|/media/catalog-pinned/9373df3219ede752ca13fde9ec599eab96bde8dd0b61f70439ec49a592e2953f.jpg|/media/catalog-pinned/8f040a6179cb315c02bfe6c032e5c737279cb748f9ef1e3a5f71774fa2081c66.jpg|/media/catalog-pinned/91c1dd98ad73c4a2e32558ff6c6a514128d9cfdb60864be5d2a573af893bbadb.jpg","TRUE","Елка состоит из семипалых веток, с хвоей, имеющей хлопковое напыление. Неправильная форма создает сходство с натуральным деревом. Дополнена встроенной гирляндой теплого свечения, без режимов мигания"
"17","Элизабет","Заснеженная с освещением","185","37000","134","869","52858","-30","/media/catalog-pinned/308860b97b09b8c73d3920f4390a8ff9bb3f3921c75b65e6c383b8d1892a2dae.webp|/media/catalog-pinned/9373df3219ede752ca13fde9ec599eab96bde8dd0b61f70439ec49a592e2953f.jpg|/media/catalog-pinned/8f040a6179cb315c02bfe6c032e5c737279cb748f9ef1e3a5f71774fa2081c66.jpg|/media/catalog-pinned/91c1dd98ad73c4a2e32558ff6c6a514128d9cfdb60864be5d2a573af893bbadb.jpg","TRUE","Елка состоит из семипалых веток, с хвоей, имеющей хлопковое напыление. Неправильная форма создает сходство с натуральным деревом. Дополнена встроенной гирляндой теплого свечения, без режимов мигания"
"17","Элизабет","Заснеженная с освещением","215","51000","150","1337","72858","-30","/media/catalog-pinned/308860b97b09b8c73d3920f4390a8ff9bb3f3921c75b65e6c383b8d1892a2dae.webp|/media/catalog-pinned/9373df3219ede752ca13fde9ec599eab96bde8dd0b61f70439ec49a592e2953f.jpg|/media/catalog-pinned/8f040a6179cb315c02bfe6c032e5c737279cb748f9ef1e3a5f71774fa2081c66.jpg|/media/catalog-pinned/91c1dd98ad73c4a2e32558ff6c6a514128d9cfdb60864be5d2a573af893bbadb.jpg","TRUE","Елка состоит из семипалых веток, с хвоей, имеющей хлопковое напыление. Неправильная форма создает сходство с натуральным деревом. Дополнена встроенной гирляндой теплого свечения, без режимов мигания"
"17","Элизабет","Заснеженная с освещением","230","60000","162","1733","85715","-30","/media/catalog-pinned/308860b97b09b8c73d3920f4390a8ff9bb3f3921c75b65e6c383b8d1892a2dae.webp|/media/catalog-pinned/9373df3219ede752ca13fde9ec599eab96bde8dd0b61f70439ec49a592e2953f.jpg|/media/catalog-pinned/8f040a6179cb315c02bfe6c032e5c737279cb748f9ef1e3a5f71774fa2081c66.jpg|/media/catalog-pinned/91c1dd98ad73c4a2e32558ff6c6a514128d9cfdb60864be5d2a573af893bbadb.jpg","TRUE","Елка состоит из семипалых веток, с хвоей, имеющей хлопковое напыление. Неправильная форма создает сходство с натуральным деревом. Дополнена встроенной гирляндой теплого свечения, без режимов мигания"
"17","Элизабет","Заснеженная с освещением","250","74500","174","2135","106429","-30","/media/catalog-pinned/308860b97b09b8c73d3920f4390a8ff9bb3f3921c75b65e6c383b8d1892a2dae.webp|/media/catalog-pinned/9373df3219ede752ca13fde9ec599eab96bde8dd0b61f70439ec49a592e2953f.jpg|/media/catalog-pinned/8f040a6179cb315c02bfe6c032e5c737279cb748f9ef1e3a5f71774fa2081c66.jpg|/media/catalog-pinned/91c1dd98ad73c4a2e32558ff6c6a514128d9cfdb60864be5d2a573af893bbadb.jpg","TRUE","Елка состоит из семипалых веток, с хвоей, имеющей хлопковое напыление. Неправильная форма создает сходство с натуральным деревом. Дополнена встроенной гирляндой теплого свечения, без режимов мигания"
"17","Элизабет","Заснеженная с освещением","270","93000","186","2561","132858","-30","/media/catalog-pinned/308860b97b09b8c73d3920f4390a8ff9bb3f3921c75b65e6c383b8d1892a2dae.webp|/media/catalog-pinned/9373df3219ede752ca13fde9ec599eab96bde8dd0b61f70439ec49a592e2953f.jpg|/media/catalog-pinned/8f040a6179cb315c02bfe6c032e5c737279cb748f9ef1e3a5f71774fa2081c66.jpg|/media/catalog-pinned/91c1dd98ad73c4a2e32558ff6c6a514128d9cfdb60864be5d2a573af893bbadb.jpg","TRUE","Елка состоит из семипалых веток, с хвоей, имеющей хлопковое напыление. Неправильная форма создает сходство с натуральным деревом. Дополнена встроенной гирляндой теплого свечения, без режимов мигания"
"17","Элизабет","Заснеженная с освещением","300","128000","206","3773","182858","-30","/media/catalog-pinned/308860b97b09b8c73d3920f4390a8ff9bb3f3921c75b65e6c383b8d1892a2dae.webp|/media/catalog-pinned/9373df3219ede752ca13fde9ec599eab96bde8dd0b61f70439ec49a592e2953f.jpg|/media/catalog-pinned/8f040a6179cb315c02bfe6c032e5c737279cb748f9ef1e3a5f71774fa2081c66.jpg|/media/catalog-pinned/91c1dd98ad73c4a2e32558ff6c6a514128d9cfdb60864be5d2a573af893bbadb.jpg","TRUE","Елка состоит из семипалых веток, с хвоей, имеющей хлопковое напыление. Неправильная форма создает сходство с натуральным деревом. Дополнена встроенной гирляндой теплого свечения, без режимов мигания"
"17","Элизабет","Заснеженная","185","27000","133","0","38572","-30","/media/catalog-pinned/08ac7a11c5fd0563e5977ac957993fcfe8333a4718909ef6a239c37a9c95c8d0.webp|/media/catalog-pinned/f56090bd85da3520df41ada657773e1fed6451c230c13a281e3aedcc9865dd70.webp|/media/catalog-pinned/329bfbb6787545571d35e5dc40bdb799cbf851704089d3f812bbf974a8483456.webp","TRUE","Текст"
"17","Элизабет","Заснеженная","215","41000","150","0","58572","-30","/media/catalog-pinned/543b65c24ee215c9ab979db07cda24f35896d182901f40a04e09257cbc983b8e.jpg|/media/catalog-pinned/7435678428cce90f0af9e0078b2138f1e65a51087f8c8d7e7cb33372b48d0eaa.jpg","TRUE",""
"17","Элизабет","Заснеженная","230","50900","162","0","72715","-30","/media/catalog-pinned/543b65c24ee215c9ab979db07cda24f35896d182901f40a04e09257cbc983b8e.jpg|/media/catalog-pinned/7435678428cce90f0af9e0078b2138f1e65a51087f8c8d7e7cb33372b48d0eaa.jpg","TRUE",""
"17","Элизабет","Заснеженная","250","56000","174","0","80000","-30","/media/catalog-pinned/543b65c24ee215c9ab979db07cda24f35896d182901f40a04e09257cbc983b8e.jpg|/media/catalog-pinned/7435678428cce90f0af9e0078b2138f1e65a51087f8c8d7e7cb33372b48d0eaa.jpg","TRUE",""
"17","Элизабет","Заснеженная","270","71000","186","0","101429","-30","/media/catalog-pinned/543b65c24ee215c9ab979db07cda24f35896d182901f40a04e09257cbc983b8e.jpg|/media/catalog-pinned/7435678428cce90f0af9e0078b2138f1e65a51087f8c8d7e7cb33372b48d0eaa.jpg","TRUE",""
"17","Элизабет","Заснеженная","300","94000","206","0","134286","-30","/media/catalog-pinned/543b65c24ee215c9ab979db07cda24f35896d182901f40a04e09257cbc983b8e.jpg|/media/catalog-pinned/7435678428cce90f0af9e0078b2138f1e65a51087f8c8d7e7cb33372b48d0eaa.jpg","TRUE",""
"18","Камила","Зелёная","215","42944","94","766","61349","-30","/media/catalog-pinned/eaf230c087512850b857be5254a875b640a9b5cc57fc3fffd5c99ba1e03003d8.jpg","FALSE","Искусственная литая елка, которая воссоздает природную красоту настоящего хвойного дерева. Камила порадует Вас своим роскошным видом и сохранит свою красоту на протяжении многих лет"
"18","Камила","Зелёная","250","64416","0","0","92023","-30","/media/catalog-pinned/eaf230c087512850b857be5254a875b640a9b5cc57fc3fffd5c99ba1e03003d8.jpg","FALSE","Искусственная литая елка, которая воссоздает природную красоту настоящего хвойного дерева. Камила порадует Вас своим роскошным видом и сохранит свою красоту на протяжении многих лет"
"18","Камила","Зелёная","280","85888","0","0","122698","-30","/media/catalog-pinned/eaf230c087512850b857be5254a875b640a9b5cc57fc3fffd5c99ba1e03003d8.jpg","FALSE","Искусственная литая елка, которая воссоздает природную красоту настоящего хвойного дерева. Камила порадует Вас своим роскошным видом и сохранит свою красоту на протяжении многих лет"
"18","Камила","Зелёная","300","98637","0","0","140910","-30","/media/catalog-pinned/eaf230c087512850b857be5254a875b640a9b5cc57fc3fffd5c99ba1e03003d8.jpg","FALSE","Искусственная литая елка, которая воссоздает природную красоту настоящего хвойного дерева. Камила порадует Вас своим роскошным видом и сохранит свою красоту на протяжении многих лет"
"19","Грация","Зелёная","180","37576","112","535","53680","-30","/media/catalog-pinned/41367a224a71aef892a9a432f30b362b3800f9cdc85806e2b20bdb2fb9c2b823.webp|/media/catalog-pinned/b0c412df3561449e4b8909360dac8725f6c682c2b84834540174b50aa420cf21.webp","FALSE","Искусственная литая елка, которая воссоздает природную красоту настоящего хвойного дерева. Грация порадует Вас своим роскошным видом и сохранит свою красоту на протяжении многих лет"
"19","Грация","Зелёная","210","51667","0","0","73810","-30","/media/catalog-pinned/41367a224a71aef892a9a432f30b362b3800f9cdc85806e2b20bdb2fb9c2b823.webp|/media/catalog-pinned/b0c412df3561449e4b8909360dac8725f6c682c2b84834540174b50aa420cf21.webp","FALSE","Искусственная литая елка, которая воссоздает природную красоту настоящего хвойного дерева. Грация порадует Вас своим роскошным видом и сохранит свою красоту на протяжении многих лет"
"19","Грация","Зелёная","230","64416","0","0","92023","-30","/media/catalog-pinned/41367a224a71aef892a9a432f30b362b3800f9cdc85806e2b20bdb2fb9c2b823.webp|/media/catalog-pinned/b0c412df3561449e4b8909360dac8725f6c682c2b84834540174b50aa420cf21.webp","FALSE","Искусственная литая елка, которая воссоздает природную красоту настоящего хвойного дерева. Грация порадует Вас своим роскошным видом и сохранит свою красоту на протяжении многих лет"
"19","Грация","Зелёная","250","75823","0","0","108319","-30","/media/catalog-pinned/41367a224a71aef892a9a432f30b362b3800f9cdc85806e2b20bdb2fb9c2b823.webp|/media/catalog-pinned/b0c412df3561449e4b8909360dac8725f6c682c2b84834540174b50aa420cf21.webp","FALSE","Искусственная литая елка, которая воссоздает природную красоту настоящего хвойного дерева. Грация порадует Вас своим роскошным видом и сохранит свою красоту на протяжении многих лет"
"19","Грация","Зелёная","270","85754","0","0","122506","-30","/media/catalog-pinned/41367a224a71aef892a9a432f30b362b3800f9cdc85806e2b20bdb2fb9c2b823.webp|/media/catalog-pinned/b0c412df3561449e4b8909360dac8725f6c682c2b84834540174b50aa420cf21.webp","FALSE","Искусственная литая елка, которая воссоздает природную красоту настоящего хвойного дерева. Грация порадует Вас своим роскошным видом и сохранит свою красоту на протяжении многих лет"
"2","Белла","Зелёная","150","13000","116","461","18572","-30","/media/catalog-pinned/5ef76305c4cc77b0260b06aa9fd1fac9fa6fe26be9e013793ab825de6d8dcb6d.jpg|/media/catalog-pinned/170143eb59ef9416cbc41ddc5c03c5af636bfb684e44da49438a63016e8851b1.webp|/media/catalog-pinned/91c8106f7ca0fce061136b44f4ab17645a1572dd353bb494fc3d2a67304c80be.webp|/media/catalog-pinned/0eceb23347e5f9b52cc22d2921584c9a863ce0ab306add502576dc57448c0e85.webp|/media/catalog-pinned/f9c7a05bd7c7877efd4bfed570aabc587e2ba73b4e4e614512ae5c984b7a512b.webp|/media/catalog-pinned/9352d2aad015ccfd764110ff59cb122ac5e0e65c93171618653e7d2834480e33.jpg|/media/catalog-pinned/31a638c0ac37ed5694e2ee3a113c8ad327b7edba894879f84625d6f1b0337bb6.jpg","TRUE","Елка состоит из семипалых веток, с хвоей насыщенного зеленого цвета. Неправильная форма создает сходство с натуральным деревом"
"2","Белла","Зелёная","185","22000","132","869","31429","-30","/media/catalog-pinned/5ef76305c4cc77b0260b06aa9fd1fac9fa6fe26be9e013793ab825de6d8dcb6d.jpg|/media/catalog-pinned/170143eb59ef9416cbc41ddc5c03c5af636bfb684e44da49438a63016e8851b1.webp|/media/catalog-pinned/91c8106f7ca0fce061136b44f4ab17645a1572dd353bb494fc3d2a67304c80be.webp|/media/catalog-pinned/0eceb23347e5f9b52cc22d2921584c9a863ce0ab306add502576dc57448c0e85.webp|/media/catalog-pinned/f9c7a05bd7c7877efd4bfed570aabc587e2ba73b4e4e614512ae5c984b7a512b.webp|/media/catalog-pinned/9352d2aad015ccfd764110ff59cb122ac5e0e65c93171618653e7d2834480e33.jpg|/media/catalog-pinned/31a638c0ac37ed5694e2ee3a113c8ad327b7edba894879f84625d6f1b0337bb6.jpg","TRUE","Елка состоит из семипалых веток, с хвоей насыщенного зеленого цвета. Неправильная форма создает сходство с натуральным деревом"
"2","Белла","Зелёная","215","34000","148","1337","48572","-30","/media/catalog-pinned/5ef76305c4cc77b0260b06aa9fd1fac9fa6fe26be9e013793ab825de6d8dcb6d.jpg|/media/catalog-pinned/170143eb59ef9416cbc41ddc5c03c5af636bfb684e44da49438a63016e8851b1.webp|/media/catalog-pinned/91c8106f7ca0fce061136b44f4ab17645a1572dd353bb494fc3d2a67304c80be.webp|/media/catalog-pinned/0eceb23347e5f9b52cc22d2921584c9a863ce0ab306add502576dc57448c0e85.webp|/media/catalog-pinned/f9c7a05bd7c7877efd4bfed570aabc587e2ba73b4e4e614512ae5c984b7a512b.webp|/media/catalog-pinned/9352d2aad015ccfd764110ff59cb122ac5e0e65c93171618653e7d2834480e33.jpg|/media/catalog-pinned/31a638c0ac37ed5694e2ee3a113c8ad327b7edba894879f84625d6f1b0337bb6.jpg","TRUE","Елка состоит из семипалых веток, с хвоей насыщенного зеленого цвета. Неправильная форма создает сходство с натуральным деревом"
"2","Белла","Зелёная","230","38000","160","1733","54286","-30","/media/catalog-pinned/5ef76305c4cc77b0260b06aa9fd1fac9fa6fe26be9e013793ab825de6d8dcb6d.jpg|/media/catalog-pinned/170143eb59ef9416cbc41ddc5c03c5af636bfb684e44da49438a63016e8851b1.webp|/media/catalog-pinned/91c8106f7ca0fce061136b44f4ab17645a1572dd353bb494fc3d2a67304c80be.webp|/media/catalog-pinned/0eceb23347e5f9b52cc22d2921584c9a863ce0ab306add502576dc57448c0e85.webp|/media/catalog-pinned/f9c7a05bd7c7877efd4bfed570aabc587e2ba73b4e4e614512ae5c984b7a512b.webp|/media/catalog-pinned/9352d2aad015ccfd764110ff59cb122ac5e0e65c93171618653e7d2834480e33.jpg|/media/catalog-pinned/31a638c0ac37ed5694e2ee3a113c8ad327b7edba894879f84625d6f1b0337bb6.jpg","TRUE","Елка состоит из семипалых веток, с хвоей насыщенного зеленого цвета. Неправильная форма создает сходство с натуральным деревом"
"2","Белла","Зелёная","250","45000","172","2135","64286","-30","/media/catalog-pinned/5ef76305c4cc77b0260b06aa9fd1fac9fa6fe26be9e013793ab825de6d8dcb6d.jpg|/media/catalog-pinned/170143eb59ef9416cbc41ddc5c03c5af636bfb684e44da49438a63016e8851b1.webp|/media/catalog-pinned/91c8106f7ca0fce061136b44f4ab17645a1572dd353bb494fc3d2a67304c80be.webp|/media/catalog-pinned/0eceb23347e5f9b52cc22d2921584c9a863ce0ab306add502576dc57448c0e85.webp|/media/catalog-pinned/f9c7a05bd7c7877efd4bfed570aabc587e2ba73b4e4e614512ae5c984b7a512b.webp|/media/catalog-pinned/9352d2aad015ccfd764110ff59cb122ac5e0e65c93171618653e7d2834480e33.jpg|/media/catalog-pinned/31a638c0ac37ed5694e2ee3a113c8ad327b7edba894879f84625d6f1b0337bb6.jpg","TRUE","Елка состоит из семипалых веток, с хвоей насыщенного зеленого цвета. Неправильная форма создает сходство с натуральным деревом"
"2","Белла","Зелёная","270","56000","184","2561","80000","-30","/media/catalog-pinned/5ef76305c4cc77b0260b06aa9fd1fac9fa6fe26be9e013793ab825de6d8dcb6d.jpg|/media/catalog-pinned/170143eb59ef9416cbc41ddc5c03c5af636bfb684e44da49438a63016e8851b1.webp|/media/catalog-pinned/91c8106f7ca0fce061136b44f4ab17645a1572dd353bb494fc3d2a67304c80be.webp|/media/catalog-pinned/0eceb23347e5f9b52cc22d2921584c9a863ce0ab306add502576dc57448c0e85.webp|/media/catalog-pinned/f9c7a05bd7c7877efd4bfed570aabc587e2ba73b4e4e614512ae5c984b7a512b.webp|/media/catalog-pinned/9352d2aad015ccfd764110ff59cb122ac5e0e65c93171618653e7d2834480e33.jpg|/media/catalog-pinned/31a638c0ac37ed5694e2ee3a113c8ad327b7edba894879f84625d6f1b0337bb6.jpg","TRUE","Елка состоит из семипалых веток, с хвоей насыщенного зеленого цвета. Неправильная форма создает сходство с натуральным деревом"
"2","Белла","Зелёная","300","78000","204","3773","111429","-30","/media/catalog-pinned/5ef76305c4cc77b0260b06aa9fd1fac9fa6fe26be9e013793ab825de6d8dcb6d.jpg|/media/catalog-pinned/170143eb59ef9416cbc41ddc5c03c5af636bfb684e44da49438a63016e8851b1.webp|/media/catalog-pinned/91c8106f7ca0fce061136b44f4ab17645a1572dd353bb494fc3d2a67304c80be.webp|/media/catalog-pinned/0eceb23347e5f9b52cc22d2921584c9a863ce0ab306add502576dc57448c0e85.webp|/media/catalog-pinned/f9c7a05bd7c7877efd4bfed570aabc587e2ba73b4e4e614512ae5c984b7a512b.webp|/media/catalog-pinned/9352d2aad015ccfd764110ff59cb122ac5e0e65c93171618653e7d2834480e33.jpg|/media/catalog-pinned/31a638c0ac37ed5694e2ee3a113c8ad327b7edba894879f84625d6f1b0337bb6.jpg","TRUE","Елка состоит из семипалых веток, с хвоей насыщенного зеленого цвета. Неправильная форма создает сходство с натуральным деревом"
"2","Белла","С освещением","150","17000","116","461","24286","-30","/media/catalog-pinned/a72b9613a4e023295673db93e85215046d5aff4bf4c5d113e91cbcf8e5b377c3.jpg|/media/catalog-pinned/a1a408bcf2442b3e78142afceacc746d97657861aef1b1b95c79cce8ca20a0a5.jpg|/media/catalog-pinned/9352d2aad015ccfd764110ff59cb122ac5e0e65c93171618653e7d2834480e33.jpg|/media/catalog-pinned/31a638c0ac37ed5694e2ee3a113c8ad327b7edba894879f84625d6f1b0337bb6.jpg","TRUE","Елка состоит из семипалых веток, с хвоей насыщенного зеленого цвета. Неправильная форма создает сходство с натуральным деревом. Дополнена встроенной гирляндой теплого свечения, без режимов мигания"
"2","Белла","С освещением","185","29900","132","869","42715","-30","/media/catalog-pinned/a72b9613a4e023295673db93e85215046d5aff4bf4c5d113e91cbcf8e5b377c3.jpg|/media/catalog-pinned/a1a408bcf2442b3e78142afceacc746d97657861aef1b1b95c79cce8ca20a0a5.jpg|/media/catalog-pinned/9352d2aad015ccfd764110ff59cb122ac5e0e65c93171618653e7d2834480e33.jpg|/media/catalog-pinned/31a638c0ac37ed5694e2ee3a113c8ad327b7edba894879f84625d6f1b0337bb6.jpg","TRUE","Елка состоит из семипалых веток, с хвоей насыщенного зеленого цвета. Неправильная форма создает сходство с натуральным деревом. Дополнена встроенной гирляндой теплого свечения, без режимов мигания"
"2","Белла","С освещением","215","42000","148","1337","60000","-30","/media/catalog-pinned/a72b9613a4e023295673db93e85215046d5aff4bf4c5d113e91cbcf8e5b377c3.jpg|/media/catalog-pinned/a1a408bcf2442b3e78142afceacc746d97657861aef1b1b95c79cce8ca20a0a5.jpg|/media/catalog-pinned/9352d2aad015ccfd764110ff59cb122ac5e0e65c93171618653e7d2834480e33.jpg|/media/catalog-pinned/31a638c0ac37ed5694e2ee3a113c8ad327b7edba894879f84625d6f1b0337bb6.jpg","TRUE","Елка состоит из семипалых веток, с хвоей насыщенного зеленого цвета. Неправильная форма создает сходство с натуральным деревом. Дополнена встроенной гирляндой теплого свечения, без режимов мигания"
"2","Белла","С освещением","230","51000","160","1733","72858","-30","/media/catalog-pinned/a72b9613a4e023295673db93e85215046d5aff4bf4c5d113e91cbcf8e5b377c3.jpg|/media/catalog-pinned/a1a408bcf2442b3e78142afceacc746d97657861aef1b1b95c79cce8ca20a0a5.jpg|/media/catalog-pinned/9352d2aad015ccfd764110ff59cb122ac5e0e65c93171618653e7d2834480e33.jpg|/media/catalog-pinned/31a638c0ac37ed5694e2ee3a113c8ad327b7edba894879f84625d6f1b0337bb6.jpg","TRUE","Елка состоит из семипалых веток, с хвоей насыщенного зеленого цвета. Неправильная форма создает сходство с натуральным деревом. Дополнена встроенной гирляндой теплого свечения, без режимов мигания"
"2","Белла","С освещением","250","66000","172","2135","94286","-30","/media/catalog-pinned/a72b9613a4e023295673db93e85215046d5aff4bf4c5d113e91cbcf8e5b377c3.jpg|/media/catalog-pinned/a1a408bcf2442b3e78142afceacc746d97657861aef1b1b95c79cce8ca20a0a5.jpg|/media/catalog-pinned/9352d2aad015ccfd764110ff59cb122ac5e0e65c93171618653e7d2834480e33.jpg|/media/catalog-pinned/31a638c0ac37ed5694e2ee3a113c8ad327b7edba894879f84625d6f1b0337bb6.jpg","TRUE","Елка состоит из семипалых веток, с хвоей насыщенного зеленого цвета. Неправильная форма создает сходство с натуральным деревом. Дополнена встроенной гирляндой теплого свечения, без режимов мигания"
"2","Белла","С освещением","270","81000","184","2561","115715","-30","/media/catalog-pinned/a72b9613a4e023295673db93e85215046d5aff4bf4c5d113e91cbcf8e5b377c3.jpg|/media/catalog-pinned/a1a408bcf2442b3e78142afceacc746d97657861aef1b1b95c79cce8ca20a0a5.jpg|/media/catalog-pinned/9352d2aad015ccfd764110ff59cb122ac5e0e65c93171618653e7d2834480e33.jpg|/media/catalog-pinned/31a638c0ac37ed5694e2ee3a113c8ad327b7edba894879f84625d6f1b0337bb6.jpg","TRUE","Елка состоит из семипалых веток, с хвоей насыщенного зеленого цвета. Неправильная форма создает сходство с натуральным деревом. Дополнена встроенной гирляндой теплого свечения, без режимов мигания"
"2","Белла","С освещением","300","108000","204","3773","154286","-30","/media/catalog-pinned/a72b9613a4e023295673db93e85215046d5aff4bf4c5d113e91cbcf8e5b377c3.jpg|/media/catalog-pinned/a1a408bcf2442b3e78142afceacc746d97657861aef1b1b95c79cce8ca20a0a5.jpg|/media/catalog-pinned/9352d2aad015ccfd764110ff59cb122ac5e0e65c93171618653e7d2834480e33.jpg|/media/catalog-pinned/31a638c0ac37ed5694e2ee3a113c8ad327b7edba894879f84625d6f1b0337bb6.jpg","TRUE","Елка состоит из семипалых веток, с хвоей насыщенного зеленого цвета. Неправильная форма создает сходство с натуральным деревом. Дополнена встроенной гирляндой теплого свечения, без режимов мигания"
"2","Белла","Заснеженная","150","16000","116","461","22858","-30","/media/catalog-pinned/face84e87ce4b61170537f8fbefcca92fb35d1825995cafc887be0fd321f11c4.jpg|/media/catalog-pinned/8f040a6179cb315c02bfe6c032e5c737279cb748f9ef1e3a5f71774fa2081c66.jpg|/media/catalog-pinned/91c1dd98ad73c4a2e32558ff6c6a514128d9cfdb60864be5d2a573af893bbadb.jpg","TRUE","Елка состоит из семипалых веток, с хвоей, имеющей хлопковое напыление. Неправильная форма создает сходство с натуральным деревом"
"2","Белла","Заснеженная","185","26500","132","869","37858","-30","/media/catalog-pinned/face84e87ce4b61170537f8fbefcca92fb35d1825995cafc887be0fd321f11c4.jpg|/media/catalog-pinned/8f040a6179cb315c02bfe6c032e5c737279cb748f9ef1e3a5f71774fa2081c66.jpg|/media/catalog-pinned/91c1dd98ad73c4a2e32558ff6c6a514128d9cfdb60864be5d2a573af893bbadb.jpg","TRUE","Елка состоит из семипалых веток, с хвоей, имеющей хлопковое напыление. Неправильная форма создает сходство с натуральным деревом"
"2","Белла","Заснеженная","215","38500","148","1337","55000","-30","/media/catalog-pinned/face84e87ce4b61170537f8fbefcca92fb35d1825995cafc887be0fd321f11c4.jpg|/media/catalog-pinned/8f040a6179cb315c02bfe6c032e5c737279cb748f9ef1e3a5f71774fa2081c66.jpg|/media/catalog-pinned/91c1dd98ad73c4a2e32558ff6c6a514128d9cfdb60864be5d2a573af893bbadb.jpg","TRUE","Елка состоит из семипалых веток, с хвоей, имеющей хлопковое напыление. Неправильная форма создает сходство с натуральным деревом"
"2","Белла","Заснеженная","230","46000","160","1733","65715","-30","/media/catalog-pinned/face84e87ce4b61170537f8fbefcca92fb35d1825995cafc887be0fd321f11c4.jpg|/media/catalog-pinned/8f040a6179cb315c02bfe6c032e5c737279cb748f9ef1e3a5f71774fa2081c66.jpg|/media/catalog-pinned/91c1dd98ad73c4a2e32558ff6c6a514128d9cfdb60864be5d2a573af893bbadb.jpg","TRUE","Елка состоит из семипалых веток, с хвоей, имеющей хлопковое напыление. Неправильная форма создает сходство с натуральным деревом"
"2","Белла","Заснеженная","250","59000","172","2135","84286","-30","/media/catalog-pinned/face84e87ce4b61170537f8fbefcca92fb35d1825995cafc887be0fd321f11c4.jpg|/media/catalog-pinned/8f040a6179cb315c02bfe6c032e5c737279cb748f9ef1e3a5f71774fa2081c66.jpg|/media/catalog-pinned/91c1dd98ad73c4a2e32558ff6c6a514128d9cfdb60864be5d2a573af893bbadb.jpg","TRUE","Елка состоит из семипалых веток, с хвоей, имеющей хлопковое напыление. Неправильная форма создает сходство с натуральным деревом"
"2","Белла","Заснеженная","270","69500","184","2561","99286","-30","/media/catalog-pinned/face84e87ce4b61170537f8fbefcca92fb35d1825995cafc887be0fd321f11c4.jpg|/media/catalog-pinned/8f040a6179cb315c02bfe6c032e5c737279cb748f9ef1e3a5f71774fa2081c66.jpg|/media/catalog-pinned/91c1dd98ad73c4a2e32558ff6c6a514128d9cfdb60864be5d2a573af893bbadb.jpg","TRUE","Елка состоит из семипалых веток, с хвоей, имеющей хлопковое напыление. Неправильная форма создает сходство с натуральным деревом"
"2","Белла","Заснеженная","300","95000","204","3773","135715","-30","/media/catalog-pinned/face84e87ce4b61170537f8fbefcca92fb35d1825995cafc887be0fd321f11c4.jpg|/media/catalog-pinned/8f040a6179cb315c02bfe6c032e5c737279cb748f9ef1e3a5f71774fa2081c66.jpg|/media/catalog-pinned/91c1dd98ad73c4a2e32558ff6c6a514128d9cfdb60864be5d2a573af893bbadb.jpg","TRUE","Елка состоит из семипалых веток, с хвоей, имеющей хлопковое напыление. Неправильная форма создает сходство с натуральным деревом"
"2","Белла","Заснеженная с освещением","150","23000","116","461","32858","-30","/media/catalog-pinned/c82160144955a41cf99e27e0f56e6506166e458f79f389be539d5d0c44bee6bb.jpg|/media/catalog-pinned/f6bf71aeb67a7754ecce2baf7df5826159b892386a1055ed9f842689cb4af7f5.jpg|/media/catalog-pinned/8f040a6179cb315c02bfe6c032e5c737279cb748f9ef1e3a5f71774fa2081c66.jpg|/media/catalog-pinned/91c1dd98ad73c4a2e32558ff6c6a514128d9cfdb60864be5d2a573af893bbadb.jpg","TRUE","Елка состоит из семипалых веток, с хвоей, имеющей хлопковое напыление. Неправильная форма создает сходство с натуральным деревом. Дополнена встроенной гирляндой теплого свечения, без режимов мигания"
"2","Белла","Заснеженная с освещением","185","34900","132","869","49858","-30","/media/catalog-pinned/c82160144955a41cf99e27e0f56e6506166e458f79f389be539d5d0c44bee6bb.jpg|/media/catalog-pinned/f6bf71aeb67a7754ecce2baf7df5826159b892386a1055ed9f842689cb4af7f5.jpg|/media/catalog-pinned/8f040a6179cb315c02bfe6c032e5c737279cb748f9ef1e3a5f71774fa2081c66.jpg|/media/catalog-pinned/91c1dd98ad73c4a2e32558ff6c6a514128d9cfdb60864be5d2a573af893bbadb.jpg","TRUE","Елка состоит из семипалых веток, с хвоей, имеющей хлопковое напыление. Неправильная форма создает сходство с натуральным деревом. Дополнена встроенной гирляндой теплого свечения, без режимов мигания"
"2","Белла","Заснеженная с освещением","215","49000","148","1337","70000","-30","/media/catalog-pinned/c82160144955a41cf99e27e0f56e6506166e458f79f389be539d5d0c44bee6bb.jpg|/media/catalog-pinned/f6bf71aeb67a7754ecce2baf7df5826159b892386a1055ed9f842689cb4af7f5.jpg|/media/catalog-pinned/8f040a6179cb315c02bfe6c032e5c737279cb748f9ef1e3a5f71774fa2081c66.jpg|/media/catalog-pinned/91c1dd98ad73c4a2e32558ff6c6a514128d9cfdb60864be5d2a573af893bbadb.jpg","TRUE","Елка состоит из семипалых веток, с хвоей, имеющей хлопковое напыление. Неправильная форма создает сходство с натуральным деревом. Дополнена встроенной гирляндой теплого свечения, без режимов мигания"
"2","Белла","Заснеженная с освещением","230","57000","160","1733","81429","-30","/media/catalog-pinned/c82160144955a41cf99e27e0f56e6506166e458f79f389be539d5d0c44bee6bb.jpg|/media/catalog-pinned/f6bf71aeb67a7754ecce2baf7df5826159b892386a1055ed9f842689cb4af7f5.jpg|/media/catalog-pinned/8f040a6179cb315c02bfe6c032e5c737279cb748f9ef1e3a5f71774fa2081c66.jpg|/media/catalog-pinned/91c1dd98ad73c4a2e32558ff6c6a514128d9cfdb60864be5d2a573af893bbadb.jpg","TRUE","Елка состоит из семипалых веток, с хвоей, имеющей хлопковое напыление. Неправильная форма создает сходство с натуральным деревом. Дополнена встроенной гирляндой теплого свечения, без режимов мигания"
"2","Белла","Заснеженная с освещением","250","72000","172","2135","102858","-30","/media/catalog-pinned/c82160144955a41cf99e27e0f56e6506166e458f79f389be539d5d0c44bee6bb.jpg|/media/catalog-pinned/f6bf71aeb67a7754ecce2baf7df5826159b892386a1055ed9f842689cb4af7f5.jpg|/media/catalog-pinned/8f040a6179cb315c02bfe6c032e5c737279cb748f9ef1e3a5f71774fa2081c66.jpg|/media/catalog-pinned/91c1dd98ad73c4a2e32558ff6c6a514128d9cfdb60864be5d2a573af893bbadb.jpg","TRUE","Елка состоит из семипалых веток, с хвоей, имеющей хлопковое напыление. Неправильная форма создает сходство с натуральным деревом. Дополнена встроенной гирляндой теплого свечения, без режимов мигания"
"2","Белла","Заснеженная с освещением","270","90000","184","2561","128572","-30","/media/catalog-pinned/c82160144955a41cf99e27e0f56e6506166e458f79f389be539d5d0c44bee6bb.jpg|/media/catalog-pinned/f6bf71aeb67a7754ecce2baf7df5826159b892386a1055ed9f842689cb4af7f5.jpg|/media/catalog-pinned/8f040a6179cb315c02bfe6c032e5c737279cb748f9ef1e3a5f71774fa2081c66.jpg|/media/catalog-pinned/91c1dd98ad73c4a2e32558ff6c6a514128d9cfdb60864be5d2a573af893bbadb.jpg","TRUE","Елка состоит из семипалых веток, с хвоей, имеющей хлопковое напыление. Неправильная форма создает сходство с натуральным деревом. Дополнена встроенной гирляндой теплого свечения, без режимов мигания"
"2","Белла","Заснеженная с освещением","300","125000","204","3773","178572","-30","/media/catalog-pinned/c82160144955a41cf99e27e0f56e6506166e458f79f389be539d5d0c44bee6bb.jpg|/media/catalog-pinned/f6bf71aeb67a7754ecce2baf7df5826159b892386a1055ed9f842689cb4af7f5.jpg|/media/catalog-pinned/8f040a6179cb315c02bfe6c032e5c737279cb748f9ef1e3a5f71774fa2081c66.jpg|/media/catalog-pinned/91c1dd98ad73c4a2e32558ff6c6a514128d9cfdb60864be5d2a573af893bbadb.jpg","TRUE","Елка состоит из семипалых веток, с хвоей, имеющей хлопковое напыление. Неправильная форма создает сходство с натуральным деревом. Дополнена встроенной гирляндой теплого свечения, без режимов мигания"
"20","Туя 60 - 90 см","Туя","60","3900","30","44","5572","-30","/media/catalog-pinned/85b633463c28fb7d3572c5b7857667721f1cfebcd5606053d31b1489706c3d5a.webp|/media/catalog-pinned/2d5ff68effab87814971bee61f7dedfd4412e6dde9eb7a263fbe32ce8bc71084.webp|/media/catalog-pinned/ee7e0d654d7a3cad4f5af5ec53bbd82cceed0713f6def7a905f800047346d72d.webp","TRUE",""
"20","Туя 60 - 90 см","Туя","90","6500","54","140","9286","-30","/media/catalog-pinned/85b633463c28fb7d3572c5b7857667721f1cfebcd5606053d31b1489706c3d5a.webp|/media/catalog-pinned/2d5ff68effab87814971bee61f7dedfd4412e6dde9eb7a263fbe32ce8bc71084.webp|/media/catalog-pinned/ee7e0d654d7a3cad4f5af5ec53bbd82cceed0713f6def7a905f800047346d72d.webp","TRUE",""
"21","Туя голубая 60 - 90 см","Туя","60","4200","0","44","6000","-30","/media/catalog-pinned/058787bfc1a61c9c602e6df70d58436b864bb91d56a700b30396acd85ec55095.webp|/media/catalog-pinned/9d483c1ce2694c8c7eae55a0693238db4f72426004ed501eec2ea9b03b592588.webp|/media/catalog-pinned/21073f7665804ab49d755721361e29debf2a647db0a12dbabcbc077de05d217a.webp|/media/catalog-pinned/2c91dc92eb72c1e010f9dd5370486b14f9270ba7feb768aa8b6d668df1bc482e.webp|/media/catalog-pinned/72363fc0b6483134a5edf4493559a11aa067f03308602c7c27131436936e19fd.webp","TRUE",""
"21","Туя голубая 60 - 90 см","Туя","90","7400","0","140","10572","-30","/media/catalog-pinned/058787bfc1a61c9c602e6df70d58436b864bb91d56a700b30396acd85ec55095.webp|/media/catalog-pinned/9d483c1ce2694c8c7eae55a0693238db4f72426004ed501eec2ea9b03b592588.webp|/media/catalog-pinned/21073f7665804ab49d755721361e29debf2a647db0a12dbabcbc077de05d217a.webp|/media/catalog-pinned/2c91dc92eb72c1e010f9dd5370486b14f9270ba7feb768aa8b6d668df1bc482e.webp|/media/catalog-pinned/72363fc0b6483134a5edf4493559a11aa067f03308602c7c27131436936e19fd.webp","TRUE",""
"22","Туя 120 - 150 см","Туя","120","10920","64","218","15600","-30","/media/catalog-pinned/e6e81e3e8163bf9000144321e034161176fa88039eabc21e15617f33bc2fc9b4.webp","TRUE",""
"22","Туя 120 - 150 см","Туя","150","14700","72","326","21000","-30","/media/catalog-pinned/e6e81e3e8163bf9000144321e034161176fa88039eabc21e15617f33bc2fc9b4.webp","TRUE",""
"23","Туя 150 см на ножке","Туя","150","12600","54","205","18000","-30","/media/catalog-pinned/8e9ee00a8d79427b1a592ac5f23a729f7ef483a1d106b077b052a94283268dce.webp|/media/catalog-pinned/842086f5f26cfa8fff136f06cbdcec7823c74f90d10899d65de6a8e19de7b777.webp|/media/catalog-pinned/ee7e0d654d7a3cad4f5af5ec53bbd82cceed0713f6def7a905f800047346d72d.webp|/media/catalog-pinned/2d5ff68effab87814971bee61f7dedfd4412e6dde9eb7a263fbe32ce8bc71084.webp","TRUE",""
"24","Туя складчатая","Туя","60","6934","0","245","9906","-30","/media/catalog-pinned/6182d925ecdbc9cbbcb8641e57333b6aa796d963ffd8d271cd6c03ab27ee09cb.webp|/media/catalog-pinned/82fff4d93dc3598a6237e362c9580f6bae975a9e3ca3a48bf4d33ce7fd66a511.webp|/media/catalog-pinned/e3ddd8b2281bc0e24ec4565da51d36a2e26b0072e87d9151435326a930ce1d1b.webp|/media/catalog-pinned/71f61d6365ae6824ab541fc658bb54c6752ae32683bd4866ebc1abb15c7a6f11.webp","TRUE",""
"25","Туя складчатая с голубым кончиком","Туя","55","6177","0","208","8825","-30","/media/catalog-pinned/f58bef469181f3d735e13d7f5aad14ad9e90cb90a1b16ec7a849ca5050c965c2.webp|/media/catalog-pinned/542ee207b8ee07999c2d99d2c07a402af2f576330093addcbe25d6ef155c82d1.webp|/media/catalog-pinned/12827912a6861eef38ddde941b675d4de9a6b220eefba9ab0ac278bcd01081fc.webp","TRUE",""
"26","Туя Смарагд","Туя","120","8580","52","242","12258","-30","/media/catalog-pinned/b030507b430fda3d0baa4d81504ad795029b7d7336f5792bc16529a383e35026.webp","TRUE",""
"26","Туя Смарагд","Туя","150","10140","54","359","14486","-30","/media/catalog-pinned/b030507b430fda3d0baa4d81504ad795029b7d7336f5792bc16529a383e35026.webp","TRUE",""
"26","Туя Смарагд","Туя","180","13200","58","473","18858","-30","/media/catalog-pinned/b030507b430fda3d0baa4d81504ad795029b7d7336f5792bc16529a383e35026.webp","TRUE",""
"27","Туя 3 шара на ножке","Туя","210","18900","65","432","27000","-30","/media/catalog-pinned/8b9dd08c9aebd95817be64acb87dc1af0f4762c9239fa407e0eee46a6ec7823f.webp|/media/catalog-pinned/a5bcee62d90bdfe1de510ee0e3b46d227f231e4a5953266fb282ad5af12412d4.webp|/media/catalog-pinned/4b6ac35d1b18c4c0c6291c108f85e68870c63c42a083b18b73edd79c3a479d0a.webp|/media/catalog-pinned/7ea1981e35f5fb3b457eb1aaac108aa077c15b8439aaa70a751b09697f4b812d.webp|/media/catalog-pinned/21cb6112358b03341e207da0397040b9a18a2da140251c7b495cc598772869fe.webp","TRUE",""
"28","Туя-шар голубой","Туя","40","2900","0","60","4143","-30","/media/catalog-pinned/4315a3a1bdc0ab564ef3ffbaa023d28602fbb79b2857da2611d9105ccd9b972a.webp|/media/catalog-pinned/0cb56a16b4021e969d0542574a016b7161bd24565cd6e36be0d716c96b688ffa.webp|/media/catalog-pinned/e4a932a8dabfeb48695da0a5bb124a11b6264a567e8d151e2185cb088b6003e0.webp|/media/catalog-pinned/bc9a22c863f24a810345ce4c2370a5cc6e01f18b80cb92d4067dfa0275e14273.webp|/media/catalog-pinned/81e86a0c8bcbc83d272220ae3d2c75583b63d099853bea442e985a7495e87487.webp|/media/catalog-pinned/1625f7542ea9f25e78fa088fe12432fd08312858705acf472562175820a4a334.webp","TRUE",""
"28","Туя-шар голубой","Туя","70","6900","0","236","9858","-30","/media/catalog-pinned/4315a3a1bdc0ab564ef3ffbaa023d28602fbb79b2857da2611d9105ccd9b972a.webp|/media/catalog-pinned/0cb56a16b4021e969d0542574a016b7161bd24565cd6e36be0d716c96b688ffa.webp|/media/catalog-pinned/e4a932a8dabfeb48695da0a5bb124a11b6264a567e8d151e2185cb088b6003e0.webp|/media/catalog-pinned/bc9a22c863f24a810345ce4c2370a5cc6e01f18b80cb92d4067dfa0275e14273.webp|/media/catalog-pinned/81e86a0c8bcbc83d272220ae3d2c75583b63d099853bea442e985a7495e87487.webp|/media/catalog-pinned/1625f7542ea9f25e78fa088fe12432fd08312858705acf472562175820a4a334.webp","TRUE",""
"29","Туя-шар","Туя","40","2990","40","35","4272","-30","/media/catalog-pinned/5f4e88f630958ece7332dfc905e0ad268f9b2b0bcd456af528142176effb3a43.webp|/media/catalog-pinned/ee7e0d654d7a3cad4f5af5ec53bbd82cceed0713f6def7a905f800047346d72d.webp|/media/catalog-pinned/2d5ff68effab87814971bee61f7dedfd4412e6dde9eb7a263fbe32ce8bc71084.webp|/media/catalog-pinned/842086f5f26cfa8fff136f06cbdcec7823c74f90d10899d65de6a8e19de7b777.webp","TRUE",""
"29","Туя-шар","Туя","70","7100","65","236","10143","-30","/media/catalog-pinned/5f4e88f630958ece7332dfc905e0ad268f9b2b0bcd456af528142176effb3a43.webp|/media/catalog-pinned/ee7e0d654d7a3cad4f5af5ec53bbd82cceed0713f6def7a905f800047346d72d.webp|/media/catalog-pinned/2d5ff68effab87814971bee61f7dedfd4412e6dde9eb7a263fbe32ce8bc71084.webp|/media/catalog-pinned/842086f5f26cfa8fff136f06cbdcec7823c74f90d10899d65de6a8e19de7b777.webp","TRUE",""
"29","Туя-шар","Туя","80","11800","80","472","16858","-30","/media/catalog-pinned/5f4e88f630958ece7332dfc905e0ad268f9b2b0bcd456af528142176effb3a43.webp|/media/catalog-pinned/ee7e0d654d7a3cad4f5af5ec53bbd82cceed0713f6def7a905f800047346d72d.webp|/media/catalog-pinned/2d5ff68effab87814971bee61f7dedfd4412e6dde9eb7a263fbe32ce8bc71084.webp|/media/catalog-pinned/842086f5f26cfa8fff136f06cbdcec7823c74f90d10899d65de6a8e19de7b777.webp","TRUE",""
"3","Катрин","Зелёная","150","19000","128","565","27143","-30","/media/catalog-pinned/6d009aeebf3354af7f77f4edc87ea8339f3e1d7a383b45be576951a88dea140f.webp|/media/catalog-pinned/d81272c07b0eb9a9b147d2439d63f63e127cfb1f172820749fe8922b54642169.jpg|/media/catalog-pinned/81687ee3061af6a9c2c09f3df945d0d00e583db06a72ded62b2a7fb4c3683044.webp|/media/catalog-pinned/d88ae5f0cff5c1312c465d4d4ffa801d1c2992499b0a40bc15ba7e1abbdc9d48.webp|/media/catalog-pinned/ce5f2a584709f369c2976895a43abce925c1d266d342628442ef4190bd8c796d.webp|/media/catalog-pinned/a922c6a8a203430e1d03f5aa88a9a4f4c680dfda3043f9725664559179a87554.webp|/media/catalog-pinned/68709c31f1d68ff7e83c6576e3c001a4fd8bf083064be9dc2a27cba4556b2658.webp|/media/catalog-pinned/29824cdb672f013a0d0f46fe59f306232a5ba121a948585e1a1fb08985b0cfad.webp|/media/catalog-pinned/af3a0ba347f1fb8f46a1f68a98177340db4c023c6ea56ff2933a8d9edad20f9c.webp|/media/catalog-pinned/5403643f02eb0a2245e60b75029de7c33f9ab2784dc20c6e5f5a9e7787a3f2c6.jpg|/media/catalog-pinned/9352d2aad015ccfd764110ff59cb122ac5e0e65c93171618653e7d2834480e33.jpg|/media/catalog-pinned/31a638c0ac37ed5694e2ee3a113c8ad327b7edba894879f84625d6f1b0337bb6.jpg","TRUE","Самая широкая елка по диаметру нижних веток. Имеет правильную крону и густую хвою"
"3","Катрин","Зелёная","185","29000","158","985","41429","-30","/media/catalog-pinned/6d009aeebf3354af7f77f4edc87ea8339f3e1d7a383b45be576951a88dea140f.webp|/media/catalog-pinned/d81272c07b0eb9a9b147d2439d63f63e127cfb1f172820749fe8922b54642169.jpg|/media/catalog-pinned/81687ee3061af6a9c2c09f3df945d0d00e583db06a72ded62b2a7fb4c3683044.webp|/media/catalog-pinned/d88ae5f0cff5c1312c465d4d4ffa801d1c2992499b0a40bc15ba7e1abbdc9d48.webp|/media/catalog-pinned/ce5f2a584709f369c2976895a43abce925c1d266d342628442ef4190bd8c796d.webp|/media/catalog-pinned/a922c6a8a203430e1d03f5aa88a9a4f4c680dfda3043f9725664559179a87554.webp|/media/catalog-pinned/68709c31f1d68ff7e83c6576e3c001a4fd8bf083064be9dc2a27cba4556b2658.webp|/media/catalog-pinned/29824cdb672f013a0d0f46fe59f306232a5ba121a948585e1a1fb08985b0cfad.webp|/media/catalog-pinned/af3a0ba347f1fb8f46a1f68a98177340db4c023c6ea56ff2933a8d9edad20f9c.webp|/media/catalog-pinned/5403643f02eb0a2245e60b75029de7c33f9ab2784dc20c6e5f5a9e7787a3f2c6.jpg|/media/catalog-pinned/9352d2aad015ccfd764110ff59cb122ac5e0e65c93171618653e7d2834480e33.jpg|/media/catalog-pinned/31a638c0ac37ed5694e2ee3a113c8ad327b7edba894879f84625d6f1b0337bb6.jpg","TRUE","Самая широкая елка по диаметру нижних веток. Имеет правильную крону и густую хвою"
"3","Катрин","Зелёная","215","39000","170","1273","55715","-30","/media/catalog-pinned/6d009aeebf3354af7f77f4edc87ea8339f3e1d7a383b45be576951a88dea140f.webp|/media/catalog-pinned/d81272c07b0eb9a9b147d2439d63f63e127cfb1f172820749fe8922b54642169.jpg|/media/catalog-pinned/81687ee3061af6a9c2c09f3df945d0d00e583db06a72ded62b2a7fb4c3683044.webp|/media/catalog-pinned/d88ae5f0cff5c1312c465d4d4ffa801d1c2992499b0a40bc15ba7e1abbdc9d48.webp|/media/catalog-pinned/ce5f2a584709f369c2976895a43abce925c1d266d342628442ef4190bd8c796d.webp|/media/catalog-pinned/a922c6a8a203430e1d03f5aa88a9a4f4c680dfda3043f9725664559179a87554.webp|/media/catalog-pinned/68709c31f1d68ff7e83c6576e3c001a4fd8bf083064be9dc2a27cba4556b2658.webp|/media/catalog-pinned/29824cdb672f013a0d0f46fe59f306232a5ba121a948585e1a1fb08985b0cfad.webp|/media/catalog-pinned/af3a0ba347f1fb8f46a1f68a98177340db4c023c6ea56ff2933a8d9edad20f9c.webp|/media/catalog-pinned/5403643f02eb0a2245e60b75029de7c33f9ab2784dc20c6e5f5a9e7787a3f2c6.jpg|/media/catalog-pinned/9352d2aad015ccfd764110ff59cb122ac5e0e65c93171618653e7d2834480e33.jpg|/media/catalog-pinned/31a638c0ac37ed5694e2ee3a113c8ad327b7edba894879f84625d6f1b0337bb6.jpg","TRUE","Самая широкая елка по диаметру нижних веток. Имеет правильную крону и густую хвою"
"3","Катрин","Зелёная","230","49000","188","1665","70000","-30","/media/catalog-pinned/6d009aeebf3354af7f77f4edc87ea8339f3e1d7a383b45be576951a88dea140f.webp|/media/catalog-pinned/d81272c07b0eb9a9b147d2439d63f63e127cfb1f172820749fe8922b54642169.jpg|/media/catalog-pinned/81687ee3061af6a9c2c09f3df945d0d00e583db06a72ded62b2a7fb4c3683044.webp|/media/catalog-pinned/d88ae5f0cff5c1312c465d4d4ffa801d1c2992499b0a40bc15ba7e1abbdc9d48.webp|/media/catalog-pinned/ce5f2a584709f369c2976895a43abce925c1d266d342628442ef4190bd8c796d.webp|/media/catalog-pinned/a922c6a8a203430e1d03f5aa88a9a4f4c680dfda3043f9725664559179a87554.webp|/media/catalog-pinned/68709c31f1d68ff7e83c6576e3c001a4fd8bf083064be9dc2a27cba4556b2658.webp|/media/catalog-pinned/29824cdb672f013a0d0f46fe59f306232a5ba121a948585e1a1fb08985b0cfad.webp|/media/catalog-pinned/af3a0ba347f1fb8f46a1f68a98177340db4c023c6ea56ff2933a8d9edad20f9c.webp|/media/catalog-pinned/5403643f02eb0a2245e60b75029de7c33f9ab2784dc20c6e5f5a9e7787a3f2c6.jpg|/media/catalog-pinned/9352d2aad015ccfd764110ff59cb122ac5e0e65c93171618653e7d2834480e33.jpg|/media/catalog-pinned/31a638c0ac37ed5694e2ee3a113c8ad327b7edba894879f84625d6f1b0337bb6.jpg","TRUE","Самая широкая елка по диаметру нижних веток. Имеет правильную крону и густую хвою"
"3","Катрин","Зелёная","250","59000","200","2113","84286","-30","/media/catalog-pinned/6d009aeebf3354af7f77f4edc87ea8339f3e1d7a383b45be576951a88dea140f.webp|/media/catalog-pinned/d81272c07b0eb9a9b147d2439d63f63e127cfb1f172820749fe8922b54642169.jpg|/media/catalog-pinned/81687ee3061af6a9c2c09f3df945d0d00e583db06a72ded62b2a7fb4c3683044.webp|/media/catalog-pinned/d88ae5f0cff5c1312c465d4d4ffa801d1c2992499b0a40bc15ba7e1abbdc9d48.webp|/media/catalog-pinned/ce5f2a584709f369c2976895a43abce925c1d266d342628442ef4190bd8c796d.webp|/media/catalog-pinned/a922c6a8a203430e1d03f5aa88a9a4f4c680dfda3043f9725664559179a87554.webp|/media/catalog-pinned/68709c31f1d68ff7e83c6576e3c001a4fd8bf083064be9dc2a27cba4556b2658.webp|/media/catalog-pinned/29824cdb672f013a0d0f46fe59f306232a5ba121a948585e1a1fb08985b0cfad.webp|/media/catalog-pinned/af3a0ba347f1fb8f46a1f68a98177340db4c023c6ea56ff2933a8d9edad20f9c.webp|/media/catalog-pinned/5403643f02eb0a2245e60b75029de7c33f9ab2784dc20c6e5f5a9e7787a3f2c6.jpg|/media/catalog-pinned/9352d2aad015ccfd764110ff59cb122ac5e0e65c93171618653e7d2834480e33.jpg|/media/catalog-pinned/31a638c0ac37ed5694e2ee3a113c8ad327b7edba894879f84625d6f1b0337bb6.jpg","TRUE","Самая широкая елка по диаметру нижних веток. Имеет правильную крону и густую хвою"
"3","Катрин","Зелёная","270","70000","212","2653","100000","-30","/media/catalog-pinned/6d009aeebf3354af7f77f4edc87ea8339f3e1d7a383b45be576951a88dea140f.webp|/media/catalog-pinned/d81272c07b0eb9a9b147d2439d63f63e127cfb1f172820749fe8922b54642169.jpg|/media/catalog-pinned/81687ee3061af6a9c2c09f3df945d0d00e583db06a72ded62b2a7fb4c3683044.webp|/media/catalog-pinned/d88ae5f0cff5c1312c465d4d4ffa801d1c2992499b0a40bc15ba7e1abbdc9d48.webp|/media/catalog-pinned/ce5f2a584709f369c2976895a43abce925c1d266d342628442ef4190bd8c796d.webp|/media/catalog-pinned/a922c6a8a203430e1d03f5aa88a9a4f4c680dfda3043f9725664559179a87554.webp|/media/catalog-pinned/68709c31f1d68ff7e83c6576e3c001a4fd8bf083064be9dc2a27cba4556b2658.webp|/media/catalog-pinned/29824cdb672f013a0d0f46fe59f306232a5ba121a948585e1a1fb08985b0cfad.webp|/media/catalog-pinned/af3a0ba347f1fb8f46a1f68a98177340db4c023c6ea56ff2933a8d9edad20f9c.webp|/media/catalog-pinned/5403643f02eb0a2245e60b75029de7c33f9ab2784dc20c6e5f5a9e7787a3f2c6.jpg|/media/catalog-pinned/9352d2aad015ccfd764110ff59cb122ac5e0e65c93171618653e7d2834480e33.jpg|/media/catalog-pinned/31a638c0ac37ed5694e2ee3a113c8ad327b7edba894879f84625d6f1b0337bb6.jpg","TRUE","Самая широкая елка по диаметру нижних веток. Имеет правильную крону и густую хвою"
"3","Катрин","Зелёная","300","82000","224","3253","117143","-30","/media/catalog-pinned/6d009aeebf3354af7f77f4edc87ea8339f3e1d7a383b45be576951a88dea140f.webp|/media/catalog-pinned/d81272c07b0eb9a9b147d2439d63f63e127cfb1f172820749fe8922b54642169.jpg|/media/catalog-pinned/81687ee3061af6a9c2c09f3df945d0d00e583db06a72ded62b2a7fb4c3683044.webp|/media/catalog-pinned/d88ae5f0cff5c1312c465d4d4ffa801d1c2992499b0a40bc15ba7e1abbdc9d48.webp|/media/catalog-pinned/ce5f2a584709f369c2976895a43abce925c1d266d342628442ef4190bd8c796d.webp|/media/catalog-pinned/a922c6a8a203430e1d03f5aa88a9a4f4c680dfda3043f9725664559179a87554.webp|/media/catalog-pinned/68709c31f1d68ff7e83c6576e3c001a4fd8bf083064be9dc2a27cba4556b2658.webp|/media/catalog-pinned/29824cdb672f013a0d0f46fe59f306232a5ba121a948585e1a1fb08985b0cfad.webp|/media/catalog-pinned/af3a0ba347f1fb8f46a1f68a98177340db4c023c6ea56ff2933a8d9edad20f9c.webp|/media/catalog-pinned/5403643f02eb0a2245e60b75029de7c33f9ab2784dc20c6e5f5a9e7787a3f2c6.jpg|/media/catalog-pinned/9352d2aad015ccfd764110ff59cb122ac5e0e65c93171618653e7d2834480e33.jpg|/media/catalog-pinned/31a638c0ac37ed5694e2ee3a113c8ad327b7edba894879f84625d6f1b0337bb6.jpg","TRUE","Самая широкая елка по диаметру нижних веток. Имеет правильную крону и густую хвою"
"3","Катрин","С освещением","150","29000","128","565","41429","-30","/media/catalog-pinned/bfb2db582a33fbb5a4898c72517591c8af2771b8e3c4e54dfbe9426d1ef5889c.jpg|/media/catalog-pinned/9a70470aa44060f6312d4216bccf8a4bccd847546ab8d58f3cedea49e4cad5f3.jpg|/media/catalog-pinned/9352d2aad015ccfd764110ff59cb122ac5e0e65c93171618653e7d2834480e33.jpg|/media/catalog-pinned/31a638c0ac37ed5694e2ee3a113c8ad327b7edba894879f84625d6f1b0337bb6.jpg","TRUE","Самая широкая елка по диаметру нижних веток. Имеет правильную крону и густую хвою. Дополнена встроенной гирляндой теплого свечения, без режимов мигания."
"3","Катрин","С освещением","185","44000","158","985","62858","-30","/media/catalog-pinned/bfb2db582a33fbb5a4898c72517591c8af2771b8e3c4e54dfbe9426d1ef5889c.jpg|/media/catalog-pinned/9a70470aa44060f6312d4216bccf8a4bccd847546ab8d58f3cedea49e4cad5f3.jpg|/media/catalog-pinned/9352d2aad015ccfd764110ff59cb122ac5e0e65c93171618653e7d2834480e33.jpg|/media/catalog-pinned/31a638c0ac37ed5694e2ee3a113c8ad327b7edba894879f84625d6f1b0337bb6.jpg","TRUE","Самая широкая елка по диаметру нижних веток. Имеет правильную крону и густую хвою. Дополнена встроенной гирляндой теплого свечения, без режимов мигания."
"3","Катрин","С освещением","215","59000","170","1273","84286","-30","/media/catalog-pinned/bfb2db582a33fbb5a4898c72517591c8af2771b8e3c4e54dfbe9426d1ef5889c.jpg|/media/catalog-pinned/9a70470aa44060f6312d4216bccf8a4bccd847546ab8d58f3cedea49e4cad5f3.jpg|/media/catalog-pinned/9352d2aad015ccfd764110ff59cb122ac5e0e65c93171618653e7d2834480e33.jpg|/media/catalog-pinned/31a638c0ac37ed5694e2ee3a113c8ad327b7edba894879f84625d6f1b0337bb6.jpg","TRUE","Самая широкая елка по диаметру нижних веток. Имеет правильную крону и густую хвою. Дополнена встроенной гирляндой теплого свечения, без режимов мигания."
"3","Катрин","С освещением","230","73000","188","1665","104286","-30","/media/catalog-pinned/bfb2db582a33fbb5a4898c72517591c8af2771b8e3c4e54dfbe9426d1ef5889c.jpg|/media/catalog-pinned/9a70470aa44060f6312d4216bccf8a4bccd847546ab8d58f3cedea49e4cad5f3.jpg|/media/catalog-pinned/9352d2aad015ccfd764110ff59cb122ac5e0e65c93171618653e7d2834480e33.jpg|/media/catalog-pinned/31a638c0ac37ed5694e2ee3a113c8ad327b7edba894879f84625d6f1b0337bb6.jpg","TRUE","Самая широкая елка по диаметру нижних веток. Имеет правильную крону и густую хвою. Дополнена встроенной гирляндой теплого свечения, без режимов мигания."
"3","Катрин","С освещением","250","89000","200","2113","127143","-30","/media/catalog-pinned/bfb2db582a33fbb5a4898c72517591c8af2771b8e3c4e54dfbe9426d1ef5889c.jpg|/media/catalog-pinned/9a70470aa44060f6312d4216bccf8a4bccd847546ab8d58f3cedea49e4cad5f3.jpg|/media/catalog-pinned/9352d2aad015ccfd764110ff59cb122ac5e0e65c93171618653e7d2834480e33.jpg|/media/catalog-pinned/31a638c0ac37ed5694e2ee3a113c8ad327b7edba894879f84625d6f1b0337bb6.jpg","TRUE","Самая широкая елка по диаметру нижних веток. Имеет правильную крону и густую хвою. Дополнена встроенной гирляндой теплого свечения, без режимов мигания."
"3","Катрин","С освещением","270","103000","212","2653","147143","-30","/media/catalog-pinned/bfb2db582a33fbb5a4898c72517591c8af2771b8e3c4e54dfbe9426d1ef5889c.jpg|/media/catalog-pinned/9a70470aa44060f6312d4216bccf8a4bccd847546ab8d58f3cedea49e4cad5f3.jpg|/media/catalog-pinned/9352d2aad015ccfd764110ff59cb122ac5e0e65c93171618653e7d2834480e33.jpg|/media/catalog-pinned/31a638c0ac37ed5694e2ee3a113c8ad327b7edba894879f84625d6f1b0337bb6.jpg","TRUE","Самая широкая елка по диаметру нижних веток. Имеет правильную крону и густую хвою. Дополнена встроенной гирляндой теплого свечения, без режимов мигания."
"3","Катрин","С освещением","300","122000","224","3253","174286","-30","/media/catalog-pinned/bfb2db582a33fbb5a4898c72517591c8af2771b8e3c4e54dfbe9426d1ef5889c.jpg|/media/catalog-pinned/9a70470aa44060f6312d4216bccf8a4bccd847546ab8d58f3cedea49e4cad5f3.jpg|/media/catalog-pinned/9352d2aad015ccfd764110ff59cb122ac5e0e65c93171618653e7d2834480e33.jpg|/media/catalog-pinned/31a638c0ac37ed5694e2ee3a113c8ad327b7edba894879f84625d6f1b0337bb6.jpg","TRUE","Самая широкая елка по диаметру нижних веток. Имеет правильную крону и густую хвою. Дополнена встроенной гирляндой теплого свечения, без режимов мигания."
"3","Катрин","Заснеженная с освещением","150","36000","128","565","51429","-30","/media/catalog-pinned/695efebd4b8dfa23358b3417e5b71a7024f7ffbd0fda012cfa2308aef4bc6b52.jpg|/media/catalog-pinned/a625ef37ed1053f40269695207cfdce9e6ef962fcc33f02f09764f8c1e6fd512.webp|/media/catalog-pinned/8f040a6179cb315c02bfe6c032e5c737279cb748f9ef1e3a5f71774fa2081c66.jpg|/media/catalog-pinned/91c1dd98ad73c4a2e32558ff6c6a514128d9cfdb60864be5d2a573af893bbadb.jpg","TRUE","Самая широкая елка по диаметру нижних веток. Имеет правильную крону и густую хвою с хлопковым напылением. Дополнена встроенной гирляндой теплого свечения, без режимов мигания"
"3","Катрин","Заснеженная с освещением","185","53000","158","985","75715","-30","/media/catalog-pinned/695efebd4b8dfa23358b3417e5b71a7024f7ffbd0fda012cfa2308aef4bc6b52.jpg|/media/catalog-pinned/a625ef37ed1053f40269695207cfdce9e6ef962fcc33f02f09764f8c1e6fd512.webp|/media/catalog-pinned/8f040a6179cb315c02bfe6c032e5c737279cb748f9ef1e3a5f71774fa2081c66.jpg|/media/catalog-pinned/91c1dd98ad73c4a2e32558ff6c6a514128d9cfdb60864be5d2a573af893bbadb.jpg","TRUE","Самая широкая елка по диаметру нижних веток. Имеет правильную крону и густую хвою с хлопковым напылением. Дополнена встроенной гирляндой теплого свечения, без режимов мигания"
"3","Катрин","Заснеженная с освещением","215","69000","170","1273","98572","-30","/media/catalog-pinned/695efebd4b8dfa23358b3417e5b71a7024f7ffbd0fda012cfa2308aef4bc6b52.jpg|/media/catalog-pinned/a625ef37ed1053f40269695207cfdce9e6ef962fcc33f02f09764f8c1e6fd512.webp|/media/catalog-pinned/8f040a6179cb315c02bfe6c032e5c737279cb748f9ef1e3a5f71774fa2081c66.jpg|/media/catalog-pinned/91c1dd98ad73c4a2e32558ff6c6a514128d9cfdb60864be5d2a573af893bbadb.jpg","TRUE","Самая широкая елка по диаметру нижних веток. Имеет правильную крону и густую хвою с хлопковым напылением. Дополнена встроенной гирляндой теплого свечения, без режимов мигания"
"3","Катрин","Заснеженная с освещением","230","83000","188","1665","118572","-30","/media/catalog-pinned/695efebd4b8dfa23358b3417e5b71a7024f7ffbd0fda012cfa2308aef4bc6b52.jpg|/media/catalog-pinned/a625ef37ed1053f40269695207cfdce9e6ef962fcc33f02f09764f8c1e6fd512.webp|/media/catalog-pinned/8f040a6179cb315c02bfe6c032e5c737279cb748f9ef1e3a5f71774fa2081c66.jpg|/media/catalog-pinned/91c1dd98ad73c4a2e32558ff6c6a514128d9cfdb60864be5d2a573af893bbadb.jpg","TRUE","Самая широкая елка по диаметру нижних веток. Имеет правильную крону и густую хвою с хлопковым напылением. Дополнена встроенной гирляндой теплого свечения, без режимов мигания"
"3","Катрин","Заснеженная с освещением","250","102000","200","2113","145715","-30","/media/catalog-pinned/695efebd4b8dfa23358b3417e5b71a7024f7ffbd0fda012cfa2308aef4bc6b52.jpg|/media/catalog-pinned/a625ef37ed1053f40269695207cfdce9e6ef962fcc33f02f09764f8c1e6fd512.webp|/media/catalog-pinned/8f040a6179cb315c02bfe6c032e5c737279cb748f9ef1e3a5f71774fa2081c66.jpg|/media/catalog-pinned/91c1dd98ad73c4a2e32558ff6c6a514128d9cfdb60864be5d2a573af893bbadb.jpg","TRUE","Самая широкая елка по диаметру нижних веток. Имеет правильную крону и густую хвою с хлопковым напылением. Дополнена встроенной гирляндой теплого свечения, без режимов мигания"
"3","Катрин","Заснеженная с освещением","270","116000","212","2653","165715","-30","/media/catalog-pinned/695efebd4b8dfa23358b3417e5b71a7024f7ffbd0fda012cfa2308aef4bc6b52.jpg|/media/catalog-pinned/a625ef37ed1053f40269695207cfdce9e6ef962fcc33f02f09764f8c1e6fd512.webp|/media/catalog-pinned/8f040a6179cb315c02bfe6c032e5c737279cb748f9ef1e3a5f71774fa2081c66.jpg|/media/catalog-pinned/91c1dd98ad73c4a2e32558ff6c6a514128d9cfdb60864be5d2a573af893bbadb.jpg","TRUE","Самая широкая елка по диаметру нижних веток. Имеет правильную крону и густую хвою с хлопковым напылением. Дополнена встроенной гирляндой теплого свечения, без режимов мигания"
"3","Катрин","Заснеженная с освещением","300","132000","224","3253","188572","-30","/media/catalog-pinned/695efebd4b8dfa23358b3417e5b71a7024f7ffbd0fda012cfa2308aef4bc6b52.jpg|/media/catalog-pinned/a625ef37ed1053f40269695207cfdce9e6ef962fcc33f02f09764f8c1e6fd512.webp|/media/catalog-pinned/8f040a6179cb315c02bfe6c032e5c737279cb748f9ef1e3a5f71774fa2081c66.jpg|/media/catalog-pinned/91c1dd98ad73c4a2e32558ff6c6a514128d9cfdb60864be5d2a573af893bbadb.jpg","TRUE","Самая широкая елка по диаметру нижних веток. Имеет правильную крону и густую хвою с хлопковым напылением. Дополнена встроенной гирляндой теплого свечения, без режимов мигания"
"30","Туя шар на ножке","Туя","115","13900","0","0","19858","-30","/media/catalog-pinned/c3bf04582aee66cb4c52e210c4534f24ef6ce33a008fd7772750133bbc9f46b9.webp|/media/catalog-pinned/842086f5f26cfa8fff136f06cbdcec7823c74f90d10899d65de6a8e19de7b777.webp|/media/catalog-pinned/ee7e0d654d7a3cad4f5af5ec53bbd82cceed0713f6def7a905f800047346d72d.webp|/media/catalog-pinned/2d5ff68effab87814971bee61f7dedfd4412e6dde9eb7a263fbe32ce8bc71084.webp","TRUE",""
"31","Туя 180 - 250 см","Туя","180","19000","76","452","27143","-30","/media/catalog-pinned/60eadd7ad5791d0eede3c96382d178f47bf340cd75d2e15e31d8f51b05a197d7.webp|/media/catalog-pinned/efc497e409c25d6694b7187ec63313fc64d16a82d72f25acd8f90b960272ca48.webp|/media/catalog-pinned/a62fc54819570d14dd465e97843daca15657a65cbc00b53ac6e94c93bf71c056.webp|/media/catalog-pinned/c2370f941b757e5d510bd8903b174a7d3034292c49dfb0115ad2d4c295727a04.webp","TRUE",""
"31","Туя 180 - 250 см","Туя","210","21000","78","542","30000","-30","/media/catalog-pinned/60eadd7ad5791d0eede3c96382d178f47bf340cd75d2e15e31d8f51b05a197d7.webp|/media/catalog-pinned/efc497e409c25d6694b7187ec63313fc64d16a82d72f25acd8f90b960272ca48.webp|/media/catalog-pinned/a62fc54819570d14dd465e97843daca15657a65cbc00b53ac6e94c93bf71c056.webp|/media/catalog-pinned/c2370f941b757e5d510bd8903b174a7d3034292c49dfb0115ad2d4c295727a04.webp","TRUE",""
"31","Туя 180 - 250 см","Туя","230","26000","80","662","37143","-30","/media/catalog-pinned/60eadd7ad5791d0eede3c96382d178f47bf340cd75d2e15e31d8f51b05a197d7.webp|/media/catalog-pinned/efc497e409c25d6694b7187ec63313fc64d16a82d72f25acd8f90b960272ca48.webp|/media/catalog-pinned/a62fc54819570d14dd465e97843daca15657a65cbc00b53ac6e94c93bf71c056.webp|/media/catalog-pinned/c2370f941b757e5d510bd8903b174a7d3034292c49dfb0115ad2d4c295727a04.webp","TRUE",""
"31","Туя 180 - 250 см","Туя","250","31000","80","662","44286","-30","/media/catalog-pinned/60eadd7ad5791d0eede3c96382d178f47bf340cd75d2e15e31d8f51b05a197d7.webp|/media/catalog-pinned/efc497e409c25d6694b7187ec63313fc64d16a82d72f25acd8f90b960272ca48.webp|/media/catalog-pinned/a62fc54819570d14dd465e97843daca15657a65cbc00b53ac6e94c93bf71c056.webp|/media/catalog-pinned/c2370f941b757e5d510bd8903b174a7d3034292c49dfb0115ad2d4c295727a04.webp","TRUE",""
"32","Можжевельник","Туя","120","9900","33","290","14143","-30","/media/catalog-pinned/3b4b9aa11583bbec2b0d15f23babd512c0f72b31aca5375e02eb47182f887960.webp|/media/catalog-pinned/8a952bac112dd160d94aece3dd5e254b65e152de1ea75e17dc47e762be17ad23.webp","TRUE",""
"32","Можжевельник","Туя","150","12400","32","456","17715","-30","/media/catalog-pinned/3b4b9aa11583bbec2b0d15f23babd512c0f72b31aca5375e02eb47182f887960.webp|/media/catalog-pinned/8a952bac112dd160d94aece3dd5e254b65e152de1ea75e17dc47e762be17ad23.webp","TRUE",""
"32","Можжевельник","Туя","180","14900","34","600","21286","-30","/media/catalog-pinned/3b4b9aa11583bbec2b0d15f23babd512c0f72b31aca5375e02eb47182f887960.webp|/media/catalog-pinned/8a952bac112dd160d94aece3dd5e254b65e152de1ea75e17dc47e762be17ad23.webp","TRUE",""
"33","Кипарисовик","Туя","60","3900","0","0","5572","-30","/media/catalog-pinned/fdba50b4b96afbd4be6ae689d5ca1780214092fb28f3ba6abbbb8e47d2e0099d.webp|/media/catalog-pinned/359f0bde1bf63f7692571f06fabe72fe0e0375827f58a3a68cf8acda3f76ed71.webp|/media/catalog-pinned/8cce749a9959a818276146f7b6f4adea4c8fd0b767ced0295739520798795e33.webp|/media/catalog-pinned/65ae5075a5880570e5e205d5306f19bf8f404817852a19ac8b1d1ce8890f08f3.webp","TRUE",""
"34","Каролина","Зелёная","150","11500","104","0","16429","-30","/media/catalog-pinned/a39d11711d56b60ddb9c68ab82892d3ea167e2efc33b751e935e5f790a61c648.webp|/media/catalog-pinned/3b583bdc3b2f4a443fddb7ad5b775408823670dbcd86577358b3fd1c4d34db29.webp|/media/catalog-pinned/da90b0ee55cbe367d242cd6476ea540022499b68e24e3841f4c45b8a41d4e1cc.webp|/media/catalog-pinned/2e78a49acff4e43d06fc36e8d8e29b22441a9c98869f0e1c44e11e02887a5c55.webp","TRUE","Текст"
"34","Каролина","Зелёная","185","17000","134","0","24286","-30","/media/catalog-pinned/a39d11711d56b60ddb9c68ab82892d3ea167e2efc33b751e935e5f790a61c648.webp|/media/catalog-pinned/3b583bdc3b2f4a443fddb7ad5b775408823670dbcd86577358b3fd1c4d34db29.webp|/media/catalog-pinned/da90b0ee55cbe367d242cd6476ea540022499b68e24e3841f4c45b8a41d4e1cc.webp|/media/catalog-pinned/2e78a49acff4e43d06fc36e8d8e29b22441a9c98869f0e1c44e11e02887a5c55.webp","TRUE","Текст"
"34","Каролина","Зелёная","215","24000","164","0","34286","-30","/media/catalog-pinned/a39d11711d56b60ddb9c68ab82892d3ea167e2efc33b751e935e5f790a61c648.webp|/media/catalog-pinned/3b583bdc3b2f4a443fddb7ad5b775408823670dbcd86577358b3fd1c4d34db29.webp|/media/catalog-pinned/da90b0ee55cbe367d242cd6476ea540022499b68e24e3841f4c45b8a41d4e1cc.webp|/media/catalog-pinned/2e78a49acff4e43d06fc36e8d8e29b22441a9c98869f0e1c44e11e02887a5c55.webp","TRUE","Текст"
"34","Каролина","Зелёная","230","28000","174","0","40000","-30","/media/catalog-pinned/a39d11711d56b60ddb9c68ab82892d3ea167e2efc33b751e935e5f790a61c648.webp|/media/catalog-pinned/3b583bdc3b2f4a443fddb7ad5b775408823670dbcd86577358b3fd1c4d34db29.webp|/media/catalog-pinned/da90b0ee55cbe367d242cd6476ea540022499b68e24e3841f4c45b8a41d4e1cc.webp|/media/catalog-pinned/2e78a49acff4e43d06fc36e8d8e29b22441a9c98869f0e1c44e11e02887a5c55.webp","TRUE","Текст"
"35","Мишель","Зелёная","160","17000","98","371","24286","-30","/media/catalog-pinned/ba5542e29d8c439672ee9c47bf994bcd9d209b7099ba5cc993eeb049660af84f.webp|/media/catalog-pinned/407ec56605a8e0bf9d040b72dadeff3b4e2a31c553200f1fbae0207a2a675335.webp|/media/catalog-pinned/9aaba243ad556e9a718451297eb58369de9110cd7222b52b046312a424fca6fe.webp|/media/catalog-pinned/6283557bca2e668d3c112ab05b1f396e6a4eb829186a6b4447c36e52d9500773.webp","TRUE","Текст"
"35","Мишель","Зелёная","190","21000","112","547","30000","-30","/media/catalog-pinned/ba5542e29d8c439672ee9c47bf994bcd9d209b7099ba5cc993eeb049660af84f.webp|/media/catalog-pinned/407ec56605a8e0bf9d040b72dadeff3b4e2a31c553200f1fbae0207a2a675335.webp|/media/catalog-pinned/9aaba243ad556e9a718451297eb58369de9110cd7222b52b046312a424fca6fe.webp|/media/catalog-pinned/6283557bca2e668d3c112ab05b1f396e6a4eb829186a6b4447c36e52d9500773.webp","TRUE","Текст"
"35","Мишель","Зелёная","220","27000","124","811","38572","-30","/media/catalog-pinned/ba5542e29d8c439672ee9c47bf994bcd9d209b7099ba5cc993eeb049660af84f.webp|/media/catalog-pinned/407ec56605a8e0bf9d040b72dadeff3b4e2a31c553200f1fbae0207a2a675335.webp|/media/catalog-pinned/9aaba243ad556e9a718451297eb58369de9110cd7222b52b046312a424fca6fe.webp|/media/catalog-pinned/6283557bca2e668d3c112ab05b1f396e6a4eb829186a6b4447c36e52d9500773.webp","TRUE","Текст"
"35","Мишель","Зелёная","240","31000","132","957","44286","-30","/media/catalog-pinned/ba5542e29d8c439672ee9c47bf994bcd9d209b7099ba5cc993eeb049660af84f.webp|/media/catalog-pinned/407ec56605a8e0bf9d040b72dadeff3b4e2a31c553200f1fbae0207a2a675335.webp|/media/catalog-pinned/9aaba243ad556e9a718451297eb58369de9110cd7222b52b046312a424fca6fe.webp|/media/catalog-pinned/6283557bca2e668d3c112ab05b1f396e6a4eb829186a6b4447c36e52d9500773.webp","TRUE","Текст"
"4","Аврора","Зелёная","155","21000","98","709","30000","-30","/media/catalog-pinned/24c9ff8401e453f1e8857286d945f09380ae9d8abc34dc33863a01098675eb18.jpg|/media/catalog-pinned/42c27ea727288b6ba4266c4dd0311cc529b997c468d27c0d3c4fa970b9030fa9.webp|/media/catalog-pinned/45336fb6476f53c6e2abe347cc1849e8b8dcd06135b7287d41adecc0a9460b78.webp|/media/catalog-pinned/4b04fd32b8e69a6f2ae5b2631e637e463f80da602ee2662dbe52232fe7769baf.webp|/media/catalog-pinned/2474e6692c310b0a08ee300d979288fef62b95067bcbe2d2397247a29686add0.jpg|/media/catalog-pinned/75aac8b59a9d0f7307d8bd8e70d55f563e0cae3ee478f7753ffdae51f13a75f7.jpg|/media/catalog-pinned/9352d2aad015ccfd764110ff59cb122ac5e0e65c93171618653e7d2834480e33.jpg|/media/catalog-pinned/31a638c0ac37ed5694e2ee3a113c8ad327b7edba894879f84625d6f1b0337bb6.jpg","TRUE","Елка имеет двухцветную светло-зеленую хвою. Одна из самых густых моделей, при этом небольшая в нижнем диаметре"
"4","Аврора","Зелёная","185","29000","110","985","41429","-30","/media/catalog-pinned/24c9ff8401e453f1e8857286d945f09380ae9d8abc34dc33863a01098675eb18.jpg|/media/catalog-pinned/42c27ea727288b6ba4266c4dd0311cc529b997c468d27c0d3c4fa970b9030fa9.webp|/media/catalog-pinned/45336fb6476f53c6e2abe347cc1849e8b8dcd06135b7287d41adecc0a9460b78.webp|/media/catalog-pinned/4b04fd32b8e69a6f2ae5b2631e637e463f80da602ee2662dbe52232fe7769baf.webp|/media/catalog-pinned/2474e6692c310b0a08ee300d979288fef62b95067bcbe2d2397247a29686add0.jpg|/media/catalog-pinned/75aac8b59a9d0f7307d8bd8e70d55f563e0cae3ee478f7753ffdae51f13a75f7.jpg|/media/catalog-pinned/9352d2aad015ccfd764110ff59cb122ac5e0e65c93171618653e7d2834480e33.jpg|/media/catalog-pinned/31a638c0ac37ed5694e2ee3a113c8ad327b7edba894879f84625d6f1b0337bb6.jpg","TRUE","Елка имеет двухцветную светло-зеленую хвою. Одна из самых густых моделей, при этом небольшая в нижнем диаметре"
"4","Аврора","Зелёная","215","43000","126","1481","61429","-30","/media/catalog-pinned/24c9ff8401e453f1e8857286d945f09380ae9d8abc34dc33863a01098675eb18.jpg|/media/catalog-pinned/42c27ea727288b6ba4266c4dd0311cc529b997c468d27c0d3c4fa970b9030fa9.webp|/media/catalog-pinned/45336fb6476f53c6e2abe347cc1849e8b8dcd06135b7287d41adecc0a9460b78.webp|/media/catalog-pinned/4b04fd32b8e69a6f2ae5b2631e637e463f80da602ee2662dbe52232fe7769baf.webp|/media/catalog-pinned/2474e6692c310b0a08ee300d979288fef62b95067bcbe2d2397247a29686add0.jpg|/media/catalog-pinned/75aac8b59a9d0f7307d8bd8e70d55f563e0cae3ee478f7753ffdae51f13a75f7.jpg|/media/catalog-pinned/9352d2aad015ccfd764110ff59cb122ac5e0e65c93171618653e7d2834480e33.jpg|/media/catalog-pinned/31a638c0ac37ed5694e2ee3a113c8ad327b7edba894879f84625d6f1b0337bb6.jpg","TRUE","Елка имеет двухцветную светло-зеленую хвою. Одна из самых густых моделей, при этом небольшая в нижнем диаметре"
"4","Аврора","Зелёная","230","51000","134","1729","72858","-30","/media/catalog-pinned/24c9ff8401e453f1e8857286d945f09380ae9d8abc34dc33863a01098675eb18.jpg|/media/catalog-pinned/42c27ea727288b6ba4266c4dd0311cc529b997c468d27c0d3c4fa970b9030fa9.webp|/media/catalog-pinned/45336fb6476f53c6e2abe347cc1849e8b8dcd06135b7287d41adecc0a9460b78.webp|/media/catalog-pinned/4b04fd32b8e69a6f2ae5b2631e637e463f80da602ee2662dbe52232fe7769baf.webp|/media/catalog-pinned/2474e6692c310b0a08ee300d979288fef62b95067bcbe2d2397247a29686add0.jpg|/media/catalog-pinned/75aac8b59a9d0f7307d8bd8e70d55f563e0cae3ee478f7753ffdae51f13a75f7.jpg|/media/catalog-pinned/9352d2aad015ccfd764110ff59cb122ac5e0e65c93171618653e7d2834480e33.jpg|/media/catalog-pinned/31a638c0ac37ed5694e2ee3a113c8ad327b7edba894879f84625d6f1b0337bb6.jpg","TRUE","Елка имеет двухцветную светло-зеленую хвою. Одна из самых густых моделей, при этом небольшая в нижнем диаметре"
"4","Аврора","Зелёная","250","61000","140","2073","87143","-30","/media/catalog-pinned/24c9ff8401e453f1e8857286d945f09380ae9d8abc34dc33863a01098675eb18.jpg|/media/catalog-pinned/42c27ea727288b6ba4266c4dd0311cc529b997c468d27c0d3c4fa970b9030fa9.webp|/media/catalog-pinned/45336fb6476f53c6e2abe347cc1849e8b8dcd06135b7287d41adecc0a9460b78.webp|/media/catalog-pinned/4b04fd32b8e69a6f2ae5b2631e637e463f80da602ee2662dbe52232fe7769baf.webp|/media/catalog-pinned/2474e6692c310b0a08ee300d979288fef62b95067bcbe2d2397247a29686add0.jpg|/media/catalog-pinned/75aac8b59a9d0f7307d8bd8e70d55f563e0cae3ee478f7753ffdae51f13a75f7.jpg|/media/catalog-pinned/9352d2aad015ccfd764110ff59cb122ac5e0e65c93171618653e7d2834480e33.jpg|/media/catalog-pinned/31a638c0ac37ed5694e2ee3a113c8ad327b7edba894879f84625d6f1b0337bb6.jpg","TRUE","Елка имеет двухцветную светло-зеленую хвою. Одна из самых густых моделей, при этом небольшая в нижнем диаметре"
"4","Аврора","Зелёная","270","76000","146","2537","108572","-30","/media/catalog-pinned/24c9ff8401e453f1e8857286d945f09380ae9d8abc34dc33863a01098675eb18.jpg|/media/catalog-pinned/42c27ea727288b6ba4266c4dd0311cc529b997c468d27c0d3c4fa970b9030fa9.webp|/media/catalog-pinned/45336fb6476f53c6e2abe347cc1849e8b8dcd06135b7287d41adecc0a9460b78.webp|/media/catalog-pinned/4b04fd32b8e69a6f2ae5b2631e637e463f80da602ee2662dbe52232fe7769baf.webp|/media/catalog-pinned/2474e6692c310b0a08ee300d979288fef62b95067bcbe2d2397247a29686add0.jpg|/media/catalog-pinned/75aac8b59a9d0f7307d8bd8e70d55f563e0cae3ee478f7753ffdae51f13a75f7.jpg|/media/catalog-pinned/9352d2aad015ccfd764110ff59cb122ac5e0e65c93171618653e7d2834480e33.jpg|/media/catalog-pinned/31a638c0ac37ed5694e2ee3a113c8ad327b7edba894879f84625d6f1b0337bb6.jpg","TRUE","Елка имеет двухцветную светло-зеленую хвою. Одна из самых густых моделей, при этом небольшая в нижнем диаметре"
"4","Аврора","Зелёная","300","91000","152","3001","130000","-30","/media/catalog-pinned/24c9ff8401e453f1e8857286d945f09380ae9d8abc34dc33863a01098675eb18.jpg|/media/catalog-pinned/42c27ea727288b6ba4266c4dd0311cc529b997c468d27c0d3c4fa970b9030fa9.webp|/media/catalog-pinned/45336fb6476f53c6e2abe347cc1849e8b8dcd06135b7287d41adecc0a9460b78.webp|/media/catalog-pinned/4b04fd32b8e69a6f2ae5b2631e637e463f80da602ee2662dbe52232fe7769baf.webp|/media/catalog-pinned/2474e6692c310b0a08ee300d979288fef62b95067bcbe2d2397247a29686add0.jpg|/media/catalog-pinned/75aac8b59a9d0f7307d8bd8e70d55f563e0cae3ee478f7753ffdae51f13a75f7.jpg|/media/catalog-pinned/9352d2aad015ccfd764110ff59cb122ac5e0e65c93171618653e7d2834480e33.jpg|/media/catalog-pinned/31a638c0ac37ed5694e2ee3a113c8ad327b7edba894879f84625d6f1b0337bb6.jpg","TRUE","Елка имеет двухцветную светло-зеленую хвою. Одна из самых густых моделей, при этом небольшая в нижнем диаметре"
"4","Аврора","С освещением","155","29000","98","709","41429","-30","/media/catalog-pinned/1c54c25ee5e28a8331a466288dc75d2e20e93cf2c18cbd7f48820f4b76a34517.jpg|/media/catalog-pinned/5b6b4490d2d452d7fcbaaffeec4b70984ee0e7f986d0812915f205262dd03e13.webp|/media/catalog-pinned/ee02c04ecbafdb7228dd407074dcdff591e37d8fe29ae9848923f3d26bb1a8a2.webp|/media/catalog-pinned/3faf3d91a1f23473a60af5b7038669ab3dddd55ee97c5dbdee458c6dec11bd5a.webp|/media/catalog-pinned/e64477e064bbadabf432d75fd8416da22babb714cbcd28b1849c2eeb33cc50b1.webp|/media/catalog-pinned/f266a435745cc7c34f4a50a653a80988880e8cd261097d1d148cec983f4b157a.webp|/media/catalog-pinned/9352d2aad015ccfd764110ff59cb122ac5e0e65c93171618653e7d2834480e33.jpg|/media/catalog-pinned/31a638c0ac37ed5694e2ee3a113c8ad327b7edba894879f84625d6f1b0337bb6.jpg","TRUE","Елка имеет двухцветную светло-зеленую хвою. Одна из самых густых моделей, при этом небольшая в нижнем диаметре. Дополнена встроенной гирляндой теплого свечения, без режимов мигания"
"4","Аврора","С освещением","185","39000","110","985","55715","-30","/media/catalog-pinned/1c54c25ee5e28a8331a466288dc75d2e20e93cf2c18cbd7f48820f4b76a34517.jpg|/media/catalog-pinned/5b6b4490d2d452d7fcbaaffeec4b70984ee0e7f986d0812915f205262dd03e13.webp|/media/catalog-pinned/ee02c04ecbafdb7228dd407074dcdff591e37d8fe29ae9848923f3d26bb1a8a2.webp|/media/catalog-pinned/3faf3d91a1f23473a60af5b7038669ab3dddd55ee97c5dbdee458c6dec11bd5a.webp|/media/catalog-pinned/e64477e064bbadabf432d75fd8416da22babb714cbcd28b1849c2eeb33cc50b1.webp|/media/catalog-pinned/f266a435745cc7c34f4a50a653a80988880e8cd261097d1d148cec983f4b157a.webp|/media/catalog-pinned/9352d2aad015ccfd764110ff59cb122ac5e0e65c93171618653e7d2834480e33.jpg|/media/catalog-pinned/31a638c0ac37ed5694e2ee3a113c8ad327b7edba894879f84625d6f1b0337bb6.jpg","TRUE","Елка имеет двухцветную светло-зеленую хвою. Одна из самых густых моделей, при этом небольшая в нижнем диаметре. Дополнена встроенной гирляндой теплого свечения, без режимов мигания"
"4","Аврора","С освещением","215","58000","126","1481","82858","-30","/media/catalog-pinned/1c54c25ee5e28a8331a466288dc75d2e20e93cf2c18cbd7f48820f4b76a34517.jpg|/media/catalog-pinned/5b6b4490d2d452d7fcbaaffeec4b70984ee0e7f986d0812915f205262dd03e13.webp|/media/catalog-pinned/ee02c04ecbafdb7228dd407074dcdff591e37d8fe29ae9848923f3d26bb1a8a2.webp|/media/catalog-pinned/3faf3d91a1f23473a60af5b7038669ab3dddd55ee97c5dbdee458c6dec11bd5a.webp|/media/catalog-pinned/e64477e064bbadabf432d75fd8416da22babb714cbcd28b1849c2eeb33cc50b1.webp|/media/catalog-pinned/f266a435745cc7c34f4a50a653a80988880e8cd261097d1d148cec983f4b157a.webp|/media/catalog-pinned/9352d2aad015ccfd764110ff59cb122ac5e0e65c93171618653e7d2834480e33.jpg|/media/catalog-pinned/31a638c0ac37ed5694e2ee3a113c8ad327b7edba894879f84625d6f1b0337bb6.jpg","TRUE","Елка имеет двухцветную светло-зеленую хвою. Одна из самых густых моделей, при этом небольшая в нижнем диаметре. Дополнена встроенной гирляндой теплого свечения, без режимов мигания"
"4","Аврора","С освещением","230","71000","134","1729","101429","-30","/media/catalog-pinned/1c54c25ee5e28a8331a466288dc75d2e20e93cf2c18cbd7f48820f4b76a34517.jpg|/media/catalog-pinned/5b6b4490d2d452d7fcbaaffeec4b70984ee0e7f986d0812915f205262dd03e13.webp|/media/catalog-pinned/ee02c04ecbafdb7228dd407074dcdff591e37d8fe29ae9848923f3d26bb1a8a2.webp|/media/catalog-pinned/3faf3d91a1f23473a60af5b7038669ab3dddd55ee97c5dbdee458c6dec11bd5a.webp|/media/catalog-pinned/e64477e064bbadabf432d75fd8416da22babb714cbcd28b1849c2eeb33cc50b1.webp|/media/catalog-pinned/f266a435745cc7c34f4a50a653a80988880e8cd261097d1d148cec983f4b157a.webp|/media/catalog-pinned/9352d2aad015ccfd764110ff59cb122ac5e0e65c93171618653e7d2834480e33.jpg|/media/catalog-pinned/31a638c0ac37ed5694e2ee3a113c8ad327b7edba894879f84625d6f1b0337bb6.jpg","TRUE","Елка имеет двухцветную светло-зеленую хвою. Одна из самых густых моделей, при этом небольшая в нижнем диаметре. Дополнена встроенной гирляндой теплого свечения, без режимов мигания"
"4","Аврора","С освещением","250","83000","140","2073","118572","-30","/media/catalog-pinned/1c54c25ee5e28a8331a466288dc75d2e20e93cf2c18cbd7f48820f4b76a34517.jpg|/media/catalog-pinned/5b6b4490d2d452d7fcbaaffeec4b70984ee0e7f986d0812915f205262dd03e13.webp|/media/catalog-pinned/ee02c04ecbafdb7228dd407074dcdff591e37d8fe29ae9848923f3d26bb1a8a2.webp|/media/catalog-pinned/3faf3d91a1f23473a60af5b7038669ab3dddd55ee97c5dbdee458c6dec11bd5a.webp|/media/catalog-pinned/e64477e064bbadabf432d75fd8416da22babb714cbcd28b1849c2eeb33cc50b1.webp|/media/catalog-pinned/f266a435745cc7c34f4a50a653a80988880e8cd261097d1d148cec983f4b157a.webp|/media/catalog-pinned/9352d2aad015ccfd764110ff59cb122ac5e0e65c93171618653e7d2834480e33.jpg|/media/catalog-pinned/31a638c0ac37ed5694e2ee3a113c8ad327b7edba894879f84625d6f1b0337bb6.jpg","TRUE","Елка имеет двухцветную светло-зеленую хвою. Одна из самых густых моделей, при этом небольшая в нижнем диаметре. Дополнена встроенной гирляндой теплого свечения, без режимов мигания"
"4","Аврора","С освещением","270","102000","146","2537","145715","-30","/media/catalog-pinned/1c54c25ee5e28a8331a466288dc75d2e20e93cf2c18cbd7f48820f4b76a34517.jpg|/media/catalog-pinned/5b6b4490d2d452d7fcbaaffeec4b70984ee0e7f986d0812915f205262dd03e13.webp|/media/catalog-pinned/ee02c04ecbafdb7228dd407074dcdff591e37d8fe29ae9848923f3d26bb1a8a2.webp|/media/catalog-pinned/3faf3d91a1f23473a60af5b7038669ab3dddd55ee97c5dbdee458c6dec11bd5a.webp|/media/catalog-pinned/e64477e064bbadabf432d75fd8416da22babb714cbcd28b1849c2eeb33cc50b1.webp|/media/catalog-pinned/f266a435745cc7c34f4a50a653a80988880e8cd261097d1d148cec983f4b157a.webp|/media/catalog-pinned/9352d2aad015ccfd764110ff59cb122ac5e0e65c93171618653e7d2834480e33.jpg|/media/catalog-pinned/31a638c0ac37ed5694e2ee3a113c8ad327b7edba894879f84625d6f1b0337bb6.jpg","TRUE","Елка имеет двухцветную светло-зеленую хвою. Одна из самых густых моделей, при этом небольшая в нижнем диаметре. Дополнена встроенной гирляндой теплого свечения, без режимов мигания"
"4","Аврора","С освещением","300","123000","152","3001","175715","-30","/media/catalog-pinned/1c54c25ee5e28a8331a466288dc75d2e20e93cf2c18cbd7f48820f4b76a34517.jpg|/media/catalog-pinned/5b6b4490d2d452d7fcbaaffeec4b70984ee0e7f986d0812915f205262dd03e13.webp|/media/catalog-pinned/ee02c04ecbafdb7228dd407074dcdff591e37d8fe29ae9848923f3d26bb1a8a2.webp|/media/catalog-pinned/3faf3d91a1f23473a60af5b7038669ab3dddd55ee97c5dbdee458c6dec11bd5a.webp|/media/catalog-pinned/e64477e064bbadabf432d75fd8416da22babb714cbcd28b1849c2eeb33cc50b1.webp|/media/catalog-pinned/f266a435745cc7c34f4a50a653a80988880e8cd261097d1d148cec983f4b157a.webp|/media/catalog-pinned/9352d2aad015ccfd764110ff59cb122ac5e0e65c93171618653e7d2834480e33.jpg|/media/catalog-pinned/31a638c0ac37ed5694e2ee3a113c8ad327b7edba894879f84625d6f1b0337bb6.jpg","TRUE","Елка имеет двухцветную светло-зеленую хвою. Одна из самых густых моделей, при этом небольшая в нижнем диаметре. Дополнена встроенной гирляндой теплого свечения, без режимов мигания"
"5","Вивиан","Зелёная","150","23000","108","796","32858","-30","/media/catalog-pinned/d08998a7b62155e94a640c00e8291b43808104565371f79a35a6404bb6eb9115.webp|/media/catalog-pinned/06c728eeb981ab7ac7171b319411517181b0e4c80b9139c61313f53370699d6b.jpg|/media/catalog-pinned/81a8f7278a56994f16c1b7727627e7c3eece42c7ffc03890e4d1e3dc22ef9e76.jpg|/media/catalog-pinned/5c831407f0b201aaa5dc6b9c983492c22633c1a12450e6de75596af84a37c164.webp|/media/catalog-pinned/99db71fada56a5de73c432014420e255ba2711d924d0ec2172581657393e1cf4.jpg|/media/catalog-pinned/9352d2aad015ccfd764110ff59cb122ac5e0e65c93171618653e7d2834480e33.jpg|/media/catalog-pinned/31a638c0ac37ed5694e2ee3a113c8ad327b7edba894879f84625d6f1b0337bb6.jpg","TRUE","Елочка идеально передает все черты настоящего дерева. Пышность, насыщенный зеленый цвет и идеальная крона - вот что выделяет Вивиан среди других моделей."
"5","Вивиан","Зелёная","185","32000","118","1132","45715","-30","/media/catalog-pinned/d08998a7b62155e94a640c00e8291b43808104565371f79a35a6404bb6eb9115.webp|/media/catalog-pinned/06c728eeb981ab7ac7171b319411517181b0e4c80b9139c61313f53370699d6b.jpg|/media/catalog-pinned/81a8f7278a56994f16c1b7727627e7c3eece42c7ffc03890e4d1e3dc22ef9e76.jpg|/media/catalog-pinned/5c831407f0b201aaa5dc6b9c983492c22633c1a12450e6de75596af84a37c164.webp|/media/catalog-pinned/99db71fada56a5de73c432014420e255ba2711d924d0ec2172581657393e1cf4.jpg|/media/catalog-pinned/9352d2aad015ccfd764110ff59cb122ac5e0e65c93171618653e7d2834480e33.jpg|/media/catalog-pinned/31a638c0ac37ed5694e2ee3a113c8ad327b7edba894879f84625d6f1b0337bb6.jpg","TRUE","Елочка идеально передает все черты настоящего дерева. Пышность, насыщенный зеленый цвет и идеальная крона - вот что выделяет Вивиан среди других моделей."
"5","Вивиан","Зелёная","215","45000","134","1564","64286","-30","/media/catalog-pinned/d08998a7b62155e94a640c00e8291b43808104565371f79a35a6404bb6eb9115.webp|/media/catalog-pinned/06c728eeb981ab7ac7171b319411517181b0e4c80b9139c61313f53370699d6b.jpg|/media/catalog-pinned/81a8f7278a56994f16c1b7727627e7c3eece42c7ffc03890e4d1e3dc22ef9e76.jpg|/media/catalog-pinned/5c831407f0b201aaa5dc6b9c983492c22633c1a12450e6de75596af84a37c164.webp|/media/catalog-pinned/99db71fada56a5de73c432014420e255ba2711d924d0ec2172581657393e1cf4.jpg|/media/catalog-pinned/9352d2aad015ccfd764110ff59cb122ac5e0e65c93171618653e7d2834480e33.jpg|/media/catalog-pinned/31a638c0ac37ed5694e2ee3a113c8ad327b7edba894879f84625d6f1b0337bb6.jpg","TRUE","Елочка идеально передает все черты настоящего дерева. Пышность, насыщенный зеленый цвет и идеальная крона - вот что выделяет Вивиан среди других моделей."
"5","Вивиан","Зелёная","230","53000","146","1900","75715","-30","/media/catalog-pinned/d08998a7b62155e94a640c00e8291b43808104565371f79a35a6404bb6eb9115.webp|/media/catalog-pinned/06c728eeb981ab7ac7171b319411517181b0e4c80b9139c61313f53370699d6b.jpg|/media/catalog-pinned/81a8f7278a56994f16c1b7727627e7c3eece42c7ffc03890e4d1e3dc22ef9e76.jpg|/media/catalog-pinned/5c831407f0b201aaa5dc6b9c983492c22633c1a12450e6de75596af84a37c164.webp|/media/catalog-pinned/99db71fada56a5de73c432014420e255ba2711d924d0ec2172581657393e1cf4.jpg|/media/catalog-pinned/9352d2aad015ccfd764110ff59cb122ac5e0e65c93171618653e7d2834480e33.jpg|/media/catalog-pinned/31a638c0ac37ed5694e2ee3a113c8ad327b7edba894879f84625d6f1b0337bb6.jpg","TRUE","Елочка идеально передает все черты настоящего дерева. Пышность, насыщенный зеленый цвет и идеальная крона - вот что выделяет Вивиан среди других моделей."
"6","Бетти","Зелёная","150","20900","126","720","29858","-30","/media/catalog-pinned/79b0b7fa8415d2646de822737fae1e2dd90194a8ae8cf4749780c369f1ecd1f4.jpg|/media/catalog-pinned/08f071f48f04cea5aafc0177e401a41f015f01bb929d6aee4ca81a2ab9c9cd0c.jpg|/media/catalog-pinned/fb69b600b07b65a13763b4dc5db851803cc84e1f9f1ecaee5dc7fc0b0b55f484.jpg|/media/catalog-pinned/a587aed733b22e364a59420e5caea0314f1362b47b56024235a9535fd10e03b5.jpg|/media/catalog-pinned/9352d2aad015ccfd764110ff59cb122ac5e0e65c93171618653e7d2834480e33.jpg|/media/catalog-pinned/31a638c0ac37ed5694e2ee3a113c8ad327b7edba894879f84625d6f1b0337bb6.jpg","TRUE","Главной особенностью Бетти являются длинные иголки. Модель состоит из широких веточек с темно-зеленой хвоей"
"6","Бетти","Зелёная","185","29000","140","1084","41429","-30","/media/catalog-pinned/79b0b7fa8415d2646de822737fae1e2dd90194a8ae8cf4749780c369f1ecd1f4.jpg|/media/catalog-pinned/08f071f48f04cea5aafc0177e401a41f015f01bb929d6aee4ca81a2ab9c9cd0c.jpg|/media/catalog-pinned/fb69b600b07b65a13763b4dc5db851803cc84e1f9f1ecaee5dc7fc0b0b55f484.jpg|/media/catalog-pinned/a587aed733b22e364a59420e5caea0314f1362b47b56024235a9535fd10e03b5.jpg|/media/catalog-pinned/9352d2aad015ccfd764110ff59cb122ac5e0e65c93171618653e7d2834480e33.jpg|/media/catalog-pinned/31a638c0ac37ed5694e2ee3a113c8ad327b7edba894879f84625d6f1b0337bb6.jpg","TRUE","Главной особенностью Бетти являются длинные иголки. Модель состоит из широких веточек с темно-зеленой хвоей"
"6","Бетти","Зелёная","215","42000","158","1496","60000","-30","/media/catalog-pinned/79b0b7fa8415d2646de822737fae1e2dd90194a8ae8cf4749780c369f1ecd1f4.jpg|/media/catalog-pinned/08f071f48f04cea5aafc0177e401a41f015f01bb929d6aee4ca81a2ab9c9cd0c.jpg|/media/catalog-pinned/fb69b600b07b65a13763b4dc5db851803cc84e1f9f1ecaee5dc7fc0b0b55f484.jpg|/media/catalog-pinned/a587aed733b22e364a59420e5caea0314f1362b47b56024235a9535fd10e03b5.jpg|/media/catalog-pinned/9352d2aad015ccfd764110ff59cb122ac5e0e65c93171618653e7d2834480e33.jpg|/media/catalog-pinned/31a638c0ac37ed5694e2ee3a113c8ad327b7edba894879f84625d6f1b0337bb6.jpg","TRUE","Главной особенностью Бетти являются длинные иголки. Модель состоит из широких веточек с темно-зеленой хвоей"
"6","Бетти","Зелёная","230","50900","164","1752","72715","-30","/media/catalog-pinned/79b0b7fa8415d2646de822737fae1e2dd90194a8ae8cf4749780c369f1ecd1f4.jpg|/media/catalog-pinned/08f071f48f04cea5aafc0177e401a41f015f01bb929d6aee4ca81a2ab9c9cd0c.jpg|/media/catalog-pinned/fb69b600b07b65a13763b4dc5db851803cc84e1f9f1ecaee5dc7fc0b0b55f484.jpg|/media/catalog-pinned/a587aed733b22e364a59420e5caea0314f1362b47b56024235a9535fd10e03b5.jpg|/media/catalog-pinned/9352d2aad015ccfd764110ff59cb122ac5e0e65c93171618653e7d2834480e33.jpg|/media/catalog-pinned/31a638c0ac37ed5694e2ee3a113c8ad327b7edba894879f84625d6f1b0337bb6.jpg","TRUE","Главной особенностью Бетти являются длинные иголки. Модель состоит из широких веточек с темно-зеленой хвоей"
"6","Бетти","Зелёная","250","60000","170","2048","85715","-30","/media/catalog-pinned/79b0b7fa8415d2646de822737fae1e2dd90194a8ae8cf4749780c369f1ecd1f4.jpg|/media/catalog-pinned/08f071f48f04cea5aafc0177e401a41f015f01bb929d6aee4ca81a2ab9c9cd0c.jpg|/media/catalog-pinned/fb69b600b07b65a13763b4dc5db851803cc84e1f9f1ecaee5dc7fc0b0b55f484.jpg|/media/catalog-pinned/a587aed733b22e364a59420e5caea0314f1362b47b56024235a9535fd10e03b5.jpg|/media/catalog-pinned/9352d2aad015ccfd764110ff59cb122ac5e0e65c93171618653e7d2834480e33.jpg|/media/catalog-pinned/31a638c0ac37ed5694e2ee3a113c8ad327b7edba894879f84625d6f1b0337bb6.jpg","TRUE","Главной особенностью Бетти являются длинные иголки. Модель состоит из широких веточек с темно-зеленой хвоей"
"6","Бетти","Зелёная","270","69000","178","2368","98572","-30","/media/catalog-pinned/79b0b7fa8415d2646de822737fae1e2dd90194a8ae8cf4749780c369f1ecd1f4.jpg|/media/catalog-pinned/08f071f48f04cea5aafc0177e401a41f015f01bb929d6aee4ca81a2ab9c9cd0c.jpg|/media/catalog-pinned/fb69b600b07b65a13763b4dc5db851803cc84e1f9f1ecaee5dc7fc0b0b55f484.jpg|/media/catalog-pinned/a587aed733b22e364a59420e5caea0314f1362b47b56024235a9535fd10e03b5.jpg|/media/catalog-pinned/9352d2aad015ccfd764110ff59cb122ac5e0e65c93171618653e7d2834480e33.jpg|/media/catalog-pinned/31a638c0ac37ed5694e2ee3a113c8ad327b7edba894879f84625d6f1b0337bb6.jpg","TRUE","Главной особенностью Бетти являются длинные иголки. Модель состоит из широких веточек с темно-зеленой хвоей"
"6","Бетти","Зелёная","300","96000","192","3118","137143","-30","/media/catalog-pinned/79b0b7fa8415d2646de822737fae1e2dd90194a8ae8cf4749780c369f1ecd1f4.jpg|/media/catalog-pinned/08f071f48f04cea5aafc0177e401a41f015f01bb929d6aee4ca81a2ab9c9cd0c.jpg|/media/catalog-pinned/fb69b600b07b65a13763b4dc5db851803cc84e1f9f1ecaee5dc7fc0b0b55f484.jpg|/media/catalog-pinned/a587aed733b22e364a59420e5caea0314f1362b47b56024235a9535fd10e03b5.jpg|/media/catalog-pinned/9352d2aad015ccfd764110ff59cb122ac5e0e65c93171618653e7d2834480e33.jpg|/media/catalog-pinned/31a638c0ac37ed5694e2ee3a113c8ad327b7edba894879f84625d6f1b0337bb6.jpg","TRUE","Главной особенностью Бетти являются длинные иголки. Модель состоит из широких веточек с темно-зеленой хвоей"
"7","Афина","Заснеженная","155","17000","116","639","24286","-30","/media/catalog-pinned/05e93d402107ebe793b82d316257ef851ee6dd4924c78e275c223da7403809eb.jpg|/media/catalog-pinned/e98c648e96a0762720d5b4fb2ce5fc462c39dd7d328595f717d420d9590db14d.webp|/media/catalog-pinned/0a5b251f77a2a89593e7947fedd3f5ad2fe7a5b1d8a8661af7cc014b2ca4c005.jpg|/media/catalog-pinned/0928491c3d488f3b8e410e4e2eab5d0dadf715c4b9b85c25391290d837d18140.jpg","TRUE","Заснеженная ель с густой кроной. Относится к категории комбинированных — приствольное пространство выполнено из ПВХ, все внешние веточки литые"
"7","Афина","Заснеженная","185","24000","130","927","34286","-30","/media/catalog-pinned/05e93d402107ebe793b82d316257ef851ee6dd4924c78e275c223da7403809eb.jpg|/media/catalog-pinned/e98c648e96a0762720d5b4fb2ce5fc462c39dd7d328595f717d420d9590db14d.webp|/media/catalog-pinned/0a5b251f77a2a89593e7947fedd3f5ad2fe7a5b1d8a8661af7cc014b2ca4c005.jpg|/media/catalog-pinned/0928491c3d488f3b8e410e4e2eab5d0dadf715c4b9b85c25391290d837d18140.jpg","TRUE","Заснеженная ель с густой кроной. Относится к категории комбинированных — приствольное пространство выполнено из ПВХ, все внешние веточки литые"
"7","Афина","Заснеженная","215","31000","148","1367","44286","-30","/media/catalog-pinned/05e93d402107ebe793b82d316257ef851ee6dd4924c78e275c223da7403809eb.jpg|/media/catalog-pinned/e98c648e96a0762720d5b4fb2ce5fc462c39dd7d328595f717d420d9590db14d.webp|/media/catalog-pinned/0a5b251f77a2a89593e7947fedd3f5ad2fe7a5b1d8a8661af7cc014b2ca4c005.jpg|/media/catalog-pinned/0928491c3d488f3b8e410e4e2eab5d0dadf715c4b9b85c25391290d837d18140.jpg","TRUE","Заснеженная ель с густой кроной. Относится к категории комбинированных — приствольное пространство выполнено из ПВХ, все внешние веточки литые"
"7","Афина","Заснеженная","230","37000","154","1599","52858","-30","/media/catalog-pinned/05e93d402107ebe793b82d316257ef851ee6dd4924c78e275c223da7403809eb.jpg|/media/catalog-pinned/e98c648e96a0762720d5b4fb2ce5fc462c39dd7d328595f717d420d9590db14d.webp|/media/catalog-pinned/0a5b251f77a2a89593e7947fedd3f5ad2fe7a5b1d8a8661af7cc014b2ca4c005.jpg|/media/catalog-pinned/0928491c3d488f3b8e410e4e2eab5d0dadf715c4b9b85c25391290d837d18140.jpg","TRUE","Заснеженная ель с густой кроной. Относится к категории комбинированных — приствольное пространство выполнено из ПВХ, все внешние веточки литые"
"7","Афина","Заснеженная","250","47000","160","1895","67143","-30","/media/catalog-pinned/05e93d402107ebe793b82d316257ef851ee6dd4924c78e275c223da7403809eb.jpg|/media/catalog-pinned/e98c648e96a0762720d5b4fb2ce5fc462c39dd7d328595f717d420d9590db14d.webp|/media/catalog-pinned/0a5b251f77a2a89593e7947fedd3f5ad2fe7a5b1d8a8661af7cc014b2ca4c005.jpg|/media/catalog-pinned/0928491c3d488f3b8e410e4e2eab5d0dadf715c4b9b85c25391290d837d18140.jpg","TRUE","Заснеженная ель с густой кроной. Относится к категории комбинированных — приствольное пространство выполнено из ПВХ, все внешние веточки литые"
"7","Афина","Заснеженная","270","56000","168","2511","80000","-30","/media/catalog-pinned/05e93d402107ebe793b82d316257ef851ee6dd4924c78e275c223da7403809eb.jpg|/media/catalog-pinned/e98c648e96a0762720d5b4fb2ce5fc462c39dd7d328595f717d420d9590db14d.webp|/media/catalog-pinned/0a5b251f77a2a89593e7947fedd3f5ad2fe7a5b1d8a8661af7cc014b2ca4c005.jpg|/media/catalog-pinned/0928491c3d488f3b8e410e4e2eab5d0dadf715c4b9b85c25391290d837d18140.jpg","TRUE","Заснеженная ель с густой кроной. Относится к категории комбинированных — приствольное пространство выполнено из ПВХ, все внешние веточки литые"
"7","Афина","Заснеженная","300","66000","182","2941","94286","-30","/media/catalog-pinned/05e93d402107ebe793b82d316257ef851ee6dd4924c78e275c223da7403809eb.jpg|/media/catalog-pinned/e98c648e96a0762720d5b4fb2ce5fc462c39dd7d328595f717d420d9590db14d.webp|/media/catalog-pinned/0a5b251f77a2a89593e7947fedd3f5ad2fe7a5b1d8a8661af7cc014b2ca4c005.jpg|/media/catalog-pinned/0928491c3d488f3b8e410e4e2eab5d0dadf715c4b9b85c25391290d837d18140.jpg","TRUE","Заснеженная ель с густой кроной. Относится к категории комбинированных — приствольное пространство выполнено из ПВХ, все внешние веточки литые"
"7","Афина","Заснеженная с освещением","155","22800","116","639","32572","-30","/media/catalog-pinned/d7276f31595871aac4b5191b639e4a2aa9dda45c1c53640770010115765f84de.jpg|/media/catalog-pinned/caaa2188d03df517de6976d6456bf136f3ea26b5ea38f3b4e4d481b72c0b7575.jpg|/media/catalog-pinned/5b61bf86ccb9d3501d8605b5ad446e7eea5d17711c7976c445db96888893d73e.jpg","TRUE","Заснеженная ель с густой кроной. Относится к категории комбинированных — приствольное пространство выполнено из ПВХ, все внешние веточки литые. Дополнена встроенной гирляндой теплого свечения, без режимов мигания"
"7","Афина","Заснеженная с освещением","185","31900","130","927","45572","-30","/media/catalog-pinned/d7276f31595871aac4b5191b639e4a2aa9dda45c1c53640770010115765f84de.jpg|/media/catalog-pinned/caaa2188d03df517de6976d6456bf136f3ea26b5ea38f3b4e4d481b72c0b7575.jpg|/media/catalog-pinned/5b61bf86ccb9d3501d8605b5ad446e7eea5d17711c7976c445db96888893d73e.jpg","TRUE","Заснеженная ель с густой кроной. Относится к категории комбинированных — приствольное пространство выполнено из ПВХ, все внешние веточки литые. Дополнена встроенной гирляндой теплого свечения, без режимов мигания"
"7","Афина","Заснеженная с освещением","215","41000","148","1367","58572","-30","/media/catalog-pinned/d7276f31595871aac4b5191b639e4a2aa9dda45c1c53640770010115765f84de.jpg|/media/catalog-pinned/caaa2188d03df517de6976d6456bf136f3ea26b5ea38f3b4e4d481b72c0b7575.jpg|/media/catalog-pinned/5b61bf86ccb9d3501d8605b5ad446e7eea5d17711c7976c445db96888893d73e.jpg","TRUE","Заснеженная ель с густой кроной. Относится к категории комбинированных — приствольное пространство выполнено из ПВХ, все внешние веточки литые. Дополнена встроенной гирляндой теплого свечения, без режимов мигания"
"7","Афина","Заснеженная с освещением","230","46000","154","1599","65715","-30","/media/catalog-pinned/d7276f31595871aac4b5191b639e4a2aa9dda45c1c53640770010115765f84de.jpg|/media/catalog-pinned/caaa2188d03df517de6976d6456bf136f3ea26b5ea38f3b4e4d481b72c0b7575.jpg|/media/catalog-pinned/5b61bf86ccb9d3501d8605b5ad446e7eea5d17711c7976c445db96888893d73e.jpg","TRUE","Заснеженная ель с густой кроной. Относится к категории комбинированных — приствольное пространство выполнено из ПВХ, все внешние веточки литые. Дополнена встроенной гирляндой теплого свечения, без режимов мигания"
"7","Афина","Заснеженная с освещением","250","53000","160","1895","75715","-30","/media/catalog-pinned/d7276f31595871aac4b5191b639e4a2aa9dda45c1c53640770010115765f84de.jpg|/media/catalog-pinned/caaa2188d03df517de6976d6456bf136f3ea26b5ea38f3b4e4d481b72c0b7575.jpg|/media/catalog-pinned/5b61bf86ccb9d3501d8605b5ad446e7eea5d17711c7976c445db96888893d73e.jpg","TRUE","Заснеженная ель с густой кроной. Относится к категории комбинированных — приствольное пространство выполнено из ПВХ, все внешние веточки литые. Дополнена встроенной гирляндой теплого свечения, без режимов мигания"
"7","Афина","Заснеженная с освещением","270","64000","168","2511","91429","-30","/media/catalog-pinned/d7276f31595871aac4b5191b639e4a2aa9dda45c1c53640770010115765f84de.jpg|/media/catalog-pinned/caaa2188d03df517de6976d6456bf136f3ea26b5ea38f3b4e4d481b72c0b7575.jpg|/media/catalog-pinned/5b61bf86ccb9d3501d8605b5ad446e7eea5d17711c7976c445db96888893d73e.jpg","TRUE","Заснеженная ель с густой кроной. Относится к категории комбинированных — приствольное пространство выполнено из ПВХ, все внешние веточки литые. Дополнена встроенной гирляндой теплого свечения, без режимов мигания"
"7","Афина","Заснеженная с освещением","300","82000","182","2941","117143","-30","/media/catalog-pinned/d7276f31595871aac4b5191b639e4a2aa9dda45c1c53640770010115765f84de.jpg|/media/catalog-pinned/caaa2188d03df517de6976d6456bf136f3ea26b5ea38f3b4e4d481b72c0b7575.jpg|/media/catalog-pinned/5b61bf86ccb9d3501d8605b5ad446e7eea5d17711c7976c445db96888893d73e.jpg","TRUE","Заснеженная ель с густой кроной. Относится к категории комбинированных — приствольное пространство выполнено из ПВХ, все внешние веточки литые. Дополнена встроенной гирляндой теплого свечения, без режимов мигания"
"8","Камелия","Зелёная","150","20800","116","644","29715","-30","/media/catalog-pinned/7fa0b220c5091bc21786e2c5fb990974d9d7309a0e799ccdbdf7bcda41c0a2e5.webp|/media/catalog-pinned/0fc0db391cd7e5ce5a57658ba0249d00c3326c9c5074700c89f132c2dc9af7a5.jpg|/media/catalog-pinned/432734eb35db2d89342d79c4594be88e18fd771d026ead44d6bcffc9d2248128.webp|/media/catalog-pinned/3149b889dd07fc2f1e72478f635118bf5c702f7c50058fe494d39d3312745d73.webp|/media/catalog-pinned/6eca87be1cc273e6a2473798502be348250446e2c9a6bc9498ef625de9dea706.jpg|/media/catalog-pinned/7cce0d47fa9d6a98e2b10e02b13d99ead770fb2fa8a27037c86afa95b343e865.jpg|/media/catalog-pinned/b1ef3b9148cc2d339db4022e0c08add0d4c285c81110f0feda16dfc9efb24ac2.webp|/media/catalog-pinned/9352d2aad015ccfd764110ff59cb122ac5e0e65c93171618653e7d2834480e33.jpg|/media/catalog-pinned/31a638c0ac37ed5694e2ee3a113c8ad327b7edba894879f84625d6f1b0337bb6.jpg","TRUE","Главной особенностью Камелии являются длинные иголки. Елка смотрится потрясающе, благодаря традиционному треугольному силуэту и объемной, пышной кроне. Имеет неширокий диаметр нижних веточек и темно-зеленую хвою"
"8","Камелия","Зелёная","185","25700","130","932","36715","-30","/media/catalog-pinned/7fa0b220c5091bc21786e2c5fb990974d9d7309a0e799ccdbdf7bcda41c0a2e5.webp|/media/catalog-pinned/0fc0db391cd7e5ce5a57658ba0249d00c3326c9c5074700c89f132c2dc9af7a5.jpg|/media/catalog-pinned/432734eb35db2d89342d79c4594be88e18fd771d026ead44d6bcffc9d2248128.webp|/media/catalog-pinned/3149b889dd07fc2f1e72478f635118bf5c702f7c50058fe494d39d3312745d73.webp|/media/catalog-pinned/6eca87be1cc273e6a2473798502be348250446e2c9a6bc9498ef625de9dea706.jpg|/media/catalog-pinned/7cce0d47fa9d6a98e2b10e02b13d99ead770fb2fa8a27037c86afa95b343e865.jpg|/media/catalog-pinned/b1ef3b9148cc2d339db4022e0c08add0d4c285c81110f0feda16dfc9efb24ac2.webp|/media/catalog-pinned/9352d2aad015ccfd764110ff59cb122ac5e0e65c93171618653e7d2834480e33.jpg|/media/catalog-pinned/31a638c0ac37ed5694e2ee3a113c8ad327b7edba894879f84625d6f1b0337bb6.jpg","TRUE","Главной особенностью Камелии являются длинные иголки. Елка смотрится потрясающе, благодаря традиционному треугольному силуэту и объемной, пышной кроне. Имеет неширокий диаметр нижних веточек и темно-зеленую хвою"
"8","Камелия","Зелёная","215","36700","148","1388","52429","-30","/media/catalog-pinned/7fa0b220c5091bc21786e2c5fb990974d9d7309a0e799ccdbdf7bcda41c0a2e5.webp|/media/catalog-pinned/0fc0db391cd7e5ce5a57658ba0249d00c3326c9c5074700c89f132c2dc9af7a5.jpg|/media/catalog-pinned/432734eb35db2d89342d79c4594be88e18fd771d026ead44d6bcffc9d2248128.webp|/media/catalog-pinned/3149b889dd07fc2f1e72478f635118bf5c702f7c50058fe494d39d3312745d73.webp|/media/catalog-pinned/6eca87be1cc273e6a2473798502be348250446e2c9a6bc9498ef625de9dea706.jpg|/media/catalog-pinned/7cce0d47fa9d6a98e2b10e02b13d99ead770fb2fa8a27037c86afa95b343e865.jpg|/media/catalog-pinned/b1ef3b9148cc2d339db4022e0c08add0d4c285c81110f0feda16dfc9efb24ac2.webp|/media/catalog-pinned/9352d2aad015ccfd764110ff59cb122ac5e0e65c93171618653e7d2834480e33.jpg|/media/catalog-pinned/31a638c0ac37ed5694e2ee3a113c8ad327b7edba894879f84625d6f1b0337bb6.jpg","TRUE","Главной особенностью Камелии являются длинные иголки. Елка смотрится потрясающе, благодаря традиционному треугольному силуэту и объемной, пышной кроне. Имеет неширокий диаметр нижних веточек и темно-зеленую хвою"
"8","Камелия","Зелёная","230","42800","154","1628","61143","-30","/media/catalog-pinned/7fa0b220c5091bc21786e2c5fb990974d9d7309a0e799ccdbdf7bcda41c0a2e5.webp|/media/catalog-pinned/0fc0db391cd7e5ce5a57658ba0249d00c3326c9c5074700c89f132c2dc9af7a5.jpg|/media/catalog-pinned/432734eb35db2d89342d79c4594be88e18fd771d026ead44d6bcffc9d2248128.webp|/media/catalog-pinned/3149b889dd07fc2f1e72478f635118bf5c702f7c50058fe494d39d3312745d73.webp|/media/catalog-pinned/6eca87be1cc273e6a2473798502be348250446e2c9a6bc9498ef625de9dea706.jpg|/media/catalog-pinned/7cce0d47fa9d6a98e2b10e02b13d99ead770fb2fa8a27037c86afa95b343e865.jpg|/media/catalog-pinned/b1ef3b9148cc2d339db4022e0c08add0d4c285c81110f0feda16dfc9efb24ac2.webp|/media/catalog-pinned/9352d2aad015ccfd764110ff59cb122ac5e0e65c93171618653e7d2834480e33.jpg|/media/catalog-pinned/31a638c0ac37ed5694e2ee3a113c8ad327b7edba894879f84625d6f1b0337bb6.jpg","TRUE","Главной особенностью Камелии являются длинные иголки. Елка смотрится потрясающе, благодаря традиционному треугольному силуэту и объемной, пышной кроне. Имеет неширокий диаметр нижних веточек и темно-зеленую хвою"
"8","Камелия","Зелёная","250","54900","160","1916","78429","-30","/media/catalog-pinned/7fa0b220c5091bc21786e2c5fb990974d9d7309a0e799ccdbdf7bcda41c0a2e5.webp|/media/catalog-pinned/0fc0db391cd7e5ce5a57658ba0249d00c3326c9c5074700c89f132c2dc9af7a5.jpg|/media/catalog-pinned/432734eb35db2d89342d79c4594be88e18fd771d026ead44d6bcffc9d2248128.webp|/media/catalog-pinned/3149b889dd07fc2f1e72478f635118bf5c702f7c50058fe494d39d3312745d73.webp|/media/catalog-pinned/6eca87be1cc273e6a2473798502be348250446e2c9a6bc9498ef625de9dea706.jpg|/media/catalog-pinned/7cce0d47fa9d6a98e2b10e02b13d99ead770fb2fa8a27037c86afa95b343e865.jpg|/media/catalog-pinned/b1ef3b9148cc2d339db4022e0c08add0d4c285c81110f0feda16dfc9efb24ac2.webp|/media/catalog-pinned/9352d2aad015ccfd764110ff59cb122ac5e0e65c93171618653e7d2834480e33.jpg|/media/catalog-pinned/31a638c0ac37ed5694e2ee3a113c8ad327b7edba894879f84625d6f1b0337bb6.jpg","TRUE","Главной особенностью Камелии являются длинные иголки. Елка смотрится потрясающе, благодаря традиционному треугольному силуэту и объемной, пышной кроне. Имеет неширокий диаметр нижних веточек и темно-зеленую хвою"
"8","Камелия","Зелёная","270","62900","168","2516","89858","-30","/media/catalog-pinned/7fa0b220c5091bc21786e2c5fb990974d9d7309a0e799ccdbdf7bcda41c0a2e5.webp|/media/catalog-pinned/0fc0db391cd7e5ce5a57658ba0249d00c3326c9c5074700c89f132c2dc9af7a5.jpg|/media/catalog-pinned/432734eb35db2d89342d79c4594be88e18fd771d026ead44d6bcffc9d2248128.webp|/media/catalog-pinned/3149b889dd07fc2f1e72478f635118bf5c702f7c50058fe494d39d3312745d73.webp|/media/catalog-pinned/6eca87be1cc273e6a2473798502be348250446e2c9a6bc9498ef625de9dea706.jpg|/media/catalog-pinned/7cce0d47fa9d6a98e2b10e02b13d99ead770fb2fa8a27037c86afa95b343e865.jpg|/media/catalog-pinned/b1ef3b9148cc2d339db4022e0c08add0d4c285c81110f0feda16dfc9efb24ac2.webp|/media/catalog-pinned/9352d2aad015ccfd764110ff59cb122ac5e0e65c93171618653e7d2834480e33.jpg|/media/catalog-pinned/31a638c0ac37ed5694e2ee3a113c8ad327b7edba894879f84625d6f1b0337bb6.jpg","TRUE","Главной особенностью Камелии являются длинные иголки. Елка смотрится потрясающе, благодаря традиционному треугольному силуэту и объемной, пышной кроне. Имеет неширокий диаметр нижних веточек и темно-зеленую хвою"
"8","Камелия","Зелёная","300","73000","182","3140","104286","-30","/media/catalog-pinned/7fa0b220c5091bc21786e2c5fb990974d9d7309a0e799ccdbdf7bcda41c0a2e5.webp|/media/catalog-pinned/0fc0db391cd7e5ce5a57658ba0249d00c3326c9c5074700c89f132c2dc9af7a5.jpg|/media/catalog-pinned/432734eb35db2d89342d79c4594be88e18fd771d026ead44d6bcffc9d2248128.webp|/media/catalog-pinned/3149b889dd07fc2f1e72478f635118bf5c702f7c50058fe494d39d3312745d73.webp|/media/catalog-pinned/6eca87be1cc273e6a2473798502be348250446e2c9a6bc9498ef625de9dea706.jpg|/media/catalog-pinned/7cce0d47fa9d6a98e2b10e02b13d99ead770fb2fa8a27037c86afa95b343e865.jpg|/media/catalog-pinned/b1ef3b9148cc2d339db4022e0c08add0d4c285c81110f0feda16dfc9efb24ac2.webp|/media/catalog-pinned/9352d2aad015ccfd764110ff59cb122ac5e0e65c93171618653e7d2834480e33.jpg|/media/catalog-pinned/31a638c0ac37ed5694e2ee3a113c8ad327b7edba894879f84625d6f1b0337bb6.jpg","TRUE","Главной особенностью Камелии являются длинные иголки. Елка смотрится потрясающе, благодаря традиционному треугольному силуэту и объемной, пышной кроне. Имеет неширокий диаметр нижних веточек и темно-зеленую хвою"
"9","Берта","Зелёная","180","28000","154","943","40000","-30","/media/catalog-pinned/17de51239b5692dcc82f38fb07778c950c188be09e26934e06fabfdcb884214d.webp|/media/catalog-pinned/8d858f1d737323808442c6b9a2dd7a867fb17b5876bfded01718649e7b3b7bb2.jpg|/media/catalog-pinned/31dcfd8283787118520c3c3c7888f88e694952f0416a9cf3fcd2a6e87a80b9da.webp|/media/catalog-pinned/df82e9463b0c5f0729461da8725417210d10dddae72ccddbcf558f494d277913.webp|/media/catalog-pinned/8eea2492812c7ec55cb9c7fa18a155a0d1db60dcc51ed3a3b03e3cc7ba92f134.webp|/media/catalog-pinned/f91d4a25dc6874a5dffe9588149faae7acbd231afcbbc9e677db1af7f32e1d43.webp|/media/catalog-pinned/b8f39a90762e57810d2a958b0142065f7d40c9c6887186ced154fbfd242d3073.jpg|/media/catalog-pinned/78ccf448a6ad65ba34cfc433309e29e21ab32cf5c1bcd8d86c1a69aeb34af755.jpg|/media/catalog-pinned/9352d2aad015ccfd764110ff59cb122ac5e0e65c93171618653e7d2834480e33.jpg|/media/catalog-pinned/31a638c0ac37ed5694e2ee3a113c8ad327b7edba894879f84625d6f1b0337bb6.jpg","TRUE","Одна из самых широких моделей. Обладает реалистичным внешним видом, благодаря точной передаче структуры хвои и ветвей"
"9","Берта","Зелёная","210","38000","166","1255","54286","-30","/media/catalog-pinned/17de51239b5692dcc82f38fb07778c950c188be09e26934e06fabfdcb884214d.webp|/media/catalog-pinned/8d858f1d737323808442c6b9a2dd7a867fb17b5876bfded01718649e7b3b7bb2.jpg|/media/catalog-pinned/31dcfd8283787118520c3c3c7888f88e694952f0416a9cf3fcd2a6e87a80b9da.webp|/media/catalog-pinned/df82e9463b0c5f0729461da8725417210d10dddae72ccddbcf558f494d277913.webp|/media/catalog-pinned/8eea2492812c7ec55cb9c7fa18a155a0d1db60dcc51ed3a3b03e3cc7ba92f134.webp|/media/catalog-pinned/f91d4a25dc6874a5dffe9588149faae7acbd231afcbbc9e677db1af7f32e1d43.webp|/media/catalog-pinned/b8f39a90762e57810d2a958b0142065f7d40c9c6887186ced154fbfd242d3073.jpg|/media/catalog-pinned/78ccf448a6ad65ba34cfc433309e29e21ab32cf5c1bcd8d86c1a69aeb34af755.jpg|/media/catalog-pinned/9352d2aad015ccfd764110ff59cb122ac5e0e65c93171618653e7d2834480e33.jpg|/media/catalog-pinned/31a638c0ac37ed5694e2ee3a113c8ad327b7edba894879f84625d6f1b0337bb6.jpg","TRUE","Одна из самых широких моделей. Обладает реалистичным внешним видом, благодаря точной передаче структуры хвои и ветвей"
"9","Берта","Зелёная","230","49000","184","1603","70000","-30","/media/catalog-pinned/17de51239b5692dcc82f38fb07778c950c188be09e26934e06fabfdcb884214d.webp|/media/catalog-pinned/8d858f1d737323808442c6b9a2dd7a867fb17b5876bfded01718649e7b3b7bb2.jpg|/media/catalog-pinned/31dcfd8283787118520c3c3c7888f88e694952f0416a9cf3fcd2a6e87a80b9da.webp|/media/catalog-pinned/df82e9463b0c5f0729461da8725417210d10dddae72ccddbcf558f494d277913.webp|/media/catalog-pinned/8eea2492812c7ec55cb9c7fa18a155a0d1db60dcc51ed3a3b03e3cc7ba92f134.webp|/media/catalog-pinned/f91d4a25dc6874a5dffe9588149faae7acbd231afcbbc9e677db1af7f32e1d43.webp|/media/catalog-pinned/b8f39a90762e57810d2a958b0142065f7d40c9c6887186ced154fbfd242d3073.jpg|/media/catalog-pinned/78ccf448a6ad65ba34cfc433309e29e21ab32cf5c1bcd8d86c1a69aeb34af755.jpg|/media/catalog-pinned/9352d2aad015ccfd764110ff59cb122ac5e0e65c93171618653e7d2834480e33.jpg|/media/catalog-pinned/31a638c0ac37ed5694e2ee3a113c8ad327b7edba894879f84625d6f1b0337bb6.jpg","TRUE","Одна из самых широких моделей. Обладает реалистичным внешним видом, благодаря точной передаче структуры хвои и ветвей"
"9","Берта","Зелёная","250","61000","196","2051","87143","-30","/media/catalog-pinned/17de51239b5692dcc82f38fb07778c950c188be09e26934e06fabfdcb884214d.webp|/media/catalog-pinned/8d858f1d737323808442c6b9a2dd7a867fb17b5876bfded01718649e7b3b7bb2.jpg|/media/catalog-pinned/31dcfd8283787118520c3c3c7888f88e694952f0416a9cf3fcd2a6e87a80b9da.webp|/media/catalog-pinned/df82e9463b0c5f0729461da8725417210d10dddae72ccddbcf558f494d277913.webp|/media/catalog-pinned/8eea2492812c7ec55cb9c7fa18a155a0d1db60dcc51ed3a3b03e3cc7ba92f134.webp|/media/catalog-pinned/f91d4a25dc6874a5dffe9588149faae7acbd231afcbbc9e677db1af7f32e1d43.webp|/media/catalog-pinned/b8f39a90762e57810d2a958b0142065f7d40c9c6887186ced154fbfd242d3073.jpg|/media/catalog-pinned/78ccf448a6ad65ba34cfc433309e29e21ab32cf5c1bcd8d86c1a69aeb34af755.jpg|/media/catalog-pinned/9352d2aad015ccfd764110ff59cb122ac5e0e65c93171618653e7d2834480e33.jpg|/media/catalog-pinned/31a638c0ac37ed5694e2ee3a113c8ad327b7edba894879f84625d6f1b0337bb6.jpg","TRUE","Одна из самых широких моделей. Обладает реалистичным внешним видом, благодаря точной передаче структуры хвои и ветвей"
"9","Берта","Зелёная","270","77000","208","2707","110000","-30","/media/catalog-pinned/17de51239b5692dcc82f38fb07778c950c188be09e26934e06fabfdcb884214d.webp|/media/catalog-pinned/8d858f1d737323808442c6b9a2dd7a867fb17b5876bfded01718649e7b3b7bb2.jpg|/media/catalog-pinned/31dcfd8283787118520c3c3c7888f88e694952f0416a9cf3fcd2a6e87a80b9da.webp|/media/catalog-pinned/df82e9463b0c5f0729461da8725417210d10dddae72ccddbcf558f494d277913.webp|/media/catalog-pinned/8eea2492812c7ec55cb9c7fa18a155a0d1db60dcc51ed3a3b03e3cc7ba92f134.webp|/media/catalog-pinned/f91d4a25dc6874a5dffe9588149faae7acbd231afcbbc9e677db1af7f32e1d43.webp|/media/catalog-pinned/b8f39a90762e57810d2a958b0142065f7d40c9c6887186ced154fbfd242d3073.jpg|/media/catalog-pinned/78ccf448a6ad65ba34cfc433309e29e21ab32cf5c1bcd8d86c1a69aeb34af755.jpg|/media/catalog-pinned/9352d2aad015ccfd764110ff59cb122ac5e0e65c93171618653e7d2834480e33.jpg|/media/catalog-pinned/31a638c0ac37ed5694e2ee3a113c8ad327b7edba894879f84625d6f1b0337bb6.jpg","TRUE","Одна из самых широких моделей. Обладает реалистичным внешним видом, благодаря точной передаче структуры хвои и ветвей"
"9","Берта","Зелёная","300","92000","220","3235","131429","-30","/media/catalog-pinned/17de51239b5692dcc82f38fb07778c950c188be09e26934e06fabfdcb884214d.webp|/media/catalog-pinned/8d858f1d737323808442c6b9a2dd7a867fb17b5876bfded01718649e7b3b7bb2.jpg|/media/catalog-pinned/31dcfd8283787118520c3c3c7888f88e694952f0416a9cf3fcd2a6e87a80b9da.webp|/media/catalog-pinned/df82e9463b0c5f0729461da8725417210d10dddae72ccddbcf558f494d277913.webp|/media/catalog-pinned/8eea2492812c7ec55cb9c7fa18a155a0d1db60dcc51ed3a3b03e3cc7ba92f134.webp|/media/catalog-pinned/f91d4a25dc6874a5dffe9588149faae7acbd231afcbbc9e677db1af7f32e1d43.webp|/media/catalog-pinned/b8f39a90762e57810d2a958b0142065f7d40c9c6887186ced154fbfd242d3073.jpg|/media/catalog-pinned/78ccf448a6ad65ba34cfc433309e29e21ab32cf5c1bcd8d86c1a69aeb34af755.jpg|/media/catalog-pinned/9352d2aad015ccfd764110ff59cb122ac5e0e65c93171618653e7d2834480e33.jpg|/media/catalog-pinned/31a638c0ac37ed5694e2ee3a113c8ad327b7edba894879f84625d6f1b0337bb6.jpg","TRUE","Одна из самых широких моделей. Обладает реалистичным внешним видом, благодаря точной передаче структуры хвои и ветвей"
"37","Николь","Туя","110","9000","0","0","12858","-30","/media/catalog-pinned/c287731909a3e39cc598dc95e0ca969cf00b3ed02bab9a7225fe1440e7227991.jpg|/media/catalog-pinned/c3c77d2f96c644fbd216e9af144b34fb57f401a81d54cb2999f7181bee7bebdd.jpg|/media/catalog-pinned/f7f27ce41416142e9b4d858925a10b2673b7340df54048237d3cb6b5e69d01d0.jpg","TRUE","Это изящное и утонченное деревце объединяет в себе изысканный облик и практичность. Искусственная ёлка изготовлена исключительно из премиальных материалов, обеспечивая её безупречную схожесть с натуральной лесной обитательницей. Важнейшее достоинство изделия заключается в его износостойкости и лёгкости монтажа/сборки, позволяя наслаждаться праздничной атмосферой долгие годы. Сделайте заказ незамедлительно и наполните своё жилище сказочной магией прямо сейчас!"
"37","Николь","Туя","150","13000","0","0","18572","-30","/media/catalog-pinned/c287731909a3e39cc598dc95e0ca969cf00b3ed02bab9a7225fe1440e7227991.jpg|/media/catalog-pinned/c3c77d2f96c644fbd216e9af144b34fb57f401a81d54cb2999f7181bee7bebdd.jpg|/media/catalog-pinned/f7f27ce41416142e9b4d858925a10b2673b7340df54048237d3cb6b5e69d01d0.jpg","TRUE","Это изящное и утонченное деревце объединяет в себе изысканный облик и практичность. Искусственная ёлка изготовлена исключительно из премиальных материалов, обеспечивая её безупречную схожесть с натуральной лесной обитательницей. Важнейшее достоинство изделия заключается в его износостойкости и лёгкости монтажа/сборки, позволяя наслаждаться праздничной атмосферой долгие годы. Сделайте заказ незамедлительно и наполните своё жилище сказочной магией прямо сейчас!"
"37","Николь","Туя","180","18800","86","0","26858","-30","/media/catalog-pinned/c287731909a3e39cc598dc95e0ca969cf00b3ed02bab9a7225fe1440e7227991.jpg|/media/catalog-pinned/cc0820b9c0b10c2b74406a5186e79ade34d48885c2db6a9cacc620fcb9c024db.webp|/media/catalog-pinned/f7f27ce41416142e9b4d858925a10b2673b7340df54048237d3cb6b5e69d01d0.jpg|/media/catalog-pinned/c3c77d2f96c644fbd216e9af144b34fb57f401a81d54cb2999f7181bee7bebdd.jpg","TRUE","Это изящное и утонченное деревце объединяет в себе изысканный облик и практичность. Искусственная ёлка изготовлена исключительно из премиальных материалов, обеспечивая её безупречную схожесть с натуральной лесной обитательницей. Важнейшее достоинство изделия заключается в его износостойкости и лёгкости монтажа/сборки, позволяя наслаждаться праздничной атмосферой долгие годы. Сделайте заказ незамедлительно и наполните своё жилище сказочной магией прямо сейчас!"
"37","Николь","Туя","210","27000","92","0","38572","-30","/media/catalog-pinned/c287731909a3e39cc598dc95e0ca969cf00b3ed02bab9a7225fe1440e7227991.jpg|/media/catalog-pinned/c3c77d2f96c644fbd216e9af144b34fb57f401a81d54cb2999f7181bee7bebdd.jpg|/media/catalog-pinned/f7f27ce41416142e9b4d858925a10b2673b7340df54048237d3cb6b5e69d01d0.jpg","TRUE","Это изящное и утонченное деревце объединяет в себе изысканный облик и практичность. Искусственная ёлка изготовлена исключительно из премиальных материалов, обеспечивая её безупречную схожесть с натуральной лесной обитательницей. Важнейшее достоинство изделия заключается в его износостойкости и лёгкости монтажа/сборки, позволяя наслаждаться праздничной атмосферой долгие годы. Сделайте заказ незамедлительно и наполните своё жилище сказочной магией прямо сейчас!"
"37","Николь","Туя","240","36000","93","0","51429","-30","/media/catalog-pinned/c287731909a3e39cc598dc95e0ca969cf00b3ed02bab9a7225fe1440e7227991.jpg|/media/catalog-pinned/c3c77d2f96c644fbd216e9af144b34fb57f401a81d54cb2999f7181bee7bebdd.jpg|/media/catalog-pinned/f7f27ce41416142e9b4d858925a10b2673b7340df54048237d3cb6b5e69d01d0.jpg","TRUE","Это изящное и утонченное деревце объединяет в себе изысканный облик и практичность. Искусственная ёлка изготовлена исключительно из премиальных материалов, обеспечивая её безупречную схожесть с натуральной лесной обитательницей. Важнейшее достоинство изделия заключается в его износостойкости и лёгкости монтажа/сборки, позволяя наслаждаться праздничной атмосферой долгие годы. Сделайте заказ незамедлительно и наполните своё жилище сказочной магией прямо сейчас!"